

Microchip MPLAB XC8 Assembler V2.40 build 20220703182018 
                                                                                               Wed Apr 03 09:31:38 2024

Microchip MPLAB XC8 C Compiler v2.40 (Free license) build 20220703182018 Og1 
     1                           	processor	18F46K22
     2                           	fnconf	rparam,??,?,0
     3                           	pagewidth 120
     4                           	opt	flic
     5                           	psect	idataBANK0,global,class=CODE,delta=1,noexec
     6                           	psect	idataBANK1,global,class=CODE,delta=1,noexec
     7                           	psect	smallconst,global,reloc=2,class=SMALLCONST,delta=1,noexec
     8                           	psect	nvCOMRAM,global,class=COMRAM,space=1,delta=1,lowdata,noexec
     9                           	psect	nvBANK1,global,class=BANK1,space=1,delta=1,lowdata,noexec
    10                           	psect	cinit,global,reloc=2,class=CODE,delta=1
    11                           	psect	bssCOMRAM,global,class=COMRAM,space=1,delta=1,lowdata,noexec
    12                           	psect	bssBANK0,global,class=BANK0,space=1,delta=1,lowdata,noexec
    13                           	psect	dataBANK0,global,class=BANK0,space=1,delta=1,lowdata,noexec
    14                           	psect	bssBANK1,global,class=BANK1,space=1,delta=1,lowdata,noexec
    15                           	psect	dataBANK1,global,class=BANK1,space=1,delta=1,lowdata,noexec
    16                           	psect	cstackBANK2,global,class=BANK2,space=1,delta=1,lowdata,noexec
    17                           	psect	cstackBANK0,global,class=BANK0,space=1,delta=1,lowdata,noexec
    18                           	psect	cstackCOMRAM,global,class=COMRAM,space=1,delta=1,lowdata,noexec
    19                           	psect	text0,global,reloc=2,class=CODE,delta=1
    20                           	psect	text1,global,reloc=2,class=CODE,delta=1
    21                           	psect	text2,global,reloc=2,class=CODE,delta=1
    22                           	psect	text3,global,reloc=2,class=CODE,delta=1
    23                           	psect	text4,global,reloc=2,class=CODE,delta=1
    24                           	psect	text5,global,reloc=2,class=CODE,delta=1
    25                           	psect	text6,global,reloc=2,class=CODE,delta=1
    26                           	psect	text7,global,reloc=2,class=CODE,delta=1
    27                           	psect	text8,global,reloc=2,class=CODE,delta=1
    28                           	psect	text9,global,reloc=2,class=CODE,delta=1
    29                           	psect	text10,global,reloc=2,class=CODE,delta=1
    30                           	psect	text11,global,reloc=2,class=CODE,delta=1
    31                           	psect	text12,global,reloc=2,class=CODE,delta=1
    32                           	psect	text13,global,reloc=2,class=CODE,delta=1
    33                           	psect	text14,global,reloc=2,class=CODE,delta=1
    34                           	psect	text15,global,reloc=2,class=CODE,delta=1
    35                           	psect	text16,global,reloc=2,class=CODE,delta=1
    36                           	psect	text17,global,reloc=2,class=CODE,delta=1
    37                           	psect	text18,global,reloc=2,class=CODE,delta=1
    38                           	psect	text19,global,reloc=2,class=CODE,delta=1
    39                           	psect	text20,global,reloc=2,class=CODE,delta=1
    40                           	psect	text21,global,reloc=2,class=CODE,delta=1
    41                           	psect	text22,global,reloc=2,class=CODE,delta=1
    42                           	psect	text23,global,reloc=2,class=CODE,delta=1,group=3
    43                           	psect	text24,global,reloc=2,class=CODE,delta=1,group=3
    44                           	psect	text25,global,reloc=2,class=CODE,delta=1,group=3
    45                           	psect	text26,global,reloc=2,class=CODE,delta=1,group=3
    46                           	psect	text27,global,reloc=2,class=CODE,delta=1,group=3
    47                           	psect	text28,global,reloc=2,class=CODE,delta=1,group=3
    48                           	psect	text29,global,reloc=2,class=CODE,delta=1,group=2
    49                           	psect	text30,global,reloc=2,class=CODE,delta=1
    50                           	psect	text31,global,reloc=2,class=CODE,delta=1
    51                           	psect	text32,global,reloc=2,class=CODE,delta=1
    52                           	psect	text33,global,reloc=2,class=CODE,delta=1,group=3
    53                           	psect	text34,global,reloc=2,class=CODE,delta=1
    54                           	psect	text35,global,reloc=2,class=CODE,delta=1
    55                           	psect	text36,global,reloc=2,class=CODE,delta=1
    56                           	psect	text37,global,reloc=2,class=CODE,delta=1
    57                           	psect	text38,global,reloc=2,class=CODE,delta=1
    58                           	psect	text39,global,reloc=2,class=CODE,delta=1
    59                           	psect	text40,global,reloc=2,class=CODE,delta=1
    60                           	psect	text41,global,reloc=2,class=CODE,delta=1
    61                           	psect	text42,global,reloc=2,class=CODE,delta=1
    62                           	psect	text43,global,reloc=2,class=CODE,delta=1
    63                           	psect	text44,global,reloc=2,class=CODE,delta=1
    64                           	psect	text45,global,reloc=2,class=CODE,delta=1
    65                           	psect	text46,global,reloc=2,class=CODE,delta=1
    66                           	psect	text47,global,reloc=2,class=CODE,delta=1
    67                           	psect	text48,global,reloc=2,class=CODE,delta=1,group=3
    68                           	psect	text49,global,reloc=2,class=CODE,delta=1,group=1
    69                           	psect	text50,global,reloc=2,class=CODE,delta=1,group=1
    70                           	psect	text51,global,reloc=2,class=CODE,delta=1,group=1
    71                           	psect	text52,global,reloc=2,class=CODE,delta=1,group=3
    72                           	psect	text53,global,reloc=2,class=CODE,delta=1,group=1
    73                           	psect	text54,global,reloc=2,class=CODE,delta=1,group=1
    74                           	psect	text55,global,reloc=2,class=CODE,delta=1,group=1
    75                           	psect	text56,global,reloc=2,class=CODE,delta=1,group=3
    76                           	psect	text57,global,reloc=2,class=CODE,delta=1,group=3
    77                           	psect	text58,global,reloc=2,class=CODE,delta=1,group=2
    78                           	psect	text59,global,reloc=2,class=CODE,delta=1,group=2
    79                           	psect	text60,global,reloc=2,class=CODE,delta=1,group=1
    80                           	psect	text61,global,reloc=2,class=CODE,delta=1,group=3
    81                           	psect	text62,global,reloc=2,class=CODE,delta=1
    82                           	psect	text63,global,reloc=2,class=CODE,delta=1
    83                           	psect	text64,global,reloc=2,class=CODE,delta=1,group=3
    84                           	psect	text65,global,reloc=2,class=CODE,delta=1,group=3
    85                           	psect	text66,global,reloc=2,class=CODE,delta=1,group=3
    86                           	psect	text67,global,reloc=2,class=CODE,delta=1
    87                           	psect	text68,global,reloc=2,class=CODE,delta=1,group=2
    88                           	psect	text69,global,reloc=2,class=CODE,delta=1
    89                           	psect	text70,global,reloc=2,class=CODE,delta=1
    90                           	psect	text71,global,reloc=2,class=CODE,delta=1,group=3
    91                           	psect	text72,global,reloc=2,class=CODE,delta=1
    92                           	psect	text73,global,reloc=2,class=CODE,delta=1
    93                           	psect	text74,global,reloc=2,class=CODE,delta=1
    94                           	psect	text75,global,reloc=2,class=CODE,delta=1
    95                           	psect	text76,global,reloc=2,class=CODE,delta=1
    96                           	psect	text77,global,reloc=2,class=CODE,delta=1
    97                           	psect	text78,global,reloc=2,class=CODE,delta=1
    98                           	psect	text79,global,reloc=2,class=CODE,delta=1,inline
    99                           	psect	text80,global,reloc=2,class=CODE,delta=1,inline
   100                           	psect	text81,global,reloc=2,class=CODE,delta=1,inline
   101                           	psect	text82,global,reloc=2,class=CODE,delta=1,inline
   102                           	psect	text83,global,reloc=2,class=CODE,delta=1,inline
   103                           	psect	text84,global,reloc=2,class=CODE,delta=1,inline
   104                           	psect	text85,global,reloc=2,class=CODE,delta=1,inline
   105                           	psect	text86,global,reloc=2,class=CODE,delta=1
   106                           	psect	text87,global,reloc=2,class=CODE,delta=1
   107                           	psect	text88,global,reloc=2,class=CODE,delta=1,inline
   108                           	psect	text89,global,reloc=2,class=CODE,delta=1,inline
   109                           	psect	text90,global,reloc=2,class=CODE,delta=1,inline
   110                           	psect	text91,global,reloc=2,class=CODE,delta=1,inline
   111                           	psect	intcode,global,reloc=2,class=CODE,delta=1
   112                           	psect	text93,global,reloc=2,class=CODE,delta=1
   113                           	psect	text94,global,reloc=2,class=CODE,delta=1
   114                           	psect	text95,global,reloc=2,class=CODE,delta=1
   115                           	psect	text96,global,reloc=2,class=CODE,delta=1
   116                           	psect	text97,global,reloc=2,class=CODE,delta=1
   117                           	psect	text98,global,reloc=2,class=CODE,delta=1
   118                           	psect	text99,global,reloc=2,class=CODE,delta=1
   119                           	psect	text100,global,reloc=2,class=CODE,delta=1
   120                           	psect	text101,global,reloc=2,class=CODE,delta=1
   121                           	psect	text102,global,reloc=2,class=CODE,delta=1
   122                           	psect	text103,global,reloc=2,class=CODE,delta=1
   123                           	psect	text104,global,reloc=2,class=CODE,delta=1
   124                           	psect	text105,global,reloc=2,class=CODE,delta=1
   125                           	psect	text106,global,reloc=2,class=CODE,delta=1
   126                           	psect	text107,global,reloc=2,class=CODE,delta=1
   127                           	psect	text108,global,reloc=2,class=CODE,delta=1
   128                           	psect	text109,global,reloc=2,class=CODE,delta=1
   129                           	psect	text110,global,reloc=2,class=CODE,delta=1
   130                           	psect	text111,global,reloc=2,class=CODE,delta=1
   131                           	psect	text112,global,reloc=2,class=CODE,delta=1
   132                           	psect	text113,global,reloc=2,class=CODE,delta=1
   133                           	psect	text114,global,reloc=2,class=CODE,delta=1
   134                           	psect	text115,global,reloc=2,class=CODE,delta=1
   135                           	psect	text116,global,reloc=2,class=CODE,delta=1
   136                           	psect	text117,global,reloc=2,class=CODE,delta=1
   137                           	psect	text118,global,reloc=2,class=CODE,delta=1
   138                           	psect	intsave_regs,global,class=BIGRAM,space=1,delta=1,noexec
   139                           	psect	text119,global,reloc=2,class=CODE,delta=1
   140                           	psect	rparam,global,class=COMRAM,space=1,delta=1,noexec
   141                           	psect	temp,global,ovrld,common,class=COMRAM,space=1,delta=1
   142                           	psect	idloc,global,abs,ovrld,class=IDLOC,space=5,delta=1,noexec
   143                           	psect	config,global,abs,ovrld,class=CONFIG,space=4,delta=1,noexec
   144   000000                     
   145                           ; Generated 06/04/2022 GMT
   146                           ; 
   147                           ; Copyright © 2022, Microchip Technology Inc. and its subsidiaries ("Microchip")
   148                           ; All rights reserved.
   149                           ; 
   150                           ; This software is developed by Microchip Technology Inc. and its subsidiaries ("Microch
      +                          ip").
   151                           ; 
   152                           ; Redistribution and use in source and binary forms, with or without modification, are
   153                           ; permitted provided that the following conditions are met:
   154                           ; 
   155                           ;     1. Redistributions of source code must retain the above copyright notice, this lis
      +                          t of
   156                           ;        conditions and the following disclaimer.
   157                           ; 
   158                           ;     2. Redistributions in binary form must reproduce the above copyright notice, this 
      +                          list
   159                           ;        of conditions and the following disclaimer in the documentation and/or other
   160                           ;        materials provided with the distribution. Publication is not required when
   161                           ;        this file is used in an embedded application.
   162                           ; 
   163                           ;     3. Microchip's name may not be used to endorse or promote products derived from th
      +                          is
   164                           ;        software without specific prior written permission.
   165                           ; 
   166                           ; THIS SOFTWARE IS PROVIDED BY MICROCHIP "AS IS" AND ANY EXPRESS OR IMPLIED WARRANTIES,
   167                           ; INCLUDING, BUT NOT LIMITED TO, THE IMPLIED WARRANTIES OF MERCHANTABILITY AND FITNESS F
      +                          OR
   168                           ; PURPOSE ARE DISCLAIMED.  IN NO EVENT SHALL MICROCHIP BE LIABLE FOR ANY DIRECT, INDIREC
      +                          T,
   169                           ; INCIDENTAL, SPECIAL, EXEMPLARY, OR CONSEQUENTIAL DAMAGES (INCLUDING BUT NOT LIMITED TO
   170                           ; PROCUREMENT OF SUBSTITUTE GOODS OR SERVICES; LOSS OF USE, DATA OR PROFITS; OR BUSINESS
   171                           ; INTERRUPTION) HOWSOEVER CAUSED AND ON ANY THEORY OF LIABILITY, WHETHER IN CONTRACT, ST
      +                          RICT
   172                           ; LIABILITY, OR TORT (INCLUDING NEGLIGENCE OR OTHERWISE) ARISING IN ANY WAY OUT OF THE U
      +                          SE OF
   173                           ; THIS SOFTWARE, EVEN IF ADVISED OF THE POSSIBILITY OF SUCH DAMAGE.
   174                           ; 
   175                           ; 
   176                           ; Code-generator required, PIC18F46K22 Definitions
   177                           ; 
   178                           ; SFR Addresses
   179   000000                     
   180                           	psect	idataBANK0
   181   0041BA                     __pidataBANK0:
   182                           	callstack 0
   183                           
   184                           ;initializer for _prev_destination
   185   0041BA  01                 	db	1
   186                           
   187                           	psect	idataBANK1
   188   00404A                     __pidataBANK1:
   189                           	callstack 0
   190                           
   191                           ;initializer for _function_table
   192   00404A  1E                 	db	low _Idle
   193   00404B  40                 	db	high _Idle
   194   00404C  9E                 	db	low _ReceivedFrameChecksum
   195   00404D  2D                 	db	high _ReceivedFrameChecksum
   196   00404E  DC                 	db	low _Destination_Check
   197   00404F  37                 	db	high _Destination_Check
   198   004050  5E                 	db	low _Parse
   199   004051  35                 	db	high _Parse
   200   004052  6A                 	db	low _Decode
   201   004053  2B                 	db	high _Decode
   202   004054  E4                 	db	low _Execute
   203   004055  19                 	db	high _Execute
   204                           
   205                           ;initializer for stoa@F1157
   206   004056  28                 	db	40
   207   004057  6E                 	db	110
   208   004058  75                 	db	117
   209   004059  6C                 	db	108
   210   00405A  6C                 	db	108
   211   00405B  29                 	db	41
   212   00405C  00                 	db	0
   213                           
   214                           ;initializer for _ADC_result0
   215   00405D  0FFF               	dw	4095
   216                           
   217                           	psect	smallconst
   218   001000                     __psmallconst:
   219                           	callstack 0
   220   001000  00                 	db	0
   221   001001  0001               	dw	1
   222   001003                     __end_of__2xVREF:
   223                           	callstack 0
   224   001003  0000               	dw	0
   225   001005                     __end_of__VREF:
   226                           	callstack 0
   227   000000                     _T3CON	set	4017
   228   000000                     _TMR3L	set	4018
   229   000000                     _TMR3H	set	4019
   230   000000                     _T3GCON	set	4020
   231   000000                     _T1CON	set	4045
   232   000000                     _TMR1L	set	4046
   233   000000                     _TMR1H	set	4047
   234   000000                     _TMR0L	set	4054
   235   000000                     _TMR0H	set	4055
   236   000000                     _ANSELA	set	3896
   237   000000                     _ANSELB	set	3897
   238   000000                     _ANSELC	set	3898
   239   000000                     _ANSELD	set	3899
   240   000000                     _TRISD	set	3989
   241   000000                     _TRISC	set	3988
   242   000000                     _TRISB	set	3987
   243   000000                     _LATB	set	3978
   244   000000                     _LATA	set	3977
   245   000000                     _LATCbits	set	3979
   246   000000                     _LATDbits	set	3980
   247   000000                     _TXREG1	set	4013
   248   000000                     _RCREG1	set	4014
   249   000000                     _SPBRGH1	set	4016
   250   000000                     _SPBRG1	set	4015
   251   000000                     _TXSTA1	set	4012
   252   000000                     _PIE1bits	set	3997
   253   000000                     _RCONbits	set	4048
   254   001005                     STR_14:
   255   001005  49                 	db	73	;'I'
   256   001006  6E                 	db	110	;'n'
   257   001007  76                 	db	118	;'v'
   258   001008  61                 	db	97	;'a'
   259   001009  6C                 	db	108	;'l'
   260   00100A  69                 	db	105	;'i'
   261   00100B  64                 	db	100	;'d'
   262   00100C  20                 	db	32
   263   00100D  63                 	db	99	;'c'
   264   00100E  68                 	db	104	;'h'
   265   00100F  61                 	db	97	;'a'
   266   001010  6E                 	db	110	;'n'
   267   001011  6E                 	db	110	;'n'
   268   001012  65                 	db	101	;'e'
   269   001013  6C                 	db	108	;'l'
   270   001014  2E                 	db	46
   271   001015  20                 	db	32
   272   001016  2F                 	db	47
   273   001017  6E                 	db	110	;'n'
   274   001018  00                 	db	0
   275   001019                     STR_13:
   276   001019  25                 	db	37
   277   00101A  73                 	db	115	;'s'
   278   00101B  25                 	db	37
   279   00101C  63                 	db	99	;'c'
   280   00101D  25                 	db	37
   281   00101E  63                 	db	99	;'c'
   282   00101F  25                 	db	37
   283   001020  63                 	db	99	;'c'
   284   001021  00                 	db	0
   285   001022  00                 	db	0
   286   001023                     STR_1:
   287   001023  24                 	db	36
   288   001024  55                 	db	85	;'U'
   289   001025  25                 	db	37
   290   001026  2E                 	db	46
   291   001027  32                 	db	50	;'2'
   292   001028  64                 	db	100	;'d'
   293   001029  25                 	db	37
   294   00102A  63                 	db	99	;'c'
   295   00102B  00                 	db	0
   296   00102C                     STR_3:
   297   00102C  25                 	db	37
   298   00102D  30                 	db	48	;'0'
   299   00102E  2E                 	db	46
   300   00102F  34                 	db	52	;'4'
   301   001030  58                 	db	88	;'X'
   302   001031  00                 	db	0
   303   001032                     STR_12:
   304   001032  25                 	db	37
   305   001033  2E                 	db	46
   306   001034  32                 	db	50	;'2'
   307   001035  58                 	db	88	;'X'
   308   001036  00                 	db	0
   309   001037                     STR_15:
   310   001037  6C                 	db	108	;'l'
   311   001038  6C                 	db	108	;'l'
   312   001039  73                 	db	115	;'s'
   313   00103A  00                 	db	0
   314   00103B                     STR_2:
   315   00103B  4F                 	db	79	;'O'
   316   00103C  4B                 	db	75	;'K'
   317   00103D  00                 	db	0
   318   00103E                     STR_10:
   319   00103E  4E                 	db	78	;'N'
   320   00103F  4F                 	db	79	;'O'
   321   001040  00                 	db	0
   322   001041                     STR_8:
   323   001041  59                 	db	89	;'Y'
   324   001042  53                 	db	83	;'S'
   325   001043  00                 	db	0
   326   001044                     STR_7:
   327   001044  25                 	db	37
   328   001045  73                 	db	115	;'s'
   329   001046  00                 	db	0
   330   001047                     STR_11:
   331   001047  0A                 	db	10
   332   001048  00                 	db	0
   333   001049  00                 	db	0	; dummy byte at the end
   334   000000                     
   335                           	psect	nvCOMRAM
   336   000048                     __pnvCOMRAM:
   337                           	callstack 0
   338   000048                     _timer0ReloadVal:
   339                           	callstack 0
   340   000048                     	ds	2
   341                           
   342                           	psect	nvBANK1
   343   0001AE                     __pnvBANK1:
   344                           	callstack 0
   345   0001AE                     _TMR3_InterruptHandler:
   346                           	callstack 0
   347   0001AE                     	ds	2
   348   0001B0                     _timer3ReloadVal:
   349                           	callstack 0
   350   0001B0                     	ds	2
   351   0001B2                     _TMR1_InterruptHandler:
   352                           	callstack 0
   353   0001B2                     	ds	2
   354   0001B4                     _timer1ReloadVal:
   355                           	callstack 0
   356   0001B4                     	ds	2
   357   0001B6                     _TMR0_InterruptHandler:
   358                           	callstack 0
   359   0001B6                     	ds	2
   360   0001B8                     _EUSART1_ErrorHandler:
   361                           	callstack 0
   362   0001B8                     	ds	2
   363   0001BA                     _EUSART1_OverrunErrorHandler:
   364                           	callstack 0
   365   0001BA                     	ds	2
   366   0001BC                     _EUSART1_FramingErrorHandler:
   367                           	callstack 0
   368   0001BC                     	ds	2
   369   0001BE                     _EUSART1_RxDefaultInterruptHandler:
   370                           	callstack 0
   371   0001BE                     	ds	2
   372   000000                     _TMR3	set	4018
   373   000000                     _TMR1	set	4046
   374   000000                     _T3GCONbits	set	4020
   375   000000                     _T3CONbits	set	4017
   376   000000                     _T1GCONbits	set	4044
   377   000000                     _T1CONbits	set	4045
   378   000000                     _SSP2CON2bits	set	3947
   379   000000                     _SSP2STATbits	set	3949
   380   000000                     _SSP2CON1bits	set	3948
   381   000000                     _T0CON	set	4053
   382   000000                     _LATC	set	3979
   383   000000                     _LATD	set	3980
   384   000000                     _RCSTA1bits	set	4011
   385   000000                     _TXSTA1bits	set	4012
   386   000000                     _OSCCON2	set	4050
   387   000000                     _OSCCON	set	4051
   388   000000                     _INTCON2bits	set	4081
   389   000000                     _INTCONbits	set	4082
   390   000000                     _PIE2bits	set	4000
   391   000000                     _PIR1bits	set	3998
   392   000000                     _RCSTA1	set	4011
   393   000000                     _BAUDCON1	set	4024
   394   000000                     _PIR2bits	set	4001
   395   000000                     _T1GCON	set	4044
   396   000000                     _TRISA	set	3986
   397   000000                     _TRISE	set	3990
   398   000000                     _LATE	set	3981
   399   000000                     _OSCTUNE	set	3995
   400   000000                     _WPUB	set	3937
   401   000000                     _ANSELE	set	3900
   402   000000                     _SSP2CON2	set	3947
   403   000000                     _SSP2CON1	set	3948
   404   000000                     _SSP2STAT	set	3949
   405   000000                     _PORTAbits	set	3968
   406   000000                     _T0CONbits	set	4053
   407   000000                     _SSP2BUF	set	3951
   408   000000                     _SSP2ADD	set	3950
   409                           
   410                           ; #config settings
   411                           
   412                           	psect	cinit
   413   00343A                     __pcinit:
   414                           	callstack 0
   415   00343A                     start_initialization:
   416                           	callstack 0
   417   00343A                     __initialization:
   418                           	callstack 0
   419                           
   420                           ; Initialize objects allocated to BANK1 (21 bytes)
   421                           ; load TBLPTR registers with __pidataBANK1
   422   00343A  0E4A               	movlw	low __pidataBANK1
   423   00343C  6EF6               	movwf	tblptrl,c
   424   00343E  0E40               	movlw	high __pidataBANK1
   425   003440  6EF7               	movwf	tblptrh,c
   426   003442  0E00               	movlw	low (__pidataBANK1 shr (0+16))
   427   003444  6EF8               	movwf	tblptru,c
   428   003446  EE01  F099         	lfsr	0,__pdataBANK1
   429   00344A  EE10 F015          	lfsr	1,21
   430   00344E                     copy_data0:
   431   00344E  0009               	tblrd		*+
   432   003450  CFF5 FFEE          	movff	tablat,postinc0
   433   003454  50E5               	movf	postdec1,w,c
   434   003456  50E1               	movf	fsr1l,w,c
   435   003458  E1FA               	bnz	copy_data0
   436                           
   437                           ; Initialize objects allocated to BANK0 (1 bytes)
   438                           ; load TBLPTR registers with __pidataBANK0
   439   00345A  0EBA               	movlw	low __pidataBANK0
   440   00345C  6EF6               	movwf	tblptrl,c
   441   00345E  0E41               	movlw	high __pidataBANK0
   442   003460  6EF7               	movwf	tblptrh,c
   443   003462  0E00               	movlw	low (__pidataBANK0 shr (0+16))
   444   003464  6EF8               	movwf	tblptru,c
   445   003466  0009               	tblrd		*+	;fetch initializer
   446   003468  CFF5 F0CE          	movff	tablat,__pdataBANK0
   447                           
   448                           ; Clear objects allocated to BANK1 (153 bytes)
   449   00346C  EE01  F000         	lfsr	0,__pbssBANK1
   450   003470  0E99               	movlw	153
   451   003472                     clear_0:
   452   003472  6AEE               	clrf	postinc0,c
   453   003474  06E8               	decf	wreg,f,c
   454   003476  E1FD               	bnz	clear_0
   455                           
   456                           ; Clear objects allocated to BANK0 (6 bytes)
   457   003478  0100               	movlb	0
   458   00347A  6BCD               	clrf	(__pbssBANK0+5)& (0+255),b
   459   00347C  6BCC               	clrf	(__pbssBANK0+4)& (0+255),b
   460   00347E  6BCB               	clrf	(__pbssBANK0+3)& (0+255),b
   461   003480  6BCA               	clrf	(__pbssBANK0+2)& (0+255),b
   462   003482  6BC9               	clrf	(__pbssBANK0+1)& (0+255),b
   463   003484  6BC8               	clrf	__pbssBANK0& (0+255),b
   464                           
   465                           ; Clear objects allocated to COMRAM (20 bytes)
   466   003486  EE00  F034         	lfsr	0,__pbssCOMRAM
   467   00348A  0E14               	movlw	20
   468   00348C                     clear_1:
   469   00348C  6AEE               	clrf	postinc0,c
   470   00348E  06E8               	decf	wreg,f,c
   471   003490  E1FD               	bnz	clear_1
   472   003492                     end_of_initialization:
   473                           	callstack 0
   474   003492                     __end_of__initialization:
   475                           	callstack 0
   476   003492  904A               	bcf	int$flags,0,c	;clear compiler interrupt flag (level 1)
   477   003494  924A               	bcf	int$flags,1,c	;clear compiler interrupt flag (level 2)
   478   003496  0100               	movlb	0
   479   003498  EFC4  F017         	goto	_main	;jump to C main() function
   480                           
   481                           	psect	bssCOMRAM
   482   000034                     __pbssCOMRAM:
   483                           	callstack 0
   484   000034                     _width:
   485                           	callstack 0
   486   000034                     	ds	2
   487   000036                     _prec:
   488                           	callstack 0
   489   000036                     	ds	2
   490   000038                     _data:
   491                           	callstack 0
   492   000038                     	ds	2
   493   00003A                     _reg:
   494                           	callstack 0
   495   00003A                     	ds	2
   496   00003C                     _flags:
   497                           	callstack 0
   498   00003C                     	ds	1
   499   00003D                     _hardID:
   500                           	callstack 0
   501   00003D                     	ds	1
   502   00003E                     _frameID:
   503                           	callstack 0
   504   00003E                     	ds	1
   505   00003F                     _command_index:
   506                           	callstack 0
   507   00003F                     	ds	1
   508   000040                     _command:
   509                           	callstack 0
   510   000040                     	ds	1
   511   000041                     _frame_ready_flag:
   512                           	callstack 0
   513   000041                     	ds	1
   514   000042                     _curr_state:
   515                           	callstack 0
   516   000042                     	ds	1
   517   000043                     _destination:
   518                           	callstack 0
   519   000043                     	ds	1
   520   000044                     _frame_state:
   521                           	callstack 0
   522   000044                     	ds	1
   523   000045                     _eusart1RxCount:
   524                           	callstack 0
   525   000045                     	ds	1
   526   000046                     _eusart1RxTail:
   527                           	callstack 0
   528   000046                     	ds	1
   529   000047                     _eusart1RxHead:
   530                           	callstack 0
   531   000047                     	ds	1
   532                           
   533                           	psect	bssBANK0
   534   0000C8                     __pbssBANK0:
   535                           	callstack 0
   536   0000C8                     _init_buffer_flag:
   537                           	callstack 0
   538   0000C8                     	ds	1
   539   0000C9                     _timer0_flag:
   540                           	callstack 0
   541   0000C9                     	ds	1
   542   0000CA                     _broadcast_test_flag:
   543                           	callstack 0
   544   0000CA                     	ds	1
   545   0000CB                     _get_flag:
   546                           	callstack 0
   547   0000CB                     	ds	1
   548   0000CC                     _read_flag:
   549                           	callstack 0
   550   0000CC                     	ds	1
   551   0000CD                     _eusart1RxLastError:
   552                           	callstack 0
   553   0000CD                     	ds	1
   554                           
   555                           	psect	dataBANK0
   556   0000CE                     __pdataBANK0:
   557                           	callstack 0
   558   0000CE                     _prev_destination:
   559                           	callstack 0
   560   0000CE                     	ds	1
   561                           
   562                           	psect	bssBANK1
   563   000100                     __pbssBANK1:
   564                           	callstack 0
   565   000100                     _TrimmedAckFrame:
   566                           	callstack 0
   567   000100                     	ds	20
   568   000114                     _eusart1RxStatusBuffer:
   569                           	callstack 0
   570   000114                     	ds	8
   571   00011C                     _eusart1RxBuffer:
   572                           	callstack 0
   573   00011C                     	ds	8
   574   000124                     _errno:
   575                           	callstack 0
   576   000124                     	ds	2
   577   000126                     _frame_index:
   578                           	callstack 0
   579   000126                     	ds	2
   580   000128                     _add_digit_2:
   581                           	callstack 0
   582   000128                     	ds	2
   583   00012A                     _add_digit_1:
   584                           	callstack 0
   585   00012A                     	ds	2
   586   00012C                     _realAdress:
   587                           	callstack 0
   588   00012C                     	ds	2
   589   00012E                     _frameAddress:
   590                           	callstack 0
   591   00012E                     	ds	2
   592   000130                     _dbuf:
   593                           	callstack 0
   594   000130                     	ds	32
   595   000150                     _TrimmedFrame:
   596                           	callstack 0
   597   000150                     	ds	20
   598   000164                     _fullAckFrame:
   599                           	callstack 0
   600   000164                     	ds	20
   601   000178                     _frame_buffer:
   602                           	callstack 0
   603   000178                     	ds	20
   604   00018C                     _ADC_result:
   605                           	callstack 0
   606   00018C                     	ds	8
   607   000194                     _FrameCheckSum:
   608                           	callstack 0
   609   000194                     	ds	3
   610   000197                     _CRCresult:
   611                           	callstack 0
   612   000197                     	ds	2
   613                           
   614                           	psect	dataBANK1
   615   000199                     __pdataBANK1:
   616                           	callstack 0
   617   000199                     _function_table:
   618                           	callstack 0
   619   000199                     	ds	12
   620   0001A5                     stoa@F1157:
   621                           	callstack 0
   622   0001A5                     	ds	7
   623   0001AC                     _ADC_result0:
   624                           	callstack 0
   625   0001AC                     	ds	2
   626                           
   627                           	psect	cstackBANK2
   628   000200                     __pcstackBANK2:
   629                           	callstack 0
   630   000200                     Execute@acknowledge_frame:
   631                           	callstack 0
   632                           
   633                           ; 30 bytes @ 0x0
   634   000200                     	ds	30
   635   00021E                     Execute@data_ch1:
   636                           	callstack 0
   637                           
   638                           ; 10 bytes @ 0x1E
   639   00021E                     	ds	10
   640   000228                     Execute@data_ch2:
   641                           	callstack 0
   642                           
   643                           ; 10 bytes @ 0x28
   644   000228                     	ds	10
   645   000232                     Execute@data_ch3:
   646                           	callstack 0
   647                           
   648                           ; 10 bytes @ 0x32
   649   000232                     	ds	10
   650   00023C                     Execute@data_ch4:
   651                           	callstack 0
   652                           
   653                           ; 10 bytes @ 0x3C
   654   00023C                     	ds	10
   655   000246                     Execute@k:
   656                           	callstack 0
   657                           
   658                           ; 1 bytes @ 0x46
   659   000246                     	ds	1
   660   000247                     _Execute$3424:
   661                           	callstack 0
   662                           
   663                           ; 2 bytes @ 0x47
   664   000247                     	ds	2
   665                           
   666                           	psect	cstackBANK0
   667   000060                     __pcstackBANK0:
   668                           	callstack 0
   669   000060                     dtoa@fp:
   670                           	callstack 0
   671   000060                     xtoa@fp:
   672                           	callstack 0
   673   000060                     ___strtoxl@prev_a:
   674                           	callstack 0
   675   000060                     stoa@nuls:
   676                           	callstack 0
   677                           
   678                           ; 7 bytes @ 0x0
   679   000060                     	ds	2
   680   000062                     dtoa@d:
   681                           	callstack 0
   682   000062                     xtoa@d:
   683                           	callstack 0
   684                           
   685                           ; 8 bytes @ 0x2
   686   000062                     	ds	2
   687   000064                     ___strtoxl@conv_done:
   688                           	callstack 0
   689                           
   690                           ; 1 bytes @ 0x4
   691   000064                     	ds	1
   692   000065                     ___strtoxl@limit:
   693                           	callstack 0
   694                           
   695                           ; 4 bytes @ 0x5
   696   000065                     	ds	2
   697   000067                     stoa@w:
   698                           	callstack 0
   699                           
   700                           ; 2 bytes @ 0x7
   701   000067                     	ds	2
   702   000069                     ___strtoxl@sign:
   703                           	callstack 0
   704   000069                     stoa@i:
   705                           	callstack 0
   706                           
   707                           ; 2 bytes @ 0x9
   708   000069                     	ds	1
   709   00006A                     ??_dtoa:
   710   00006A                     ??_xtoa:
   711   00006A                     ___strtoxl@skip:
   712                           	callstack 0
   713                           
   714                           ; 1 bytes @ 0xA
   715   00006A                     	ds	1
   716   00006B                     stoa@cp:
   717                           	callstack 0
   718   00006B                     ___strtoxl@a:
   719                           	callstack 0
   720                           
   721                           ; 4 bytes @ 0xB
   722   00006B                     	ds	2
   723   00006D                     stoa@l:
   724                           	callstack 0
   725                           
   726                           ; 2 bytes @ 0xD
   727   00006D                     	ds	2
   728   00006F                     stoa@p:
   729                           	callstack 0
   730   00006F                     ___strtoxl@cp:
   731                           	callstack 0
   732                           
   733                           ; 2 bytes @ 0xF
   734   00006F                     	ds	2
   735   000071                     ___strtoxl@c:
   736                           	callstack 0
   737                           
   738                           ; 1 bytes @ 0x11
   739   000071                     	ds	1
   740   000072                     _dtoa$2894:
   741                           	callstack 0
   742   000072                     _xtoa$2914:
   743                           	callstack 0
   744                           
   745                           ; 2 bytes @ 0x12
   746   000072                     	ds	2
   747   000074                     dtoa@p:
   748                           	callstack 0
   749   000074                     xtoa@p:
   750                           	callstack 0
   751                           
   752                           ; 2 bytes @ 0x14
   753   000074                     	ds	2
   754   000076                     dtoa@w:
   755                           	callstack 0
   756   000076                     xtoa@w:
   757                           	callstack 0
   758                           
   759                           ; 2 bytes @ 0x16
   760   000076                     	ds	2
   761   000078                     dtoa@n:
   762                           	callstack 0
   763   000078                     xtoa@n:
   764                           	callstack 0
   765                           
   766                           ; 8 bytes @ 0x18
   767   000078                     	ds	8
   768   000080                     dtoa@s:
   769                           	callstack 0
   770   000080                     xtoa@i:
   771                           	callstack 0
   772                           
   773                           ; 2 bytes @ 0x20
   774   000080                     	ds	1
   775   000081                     dtoa@i:
   776                           	callstack 0
   777                           
   778                           ; 2 bytes @ 0x21
   779   000081                     	ds	1
   780   000082                     xtoa@c:
   781                           	callstack 0
   782                           
   783                           ; 1 bytes @ 0x22
   784   000082                     	ds	1
   785   000083                     vfpfcnvrt@fp:
   786                           	callstack 0
   787                           
   788                           ; 2 bytes @ 0x23
   789   000083                     	ds	2
   790   000085                     vfpfcnvrt@fmt:
   791                           	callstack 0
   792                           
   793                           ; 2 bytes @ 0x25
   794   000085                     	ds	2
   795   000087                     vfpfcnvrt@ap:
   796                           	callstack 0
   797                           
   798                           ; 2 bytes @ 0x27
   799   000087                     	ds	2
   800   000089                     ??_vfpfcnvrt:
   801                           
   802                           ; 1 bytes @ 0x29
   803   000089                     	ds	4
   804   00008D                     vfpfcnvrt@c:
   805                           	callstack 0
   806                           
   807                           ; 1 bytes @ 0x2D
   808   00008D                     	ds	1
   809   00008E                     vfpfcnvrt@done:
   810                           	callstack 0
   811                           
   812                           ; 2 bytes @ 0x2E
   813   00008E                     	ds	2
   814   000090                     _vfpfcnvrt$2934:
   815                           	callstack 0
   816                           
   817                           ; 2 bytes @ 0x30
   818   000090                     	ds	2
   819   000092                     vfpfcnvrt@convarg:
   820                           	callstack 0
   821                           
   822                           ; 8 bytes @ 0x32
   823   000092                     	ds	8
   824   00009A                     vfpfcnvrt@cp:
   825                           	callstack 0
   826                           
   827                           ; 2 bytes @ 0x3A
   828   00009A                     	ds	2
   829   00009C                     ?_vfprintf:
   830                           	callstack 0
   831   00009C                     vfprintf@fp:
   832                           	callstack 0
   833                           
   834                           ; 2 bytes @ 0x3C
   835   00009C                     	ds	2
   836   00009E                     vfprintf@fmt:
   837                           	callstack 0
   838                           
   839                           ; 2 bytes @ 0x3E
   840   00009E                     	ds	2
   841   0000A0                     vfprintf@ap:
   842                           	callstack 0
   843                           
   844                           ; 2 bytes @ 0x40
   845   0000A0                     	ds	2
   846   0000A2                     vfprintf@cfmt:
   847                           	callstack 0
   848                           
   849                           ; 2 bytes @ 0x42
   850   0000A2                     	ds	2
   851   0000A4                     ?_sprintf:
   852                           	callstack 0
   853   0000A4                     sprintf@s:
   854                           	callstack 0
   855                           
   856                           ; 2 bytes @ 0x44
   857   0000A4                     	ds	2
   858   0000A6                     sprintf@fmt:
   859                           	callstack 0
   860                           
   861                           ; 2 bytes @ 0x46
   862   0000A6                     	ds	10
   863   0000B0                     sprintf@ap:
   864                           	callstack 0
   865                           
   866                           ; 2 bytes @ 0x50
   867   0000B0                     	ds	2
   868   0000B2                     sprintf@f:
   869                           	callstack 0
   870                           
   871                           ; 11 bytes @ 0x52
   872   0000B2                     	ds	11
   873   0000BD                     ChecksumCalc@dataString:
   874                           	callstack 0
   875                           
   876                           ; 2 bytes @ 0x5D
   877   0000BD                     	ds	2
   878   0000BF                     ChecksumCalc@xorTemp:
   879                           	callstack 0
   880                           
   881                           ; 1 bytes @ 0x5F
   882   0000BF                     	ds	1
   883   0000C0                     ChecksumCalc@i:
   884                           	callstack 0
   885                           
   886                           ; 2 bytes @ 0x60
   887   0000C0                     	ds	2
   888   0000C2                     ReceivedFrameChecksum@hexFrameCheckSum:
   889                           	callstack 0
   890   0000C2                     ACKframeChecksum@frame:
   891                           	callstack 0
   892                           
   893                           ; 2 bytes @ 0x62
   894   0000C2                     	ds	2
   895   0000C4                     ReceivedFrameChecksum@hexCRCresult:
   896                           	callstack 0
   897                           
   898                           ; 2 bytes @ 0x64
   899   0000C4                     	ds	2
   900   0000C6                     ??_main:
   901                           
   902                           ; 1 bytes @ 0x66
   903   0000C6                     	ds	2
   904                           
   905                           	psect	cstackCOMRAM
   906   000001                     __pcstackCOMRAM:
   907                           	callstack 0
   908   000001                     ?i2_strlen:
   909                           	callstack 0
   910   000001                     fill_buffer@received_char:
   911                           	callstack 0
   912   000001                     TMR1_WriteTimer@timerVal:
   913                           	callstack 0
   914   000001                     TMR3_WriteTimer@timerVal:
   915                           	callstack 0
   916   000001                     i2strlen@s:
   917                           	callstack 0
   918                           
   919                           ; 2 bytes @ 0x0
   920   000001                     	ds	2
   921   000003                     i2strlen@a:
   922                           	callstack 0
   923                           
   924                           ; 2 bytes @ 0x2
   925   000003                     	ds	2
   926   000005                     i2clear_buffer@buffer:
   927                           	callstack 0
   928                           
   929                           ; 2 bytes @ 0x4
   930   000005                     	ds	2
   931   000007                     i2clear_buffer@i:
   932                           	callstack 0
   933                           
   934                           ; 2 bytes @ 0x6
   935   000007                     	ds	2
   936   000009                     ??_my_RX_ISR:
   937                           
   938                           ; 1 bytes @ 0x8
   939   000009                     	ds	2
   940   00000B                     my_RX_ISR@frame_char:
   941                           	callstack 0
   942                           
   943                           ; 1 bytes @ 0xA
   944   00000B                     	ds	1
   945   00000C                     ??_INTERRUPT_InterruptManager:
   946                           
   947                           ; 1 bytes @ 0xB
   948   00000C                     	ds	10
   949   000016                     ??_Destination_Check:
   950   000016                     ??_Parse:
   951   000016                     ?_strlen:
   952                           	callstack 0
   953   000016                     ?_get_ID:
   954                           	callstack 0
   955   000016                     ?_isdigit:
   956                           	callstack 0
   957   000016                     ?_strncmp:
   958                           	callstack 0
   959   000016                     ?_isspace:
   960                           	callstack 0
   961   000016                     ?_isalpha:
   962                           	callstack 0
   963   000016                     ?_islower:
   964                           	callstack 0
   965   000016                     ?___wmul:
   966                           	callstack 0
   967   000016                     ?___lmul:
   968                           	callstack 0
   969   000016                     ?___aodiv:
   970                           	callstack 0
   971   000016                     ?___aomod:
   972                           	callstack 0
   973   000016                     _EUSART1_is_tx_ready$688:
   974                           	callstack 0
   975   000016                     EUSART1_Write@txData:
   976                           	callstack 0
   977   000016                     I2C1_MasterSendTxData@data:
   978                           	callstack 0
   979   000016                     I2C1_MasterSendNack@ack:
   980                           	callstack 0
   981   000016                     EUSART1_SetFramingErrorHandler@interruptHandler:
   982                           	callstack 0
   983   000016                     EUSART1_SetOverrunErrorHandler@interruptHandler:
   984                           	callstack 0
   985   000016                     EUSART1_SetErrorHandler@interruptHandler:
   986                           	callstack 0
   987   000016                     EUSART1_SetRxInterruptHandler@interruptHandler:
   988                           	callstack 0
   989   000016                     TMR0_SetInterruptHandler@InterruptHandler:
   990                           	callstack 0
   991   000016                     TMR1_SetInterruptHandler@InterruptHandler:
   992                           	callstack 0
   993   000016                     TMR3_SetInterruptHandler@InterruptHandler:
   994                           	callstack 0
   995   000016                     ___wmul@multiplier:
   996                           	callstack 0
   997   000016                     isdigit@c:
   998                           	callstack 0
   999   000016                     isspace@c:
  1000                           	callstack 0
  1001   000016                     strlen@s:
  1002                           	callstack 0
  1003   000016                     strncmp@_l:
  1004                           	callstack 0
  1005   000016                     isalpha@c:
  1006                           	callstack 0
  1007   000016                     islower@c:
  1008                           	callstack 0
  1009   000016                     ___lmul@multiplier:
  1010                           	callstack 0
  1011   000016                     ___aodiv@dividend:
  1012                           	callstack 0
  1013   000016                     ___aomod@dividend:
  1014                           	callstack 0
  1015                           
  1016                           ; 8 bytes @ 0x15
  1017   000016                     	ds	1
  1018   000017                     putch@txData:
  1019                           	callstack 0
  1020   000017                     Parse@i:
  1021                           	callstack 0
  1022   000017                     i2c_driver_write_pointer_byte@pointer:
  1023                           	callstack 0
  1024   000017                     i2c_driver_write_twobytes@reg:
  1025                           	callstack 0
  1026   000017                     i2c_driver_write_twobytes_noack@reg:
  1027                           	callstack 0
  1028   000017                     I2C1_MasterGetRxData@ack:
  1029                           	callstack 0
  1030                           
  1031                           ; 1 bytes @ 0x16
  1032   000017                     	ds	1
  1033   000018                     ??_TMR0_Initialize:
  1034   000018                     ??_get_ID:
  1035   000018                     ??_isdigit:
  1036   000018                     ??_isspace:
  1037   000018                     ??_isalpha:
  1038   000018                     ??_islower:
  1039   000018                     i2c_driver_write_pointer_byte@devaddr:
  1040                           	callstack 0
  1041   000018                     I2C1_MasterGetRxData@b:
  1042                           	callstack 0
  1043   000018                     i2c_driver_write_twobytes@data:
  1044                           	callstack 0
  1045   000018                     i2c_driver_write_twobytes_noack@data:
  1046                           	callstack 0
  1047   000018                     ___wmul@multiplicand:
  1048                           	callstack 0
  1049   000018                     fputc@c:
  1050                           	callstack 0
  1051   000018                     strlen@a:
  1052                           	callstack 0
  1053   000018                     strncmp@_r:
  1054                           	callstack 0
  1055                           
  1056                           ; 2 bytes @ 0x17
  1057   000018                     	ds	1
  1058   000019                     i2c_driver_read_twobytes@reg:
  1059                           	callstack 0
  1060   000019                     i2c_driver_read_2bytes@data:
  1061                           	callstack 0
  1062                           
  1063                           ; 2 bytes @ 0x18
  1064   000019                     	ds	1
  1065   00001A                     ??_TrimFrame:
  1066   00001A                     ??_GetChecksumValue:
  1067   00001A                     ?_toupper:
  1068                           	callstack 0
  1069   00001A                     i2c_driver_write_twobytes@devaddr:
  1070                           	callstack 0
  1071   00001A                     i2c_driver_write_twobytes_noack@devaddr:
  1072                           	callstack 0
  1073   00001A                     _isspace$2971:
  1074                           	callstack 0
  1075   00001A                     send_string@message:
  1076                           	callstack 0
  1077   00001A                     clear_buffer@buffer:
  1078                           	callstack 0
  1079   00001A                     i2c_driver_read_twobytes@data:
  1080                           	callstack 0
  1081   00001A                     ___wmul@product:
  1082                           	callstack 0
  1083   00001A                     memcpy@d1:
  1084                           	callstack 0
  1085   00001A                     fputc@fp:
  1086                           	callstack 0
  1087   00001A                     strncmp@n:
  1088                           	callstack 0
  1089   00001A                     toupper@c:
  1090                           	callstack 0
  1091   00001A                     ___lmul@multiplicand:
  1092                           	callstack 0
  1093                           
  1094                           ; 4 bytes @ 0x19
  1095   00001A                     	ds	1
  1096   00001B                     ??_i2c_driver_read_2bytes:
  1097   00001B                     AD5593_ADC_convert@channel:
  1098                           	callstack 0
  1099                           
  1100                           ; 2 bytes @ 0x1A
  1101   00001B                     	ds	1
  1102   00001C                     ??_fputc:
  1103   00001C                     ??_strncmp:
  1104   00001C                     ??_toupper:
  1105   00001C                     ??_send_string:
  1106   00001C                     ??_i2c_driver_read_twobytes:
  1107   00001C                     ?_parse_frame_ID:
  1108                           	callstack 0
  1109   00001C                     ?_atoi:
  1110                           	callstack 0
  1111   00001C                     ?_isalnum:
  1112                           	callstack 0
  1113   00001C                     clear_buffer@i:
  1114                           	callstack 0
  1115   00001C                     memcpy@s1:
  1116                           	callstack 0
  1117   00001C                     atoi@s:
  1118                           	callstack 0
  1119   00001C                     isalnum@c:
  1120                           	callstack 0
  1121                           
  1122                           ; 2 bytes @ 0x1B
  1123   00001C                     	ds	1
  1124   00001D                     ??_AD5593_ADC_convert:
  1125   00001D                     strncmp@l:
  1126                           	callstack 0
  1127                           
  1128                           ; 2 bytes @ 0x1C
  1129   00001D                     	ds	1
  1130   00001E                     ??_atoi:
  1131   00001E                     ??_isalnum:
  1132   00001E                     TrimFrame@index:
  1133                           	callstack 0
  1134   00001E                     GetChecksumValue@index:
  1135                           	callstack 0
  1136   00001E                     i2c_driver_read_2bytes@devaddr:
  1137                           	callstack 0
  1138   00001E                     send_string@i:
  1139                           	callstack 0
  1140   00001E                     memcpy@n:
  1141                           	callstack 0
  1142   00001E                     ___lmul@product:
  1143                           	callstack 0
  1144   00001E                     ___aodiv@divisor:
  1145                           	callstack 0
  1146   00001E                     ___aomod@divisor:
  1147                           	callstack 0
  1148                           
  1149                           ; 8 bytes @ 0x1D
  1150   00001E                     	ds	1
  1151   00001F                     TrimFrame@i:
  1152                           	callstack 0
  1153   00001F                     GetChecksumValue@i:
  1154                           	callstack 0
  1155   00001F                     i2c_driver_read_twobytes@devaddr:
  1156                           	callstack 0
  1157   00001F                     strncmp@r:
  1158                           	callstack 0
  1159                           
  1160                           ; 2 bytes @ 0x1E
  1161   00001F                     	ds	1
  1162   000020                     ??_set_VREF:
  1163   000020                     ??_set_ADC_BUFF:
  1164   000020                     ??_ADC_ch_config:
  1165   000020                     ??_lock_config_reg:
  1166   000020                     memcpy@tmp:
  1167                           	callstack 0
  1168   000020                     set_ADC_range@range:
  1169                           	callstack 0
  1170   000020                     AD5593_get_conv_result@channel:
  1171                           	callstack 0
  1172                           
  1173                           ; 2 bytes @ 0x1F
  1174   000020                     	ds	1
  1175   000021                     memcpy@d:
  1176                           	callstack 0
  1177   000021                     ctoa@fp:
  1178                           	callstack 0
  1179   000021                     stoa@fp:
  1180                           	callstack 0
  1181   000021                     atoi@neg:
  1182                           	callstack 0
  1183   000021                     fputs@s:
  1184                           	callstack 0
  1185                           
  1186                           ; 2 bytes @ 0x20
  1187   000021                     	ds	1
  1188   000022                     ??_set_ADC_range:
  1189   000022                     ??_AD5593_get_conv_result:
  1190   000022                     set_VREF@activate:
  1191                           	callstack 0
  1192   000022                     set_ADC_BUFF@activate:
  1193                           	callstack 0
  1194   000022                     lock_config_reg@lock:
  1195                           	callstack 0
  1196   000022                     _isalnum$3075:
  1197                           	callstack 0
  1198                           
  1199                           ; 1 bytes @ 0x21
  1200   000022                     	ds	1
  1201   000023                     ?___strtoxl:
  1202                           	callstack 0
  1203   000023                     ctoa@c:
  1204                           	callstack 0
  1205   000023                     memcpy@s:
  1206                           	callstack 0
  1207   000023                     stoa@s:
  1208                           	callstack 0
  1209   000023                     atoi@n:
  1210                           	callstack 0
  1211   000023                     fputs@fp:
  1212                           	callstack 0
  1213   000023                     ___strtoxl@s:
  1214                           	callstack 0
  1215                           
  1216                           ; 2 bytes @ 0x22
  1217   000023                     	ds	1
  1218   000024                     ??_ctoa:
  1219                           
  1220                           ; 1 bytes @ 0x23
  1221   000024                     	ds	1
  1222   000025                     ??_stoa:
  1223   000025                     AD5593_get_conv_result@ch_address:
  1224                           	callstack 0
  1225   000025                     fputs@c:
  1226                           	callstack 0
  1227   000025                     ctoa@l:
  1228                           	callstack 0
  1229   000025                     ___strtoxl@endptr:
  1230                           	callstack 0
  1231                           
  1232                           ; 2 bytes @ 0x24
  1233   000025                     	ds	1
  1234   000026                     ___aodiv@counter:
  1235                           	callstack 0
  1236   000026                     ___aomod@counter:
  1237                           	callstack 0
  1238   000026                     AD5593_get_conv_result@conv_result:
  1239                           	callstack 0
  1240   000026                     fputs@i:
  1241                           	callstack 0
  1242                           
  1243                           ; 2 bytes @ 0x25
  1244   000026                     	ds	1
  1245   000027                     ___aodiv@sign:
  1246                           	callstack 0
  1247   000027                     ___aomod@sign:
  1248                           	callstack 0
  1249   000027                     ctoa@w:
  1250                           	callstack 0
  1251   000027                     ___strtoxl@base:
  1252                           	callstack 0
  1253                           
  1254                           ; 2 bytes @ 0x26
  1255   000027                     	ds	1
  1256   000028                     ??_Decode:
  1257   000028                     ?_abs:
  1258                           	callstack 0
  1259   000028                     pad@fp:
  1260                           	callstack 0
  1261   000028                     abs@a:
  1262                           	callstack 0
  1263   000028                     ___aodiv@quotient:
  1264                           	callstack 0
  1265                           
  1266                           ; 8 bytes @ 0x27
  1267   000028                     	ds	1
  1268   000029                     ___strtoxl@is_signed:
  1269                           	callstack 0
  1270                           
  1271                           ; 1 bytes @ 0x28
  1272   000029                     	ds	1
  1273   00002A                     ??_abs:
  1274   00002A                     ??___strtoxl:
  1275   00002A                     pad@buf:
  1276                           	callstack 0
  1277                           
  1278                           ; 2 bytes @ 0x29
  1279   00002A                     	ds	2
  1280   00002C                     pad@p:
  1281                           	callstack 0
  1282                           
  1283                           ; 2 bytes @ 0x2B
  1284   00002C                     	ds	2
  1285   00002E                     ??_pad:
  1286   00002E                     ?_strtol:
  1287                           	callstack 0
  1288   00002E                     strtol@s:
  1289                           	callstack 0
  1290                           
  1291                           ; 2 bytes @ 0x2D
  1292   00002E                     	ds	1
  1293   00002F                     pad@i:
  1294                           	callstack 0
  1295                           
  1296                           ; 2 bytes @ 0x2E
  1297   00002F                     	ds	1
  1298   000030                     strtol@endptr:
  1299                           	callstack 0
  1300                           
  1301                           ; 2 bytes @ 0x2F
  1302   000030                     	ds	1
  1303   000031                     pad@w:
  1304                           	callstack 0
  1305                           
  1306                           ; 2 bytes @ 0x30
  1307   000031                     	ds	1
  1308   000032                     strtol@base:
  1309                           	callstack 0
  1310                           
  1311                           ; 2 bytes @ 0x31
  1312   000032                     	ds	1
  1313   000033                     
  1314                           ; 1 bytes @ 0x32
  1315   000033                     	ds	1
  1316   000034                     
  1317                           ; 1 bytes @ 0x33
  1318 ;;
  1319 ;;Main: autosize = 0, tempsize = 2, incstack = 0, save=0
  1320 ;;
  1321 ;; *************** function _main *****************
  1322 ;; Defined at:
  1323 ;;		line 49 in file "main.c"
  1324 ;; Parameters:    Size  Location     Type
  1325 ;;		None
  1326 ;; Auto vars:     Size  Location     Type
  1327 ;;		None
  1328 ;; Return value:  Size  Location     Type
  1329 ;;                  1    wreg      void 
  1330 ;; Registers used:
  1331 ;;		wreg, fsr1l, fsr1h, fsr2l, fsr2h, status,2, status,0, pcl, pclath, pclatu, tosl, tblptrl, tblptrh, tblptru, prodl, p
      +rodh, cstack
  1332 ;; Tracked objects:
  1333 ;;		On entry : 0/0
  1334 ;;		On exit  : 0/0
  1335 ;;		Unchanged: 0/0
  1336 ;; Data sizes:     COMRAM   BANK0   BANK1   BANK2   BANK3   BANK4   BANK5   BANK6   BANK7   BANK8   BANK9  BANK10  BANK1
      +1  BANK12  BANK13  BANK14  BANK15
  1337 ;;      Params:         0       0       0       0       0       0       0       0       0       0       0       0       
      +0       0       0       0       0
  1338 ;;      Locals:         0       0       0       0       0       0       0       0       0       0       0       0       
      +0       0       0       0       0
  1339 ;;      Temps:          0       2       0       0       0       0       0       0       0       0       0       0       
      +0       0       0       0       0
  1340 ;;      Totals:         0       2       0       0       0       0       0       0       0       0       0       0       
      +0       0       0       0       0
  1341 ;;Total ram usage:        2 bytes
  1342 ;; Hardware stack levels required when called: 17
  1343 ;; This function calls:
  1344 ;;		_AD5593_init_w_EVREF
  1345 ;;		_Decode
  1346 ;;		_Destination_Check
  1347 ;;		_EUSART1_SetRxInterruptHandler
  1348 ;;		_Execute
  1349 ;;		_Idle
  1350 ;;		_Initialize
  1351 ;;		_Parse
  1352 ;;		_ReceivedFrameChecksum
  1353 ;;		_SYSTEM_Initialize
  1354 ;;		_TMR0_SetInterruptHandler
  1355 ;;		_TMR1_SetInterruptHandler
  1356 ;;		_TMR3_SetInterruptHandler
  1357 ;;		_i2c_driver_init
  1358 ;; This function is called by:
  1359 ;;		Startup code after reset
  1360 ;; This function uses a non-reentrant model
  1361 ;;
  1362                           
  1363                           	psect	text0
  1364   002F88                     __ptext0:
  1365                           	callstack 0
  1366   002F88                     _main:
  1367                           	callstack 14
  1368   002F88                     
  1369                           ;main.c: 52:     SYSTEM_Initialize();
  1370   002F88  ECE7  F01F         	call	_SYSTEM_Initialize	;wreg free
  1371   002F8C                     
  1372                           ;main.c: 53:     i2c_driver_init();
  1373   002F8C  EC30  F020         	call	_i2c_driver_init	;wreg free
  1374   002F90                     
  1375                           ;main.c: 54:     EUSART1_SetRxInterruptHandler(my_RX_ISR);
  1376   002F90  0ED2               	movlw	low _my_RX_ISR
  1377   002F92  6E16               	movwf	EUSART1_SetRxInterruptHandler@interruptHandler^0,c
  1378   002F94  0E29               	movlw	high _my_RX_ISR
  1379   002F96  6E17               	movwf	(EUSART1_SetRxInterruptHandler@interruptHandler+1)^0,c
  1380   002F98  EC8E  F020         	call	_EUSART1_SetRxInterruptHandler	;wreg free
  1381   002F9C                     
  1382                           ;main.c: 55:     TMR0_SetInterruptHandler(Timer0IntHandler);
  1383   002F9C  0E7A               	movlw	low _Timer0IntHandler
  1384   002F9E  6E16               	movwf	TMR0_SetInterruptHandler@InterruptHandler^0,c
  1385   002FA0  0E41               	movlw	high _Timer0IntHandler
  1386   002FA2  6E17               	movwf	(TMR0_SetInterruptHandler@InterruptHandler+1)^0,c
  1387   002FA4  EC89  F020         	call	_TMR0_SetInterruptHandler	;wreg free
  1388   002FA8                     
  1389                           ;main.c: 56:     TMR1_SetInterruptHandler(Timer1IntHandler);
  1390   002FA8  0EF2               	movlw	low _Timer1IntHandler
  1391   002FAA  6E16               	movwf	TMR1_SetInterruptHandler@InterruptHandler^0,c
  1392   002FAC  0E40               	movlw	high _Timer1IntHandler
  1393   002FAE  6E17               	movwf	(TMR1_SetInterruptHandler@InterruptHandler+1)^0,c
  1394   002FB0  EC84  F020         	call	_TMR1_SetInterruptHandler	;wreg free
  1395   002FB4                     
  1396                           ;main.c: 57:     TMR3_SetInterruptHandler(Timer3IntHandler);
  1397   002FB4  0EE6               	movlw	low _Timer3IntHandler
  1398   002FB6  6E16               	movwf	TMR3_SetInterruptHandler@InterruptHandler^0,c
  1399   002FB8  0E40               	movlw	high _Timer3IntHandler
  1400   002FBA  6E17               	movwf	(TMR3_SetInterruptHandler@InterruptHandler+1)^0,c
  1401   002FBC  EC7F  F020         	call	_TMR3_SetInterruptHandler	;wreg free
  1402   002FC0                     
  1403                           ;main.c: 59:     (INTCONbits.GIE = 1);
  1404   002FC0  8EF2               	bsf	242,7,c	;volatile
  1405   002FC2                     
  1406                           ;main.c: 61:     (INTCONbits.PEIE = 1);
  1407   002FC2  8CF2               	bsf	242,6,c	;volatile
  1408   002FC4                     
  1409                           ;main.c: 63:     Initialize();
  1410   002FC4  ECA2  F020         	call	_Initialize	;wreg free
  1411   002FC8                     
  1412                           ;main.c: 66:     AD5593_init_w_EVREF();
  1413   002FC8  EC47  F01F         	call	_AD5593_init_w_EVREF	;wreg free
  1414   002FCC                     l7100:
  1415                           
  1416                           ;main.c: 73:     {;main.c: 74:         if(frame_ready_flag){
  1417   002FCC  5041               	movf	_frame_ready_flag^0,w,c
  1418   002FCE  B4D8               	btfsc	status,2,c
  1419   002FD0  EFEC  F017         	goto	u6531
  1420   002FD4  EFEE  F017         	goto	u6530
  1421   002FD8                     u6531:
  1422   002FD8  EFE6  F017         	goto	l7100
  1423   002FDC                     u6530:
  1424   002FDC                     
  1425                           ;main.c: 75:             function_table[curr_state]();
  1426   002FDC  5042               	movf	_curr_state^0,w,c
  1427   002FDE  0D02               	mullw	2
  1428   002FE0  0E99               	movlw	low _function_table
  1429   002FE2  24F3               	addwf	243,w,c
  1430   002FE4  6ED9               	movwf	fsr2l,c
  1431   002FE6  0E01               	movlw	high _function_table
  1432   002FE8  20F4               	addwfc	prodh,w,c
  1433   002FEA  6EDA               	movwf	fsr2h,c
  1434   002FEC  CFDE F0C6          	movff	postinc2,??_main
  1435   002FF0  CFDD F0C7          	movff	postdec2,??_main+1
  1436   002FF4  D802               	call	u6548
  1437   002FF6  EF07  F018         	goto	u6549
  1438   002FFA                     u6548:
  1439   002FFA  0005               	push	
  1440   002FFC  6EFA               	movwf	pclath,c
  1441   002FFE  0100               	movlb	0	; () banked
  1442   003000  51C6               	movf	??_main& (0+255),w,b
  1443   003002  6EFD               	movwf	tosl,c
  1444   003004  51C7               	movf	(??_main+1)& (0+255),w,b
  1445   003006  6EFE               	movwf	tosh,c
  1446   003008  6AFF               	clrf	tosu,c
  1447   00300A  50FA               	movf	pclath,w,c
  1448   00300C  0012               	return		;indir
  1449   00300E                     u6549:
  1450   00300E  EFE6  F017         	goto	l7100
  1451   003012  EF89  F000         	goto	start
  1452   003016                     __end_of_main:
  1453                           	callstack 0
  1454                           
  1455 ;; *************** function _i2c_driver_init *****************
  1456 ;; Defined at:
  1457 ;;		line 22 in file "i2c_driver.c"
  1458 ;; Parameters:    Size  Location     Type
  1459 ;;		None
  1460 ;; Auto vars:     Size  Location     Type
  1461 ;;		None
  1462 ;; Return value:  Size  Location     Type
  1463 ;;                  1    wreg      void 
  1464 ;; Registers used:
  1465 ;;		wreg, status,2
  1466 ;; Tracked objects:
  1467 ;;		On entry : 0/0
  1468 ;;		On exit  : 0/0
  1469 ;;		Unchanged: 0/0
  1470 ;; Data sizes:     COMRAM   BANK0   BANK1   BANK2   BANK3   BANK4   BANK5   BANK6   BANK7   BANK8   BANK9  BANK10  BANK1
      +1  BANK12  BANK13  BANK14  BANK15
  1471 ;;      Params:         0       0       0       0       0       0       0       0       0       0       0       0       
      +0       0       0       0       0
  1472 ;;      Locals:         0       0       0       0       0       0       0       0       0       0       0       0       
      +0       0       0       0       0
  1473 ;;      Temps:          0       0       0       0       0       0       0       0       0       0       0       0       
      +0       0       0       0       0
  1474 ;;      Totals:         0       0       0       0       0       0       0       0       0       0       0       0       
      +0       0       0       0       0
  1475 ;;Total ram usage:        0 bytes
  1476 ;; Hardware stack levels used: 1
  1477 ;; Hardware stack levels required when called: 5
  1478 ;; This function calls:
  1479 ;;		Nothing
  1480 ;; This function is called by:
  1481 ;;		_main
  1482 ;; This function uses a non-reentrant model
  1483 ;;
  1484                           
  1485                           	psect	text1
  1486   004060                     __ptext1:
  1487                           	callstack 0
  1488   004060                     _i2c_driver_init:
  1489                           	callstack 25
  1490   004060                     
  1491                           ;i2c_driver.c: 24:     SSP2STAT = 0x00;
  1492   004060  0E00               	movlw	0
  1493   004062  6E6D               	movwf	109,c	;volatile
  1494                           
  1495                           ;i2c_driver.c: 25:     SSP2CON1 = 0x08;
  1496   004064  0E08               	movlw	8
  1497   004066  6E6C               	movwf	108,c	;volatile
  1498                           
  1499                           ;i2c_driver.c: 26:     SSP2CON2 = 0x00;
  1500   004068  0E00               	movlw	0
  1501   00406A  6E6B               	movwf	107,c	;volatile
  1502                           
  1503                           ;i2c_driver.c: 27:     SSP2ADD = 0x27;
  1504   00406C  0E27               	movlw	39
  1505   00406E  6E6E               	movwf	110,c	;volatile
  1506   004070                     
  1507                           ;i2c_driver.c: 28:     SSP2CON1bits.SSPEN = 1;
  1508   004070  8A6C               	bsf	108,5,c	;volatile
  1509   004072  0012               	return		;funcret
  1510   004074                     __end_of_i2c_driver_init:
  1511                           	callstack 0
  1512                           
  1513 ;; *************** function _SYSTEM_Initialize *****************
  1514 ;; Defined at:
  1515 ;;		line 50 in file "mcc_generated_files/mcc.c"
  1516 ;; Parameters:    Size  Location     Type
  1517 ;;		None
  1518 ;; Auto vars:     Size  Location     Type
  1519 ;;		None
  1520 ;; Return value:  Size  Location     Type
  1521 ;;                  1    wreg      void 
  1522 ;; Registers used:
  1523 ;;		wreg, status,2, status,0, cstack
  1524 ;; Tracked objects:
  1525 ;;		On entry : 0/0
  1526 ;;		On exit  : 0/0
  1527 ;;		Unchanged: 0/0
  1528 ;; Data sizes:     COMRAM   BANK0   BANK1   BANK2   BANK3   BANK4   BANK5   BANK6   BANK7   BANK8   BANK9  BANK10  BANK1
      +1  BANK12  BANK13  BANK14  BANK15
  1529 ;;      Params:         0       0       0       0       0       0       0       0       0       0       0       0       
      +0       0       0       0       0
  1530 ;;      Locals:         0       0       0       0       0       0       0       0       0       0       0       0       
      +0       0       0       0       0
  1531 ;;      Temps:          0       0       0       0       0       0       0       0       0       0       0       0       
      +0       0       0       0       0
  1532 ;;      Totals:         0       0       0       0       0       0       0       0       0       0       0       0       
      +0       0       0       0       0
  1533 ;;Total ram usage:        0 bytes
  1534 ;; Hardware stack levels used: 1
  1535 ;; Hardware stack levels required when called: 7
  1536 ;; This function calls:
  1537 ;;		_EUSART1_Initialize
  1538 ;;		_INTERRUPT_Initialize
  1539 ;;		_OSCILLATOR_Initialize
  1540 ;;		_PIN_MANAGER_Initialize
  1541 ;;		_TMR0_Initialize
  1542 ;;		_TMR1_Initialize
  1543 ;;		_TMR3_Initialize
  1544 ;; This function is called by:
  1545 ;;		_main
  1546 ;; This function uses a non-reentrant model
  1547 ;;
  1548                           
  1549                           	psect	text2
  1550   003FCE                     __ptext2:
  1551                           	callstack 0
  1552   003FCE                     _SYSTEM_Initialize:
  1553                           	callstack 23
  1554   003FCE                     
  1555                           ;mcc_generated_files/mcc.c: 53:     INTERRUPT_Initialize();
  1556   003FCE  ECC7  F020         	call	_INTERRUPT_Initialize	;wreg free
  1557   003FD2                     
  1558                           ;mcc_generated_files/mcc.c: 54:     PIN_MANAGER_Initialize();
  1559   003FD2  ECD4  F01D         	call	_PIN_MANAGER_Initialize	;wreg free
  1560   003FD6                     
  1561                           ;mcc_generated_files/mcc.c: 55:     OSCILLATOR_Initialize();
  1562   003FD6  EC58  F020         	call	_OSCILLATOR_Initialize	;wreg free
  1563   003FDA                     
  1564                           ;mcc_generated_files/mcc.c: 56:     TMR3_Initialize();
  1565   003FDA  EC1D  F01F         	call	_TMR3_Initialize	;wreg free
  1566   003FDE                     
  1567                           ;mcc_generated_files/mcc.c: 57:     TMR1_Initialize();
  1568   003FDE  EC32  F01F         	call	_TMR1_Initialize	;wreg free
  1569   003FE2                     
  1570                           ;mcc_generated_files/mcc.c: 58:     TMR0_Initialize();
  1571   003FE2  ECA5  F01E         	call	_TMR0_Initialize	;wreg free
  1572   003FE6                     
  1573                           ;mcc_generated_files/mcc.c: 59:     EUSART1_Initialize();
  1574   003FE6  EC6B  F01B         	call	_EUSART1_Initialize	;wreg free
  1575   003FEA  0012               	return		;funcret
  1576   003FEC                     __end_of_SYSTEM_Initialize:
  1577                           	callstack 0
  1578                           
  1579 ;; *************** function _TMR3_Initialize *****************
  1580 ;; Defined at:
  1581 ;;		line 64 in file "mcc_generated_files/tmr3.c"
  1582 ;; Parameters:    Size  Location     Type
  1583 ;;		None
  1584 ;; Auto vars:     Size  Location     Type
  1585 ;;		None
  1586 ;; Return value:  Size  Location     Type
  1587 ;;                  1    wreg      void 
  1588 ;; Registers used:
  1589 ;;		wreg, status,2, status,0, cstack
  1590 ;; Tracked objects:
  1591 ;;		On entry : 0/0
  1592 ;;		On exit  : 0/0
  1593 ;;		Unchanged: 0/0
  1594 ;; Data sizes:     COMRAM   BANK0   BANK1   BANK2   BANK3   BANK4   BANK5   BANK6   BANK7   BANK8   BANK9  BANK10  BANK1
      +1  BANK12  BANK13  BANK14  BANK15
  1595 ;;      Params:         0       0       0       0       0       0       0       0       0       0       0       0       
      +0       0       0       0       0
  1596 ;;      Locals:         0       0       0       0       0       0       0       0       0       0       0       0       
      +0       0       0       0       0
  1597 ;;      Temps:          0       0       0       0       0       0       0       0       0       0       0       0       
      +0       0       0       0       0
  1598 ;;      Totals:         0       0       0       0       0       0       0       0       0       0       0       0       
      +0       0       0       0       0
  1599 ;;Total ram usage:        0 bytes
  1600 ;; Hardware stack levels used: 1
  1601 ;; Hardware stack levels required when called: 6
  1602 ;; This function calls:
  1603 ;;		_TMR3_SetInterruptHandler
  1604 ;; This function is called by:
  1605 ;;		_SYSTEM_Initialize
  1606 ;; This function uses a non-reentrant model
  1607 ;;
  1608                           
  1609                           	psect	text3
  1610   003E3A                     __ptext3:
  1611                           	callstack 0
  1612   003E3A                     _TMR3_Initialize:
  1613                           	callstack 23
  1614   003E3A                     
  1615                           ;mcc_generated_files/tmr3.c: 69:     T3GCON = 0x00;
  1616   003E3A  0E00               	movlw	0
  1617   003E3C  6EB4               	movwf	180,c	;volatile
  1618                           
  1619                           ;mcc_generated_files/tmr3.c: 72:     TMR3H = 0x3C;
  1620   003E3E  0E3C               	movlw	60
  1621   003E40  6EB3               	movwf	179,c	;volatile
  1622                           
  1623                           ;mcc_generated_files/tmr3.c: 75:     TMR3L = 0xB0;
  1624   003E42  0EB0               	movlw	176
  1625   003E44  6EB2               	movwf	178,c	;volatile
  1626   003E46                     
  1627                           ;mcc_generated_files/tmr3.c: 78:     timer3ReloadVal=TMR3;
  1628   003E46  CFB2 F1B0          	movff	4018,_timer3ReloadVal	;volatile
  1629   003E4A  CFB3 F1B1          	movff	4019,_timer3ReloadVal+1	;volatile
  1630   003E4E                     
  1631                           ;mcc_generated_files/tmr3.c: 81:     PIR2bits.TMR3IF = 0;
  1632   003E4E  92A1               	bcf	161,1,c	;volatile
  1633   003E50                     
  1634                           ;mcc_generated_files/tmr3.c: 84:     PIE2bits.TMR3IE = 1;
  1635   003E50  82A0               	bsf	160,1,c	;volatile
  1636   003E52                     
  1637                           ;mcc_generated_files/tmr3.c: 87:     TMR3_SetInterruptHandler(TMR3_DefaultInterruptHandl
      +                          er);
  1638   003E52  0EB2               	movlw	low _TMR3_DefaultInterruptHandler
  1639   003E54  6E16               	movwf	TMR3_SetInterruptHandler@InterruptHandler^0,c
  1640   003E56  0E41               	movlw	high _TMR3_DefaultInterruptHandler
  1641   003E58  6E17               	movwf	(TMR3_SetInterruptHandler@InterruptHandler+1)^0,c
  1642   003E5A  EC7F  F020         	call	_TMR3_SetInterruptHandler	;wreg free
  1643   003E5E                     
  1644                           ;mcc_generated_files/tmr3.c: 90:     T3CON = 0x31;
  1645   003E5E  0E31               	movlw	49
  1646   003E60  6EB1               	movwf	177,c	;volatile
  1647   003E62  0012               	return		;funcret
  1648   003E64                     __end_of_TMR3_Initialize:
  1649                           	callstack 0
  1650                           
  1651 ;; *************** function _TMR3_SetInterruptHandler *****************
  1652 ;; Defined at:
  1653 ;;		line 172 in file "mcc_generated_files/tmr3.c"
  1654 ;; Parameters:    Size  Location     Type
  1655 ;;  InterruptHan    2   21[COMRAM] PTR FTN()void 
  1656 ;;		 -> TMR3_DefaultInterruptHandler(1), Timer3IntHandler(1), 
  1657 ;; Auto vars:     Size  Location     Type
  1658 ;;		None
  1659 ;; Return value:  Size  Location     Type
  1660 ;;                  1    wreg      void 
  1661 ;; Registers used:
  1662 ;;		wreg, status,2, status,0
  1663 ;; Tracked objects:
  1664 ;;		On entry : 0/0
  1665 ;;		On exit  : 0/0
  1666 ;;		Unchanged: 0/0
  1667 ;; Data sizes:     COMRAM   BANK0   BANK1   BANK2   BANK3   BANK4   BANK5   BANK6   BANK7   BANK8   BANK9  BANK10  BANK1
      +1  BANK12  BANK13  BANK14  BANK15
  1668 ;;      Params:         2       0       0       0       0       0       0       0       0       0       0       0       
      +0       0       0       0       0
  1669 ;;      Locals:         0       0       0       0       0       0       0       0       0       0       0       0       
      +0       0       0       0       0
  1670 ;;      Temps:          0       0       0       0       0       0       0       0       0       0       0       0       
      +0       0       0       0       0
  1671 ;;      Totals:         2       0       0       0       0       0       0       0       0       0       0       0       
      +0       0       0       0       0
  1672 ;;Total ram usage:        2 bytes
  1673 ;; Hardware stack levels used: 1
  1674 ;; Hardware stack levels required when called: 5
  1675 ;; This function calls:
  1676 ;;		Nothing
  1677 ;; This function is called by:
  1678 ;;		_main
  1679 ;;		_TMR3_Initialize
  1680 ;; This function uses a non-reentrant model
  1681 ;;
  1682                           
  1683                           	psect	text4
  1684   0040FE                     __ptext4:
  1685                           	callstack 0
  1686   0040FE                     _TMR3_SetInterruptHandler:
  1687                           	callstack 25
  1688   0040FE                     
  1689                           ;mcc_generated_files/tmr3.c: 173:     TMR3_InterruptHandler = InterruptHandler;
  1690   0040FE  C016  F1AE         	movff	TMR3_SetInterruptHandler@InterruptHandler,_TMR3_InterruptHandler
  1691   004102  C017  F1AF         	movff	TMR3_SetInterruptHandler@InterruptHandler+1,_TMR3_InterruptHandler+1
  1692   004106  0012               	return		;funcret
  1693   004108                     __end_of_TMR3_SetInterruptHandler:
  1694                           	callstack 0
  1695                           
  1696 ;; *************** function _TMR1_Initialize *****************
  1697 ;; Defined at:
  1698 ;;		line 64 in file "mcc_generated_files/tmr1.c"
  1699 ;; Parameters:    Size  Location     Type
  1700 ;;		None
  1701 ;; Auto vars:     Size  Location     Type
  1702 ;;		None
  1703 ;; Return value:  Size  Location     Type
  1704 ;;                  1    wreg      void 
  1705 ;; Registers used:
  1706 ;;		wreg, status,2, status,0, cstack
  1707 ;; Tracked objects:
  1708 ;;		On entry : 0/0
  1709 ;;		On exit  : 0/0
  1710 ;;		Unchanged: 0/0
  1711 ;; Data sizes:     COMRAM   BANK0   BANK1   BANK2   BANK3   BANK4   BANK5   BANK6   BANK7   BANK8   BANK9  BANK10  BANK1
      +1  BANK12  BANK13  BANK14  BANK15
  1712 ;;      Params:         0       0       0       0       0       0       0       0       0       0       0       0       
      +0       0       0       0       0
  1713 ;;      Locals:         0       0       0       0       0       0       0       0       0       0       0       0       
      +0       0       0       0       0
  1714 ;;      Temps:          0       0       0       0       0       0       0       0       0       0       0       0       
      +0       0       0       0       0
  1715 ;;      Totals:         0       0       0       0       0       0       0       0       0       0       0       0       
      +0       0       0       0       0
  1716 ;;Total ram usage:        0 bytes
  1717 ;; Hardware stack levels used: 1
  1718 ;; Hardware stack levels required when called: 6
  1719 ;; This function calls:
  1720 ;;		_TMR1_SetInterruptHandler
  1721 ;; This function is called by:
  1722 ;;		_SYSTEM_Initialize
  1723 ;; This function uses a non-reentrant model
  1724 ;;
  1725                           
  1726                           	psect	text5
  1727   003E64                     __ptext5:
  1728                           	callstack 0
  1729   003E64                     _TMR1_Initialize:
  1730                           	callstack 23
  1731   003E64                     
  1732                           ;mcc_generated_files/tmr1.c: 69:     T1GCON = 0x00;
  1733   003E64  0E00               	movlw	0
  1734   003E66  6ECC               	movwf	204,c	;volatile
  1735                           
  1736                           ;mcc_generated_files/tmr1.c: 72:     TMR1H = 0x3C;
  1737   003E68  0E3C               	movlw	60
  1738   003E6A  6ECF               	movwf	207,c	;volatile
  1739                           
  1740                           ;mcc_generated_files/tmr1.c: 75:     TMR1L = 0xB0;
  1741   003E6C  0EB0               	movlw	176
  1742   003E6E  6ECE               	movwf	206,c	;volatile
  1743   003E70                     
  1744                           ;mcc_generated_files/tmr1.c: 78:     timer1ReloadVal=TMR1;
  1745   003E70  CFCE F1B4          	movff	4046,_timer1ReloadVal	;volatile
  1746   003E74  CFCF F1B5          	movff	4047,_timer1ReloadVal+1	;volatile
  1747   003E78                     
  1748                           ;mcc_generated_files/tmr1.c: 81:     PIR1bits.TMR1IF = 0;
  1749   003E78  909E               	bcf	158,0,c	;volatile
  1750   003E7A                     
  1751                           ;mcc_generated_files/tmr1.c: 84:     PIE1bits.TMR1IE = 1;
  1752   003E7A  809D               	bsf	157,0,c	;volatile
  1753   003E7C                     
  1754                           ;mcc_generated_files/tmr1.c: 87:     TMR1_SetInterruptHandler(TMR1_DefaultInterruptHandl
      +                          er);
  1755   003E7C  0EB4               	movlw	low _TMR1_DefaultInterruptHandler
  1756   003E7E  6E16               	movwf	TMR1_SetInterruptHandler@InterruptHandler^0,c
  1757   003E80  0E41               	movlw	high _TMR1_DefaultInterruptHandler
  1758   003E82  6E17               	movwf	(TMR1_SetInterruptHandler@InterruptHandler+1)^0,c
  1759   003E84  EC84  F020         	call	_TMR1_SetInterruptHandler	;wreg free
  1760   003E88                     
  1761                           ;mcc_generated_files/tmr1.c: 90:     T1CON = 0x31;
  1762   003E88  0E31               	movlw	49
  1763   003E8A  6ECD               	movwf	205,c	;volatile
  1764   003E8C  0012               	return		;funcret
  1765   003E8E                     __end_of_TMR1_Initialize:
  1766                           	callstack 0
  1767                           
  1768 ;; *************** function _TMR1_SetInterruptHandler *****************
  1769 ;; Defined at:
  1770 ;;		line 172 in file "mcc_generated_files/tmr1.c"
  1771 ;; Parameters:    Size  Location     Type
  1772 ;;  InterruptHan    2   21[COMRAM] PTR FTN()void 
  1773 ;;		 -> TMR1_DefaultInterruptHandler(1), Timer1IntHandler(1), 
  1774 ;; Auto vars:     Size  Location     Type
  1775 ;;		None
  1776 ;; Return value:  Size  Location     Type
  1777 ;;                  1    wreg      void 
  1778 ;; Registers used:
  1779 ;;		wreg, status,2, status,0
  1780 ;; Tracked objects:
  1781 ;;		On entry : 0/0
  1782 ;;		On exit  : 0/0
  1783 ;;		Unchanged: 0/0
  1784 ;; Data sizes:     COMRAM   BANK0   BANK1   BANK2   BANK3   BANK4   BANK5   BANK6   BANK7   BANK8   BANK9  BANK10  BANK1
      +1  BANK12  BANK13  BANK14  BANK15
  1785 ;;      Params:         2       0       0       0       0       0       0       0       0       0       0       0       
      +0       0       0       0       0
  1786 ;;      Locals:         0       0       0       0       0       0       0       0       0       0       0       0       
      +0       0       0       0       0
  1787 ;;      Temps:          0       0       0       0       0       0       0       0       0       0       0       0       
      +0       0       0       0       0
  1788 ;;      Totals:         2       0       0       0       0       0       0       0       0       0       0       0       
      +0       0       0       0       0
  1789 ;;Total ram usage:        2 bytes
  1790 ;; Hardware stack levels used: 1
  1791 ;; Hardware stack levels required when called: 5
  1792 ;; This function calls:
  1793 ;;		Nothing
  1794 ;; This function is called by:
  1795 ;;		_main
  1796 ;;		_TMR1_Initialize
  1797 ;; This function uses a non-reentrant model
  1798 ;;
  1799                           
  1800                           	psect	text6
  1801   004108                     __ptext6:
  1802                           	callstack 0
  1803   004108                     _TMR1_SetInterruptHandler:
  1804                           	callstack 25
  1805   004108                     
  1806                           ;mcc_generated_files/tmr1.c: 173:     TMR1_InterruptHandler = InterruptHandler;
  1807   004108  C016  F1B2         	movff	TMR1_SetInterruptHandler@InterruptHandler,_TMR1_InterruptHandler
  1808   00410C  C017  F1B3         	movff	TMR1_SetInterruptHandler@InterruptHandler+1,_TMR1_InterruptHandler+1
  1809   004110  0012               	return		;funcret
  1810   004112                     __end_of_TMR1_SetInterruptHandler:
  1811                           	callstack 0
  1812                           
  1813 ;; *************** function _TMR0_Initialize *****************
  1814 ;; Defined at:
  1815 ;;		line 67 in file "mcc_generated_files/tmr0.c"
  1816 ;; Parameters:    Size  Location     Type
  1817 ;;		None
  1818 ;; Auto vars:     Size  Location     Type
  1819 ;;		None
  1820 ;; Return value:  Size  Location     Type
  1821 ;;                  1    wreg      void 
  1822 ;; Registers used:
  1823 ;;		wreg, status,2, status,0, cstack
  1824 ;; Tracked objects:
  1825 ;;		On entry : 0/0
  1826 ;;		On exit  : 0/0
  1827 ;;		Unchanged: 0/0
  1828 ;; Data sizes:     COMRAM   BANK0   BANK1   BANK2   BANK3   BANK4   BANK5   BANK6   BANK7   BANK8   BANK9  BANK10  BANK1
      +1  BANK12  BANK13  BANK14  BANK15
  1829 ;;      Params:         0       0       0       0       0       0       0       0       0       0       0       0       
      +0       0       0       0       0
  1830 ;;      Locals:         0       0       0       0       0       0       0       0       0       0       0       0       
      +0       0       0       0       0
  1831 ;;      Temps:          2       0       0       0       0       0       0       0       0       0       0       0       
      +0       0       0       0       0
  1832 ;;      Totals:         2       0       0       0       0       0       0       0       0       0       0       0       
      +0       0       0       0       0
  1833 ;;Total ram usage:        2 bytes
  1834 ;; Hardware stack levels used: 1
  1835 ;; Hardware stack levels required when called: 6
  1836 ;; This function calls:
  1837 ;;		_TMR0_SetInterruptHandler
  1838 ;; This function is called by:
  1839 ;;		_SYSTEM_Initialize
  1840 ;; This function uses a non-reentrant model
  1841 ;;
  1842                           
  1843                           	psect	text7
  1844   003D4A                     __ptext7:
  1845                           	callstack 0
  1846   003D4A                     _TMR0_Initialize:
  1847                           	callstack 23
  1848   003D4A                     
  1849                           ;mcc_generated_files/tmr0.c: 72:     T0CONbits.T08BIT = 0;
  1850   003D4A  9CD5               	bcf	213,6,c	;volatile
  1851   003D4C                     
  1852                           ;mcc_generated_files/tmr0.c: 75:     TMR0H = 0x6D;
  1853   003D4C  0E6D               	movlw	109
  1854   003D4E  6ED7               	movwf	215,c	;volatile
  1855                           
  1856                           ;mcc_generated_files/tmr0.c: 78:     TMR0L = 0x83;
  1857   003D50  0E83               	movlw	131
  1858   003D52  6ED6               	movwf	214,c	;volatile
  1859   003D54                     
  1860                           ;mcc_generated_files/tmr0.c: 82:     timer0ReloadVal = (uint16_t)((TMR0H << 8) | TMR0L);
  1861   003D54  50D6               	movf	214,w,c	;volatile
  1862   003D56  CFD7 F018          	movff	4055,??_TMR0_Initialize	;volatile
  1863   003D5A  6A19               	clrf	(??_TMR0_Initialize+1)^0,c
  1864   003D5C  C018  F019         	movff	??_TMR0_Initialize,??_TMR0_Initialize+1
  1865   003D60  6A18               	clrf	??_TMR0_Initialize^0,c
  1866   003D62  1018               	iorwf	??_TMR0_Initialize^0,w,c
  1867   003D64  6E48               	movwf	_timer0ReloadVal^0,c	;volatile
  1868   003D66  5019               	movf	(??_TMR0_Initialize+1)^0,w,c
  1869   003D68  6E49               	movwf	(_timer0ReloadVal+1)^0,c	;volatile
  1870   003D6A                     
  1871                           ;mcc_generated_files/tmr0.c: 85:     INTCONbits.TMR0IF = 0;
  1872   003D6A  94F2               	bcf	242,2,c	;volatile
  1873   003D6C                     
  1874                           ;mcc_generated_files/tmr0.c: 88:     INTCONbits.TMR0IE = 1;
  1875   003D6C  8AF2               	bsf	242,5,c	;volatile
  1876   003D6E                     
  1877                           ;mcc_generated_files/tmr0.c: 91:     TMR0_SetInterruptHandler(TMR0_DefaultInterruptHandl
      +                          er);
  1878   003D6E  0EB6               	movlw	low _TMR0_DefaultInterruptHandler
  1879   003D70  6E16               	movwf	TMR0_SetInterruptHandler@InterruptHandler^0,c
  1880   003D72  0E41               	movlw	high _TMR0_DefaultInterruptHandler
  1881   003D74  6E17               	movwf	(TMR0_SetInterruptHandler@InterruptHandler+1)^0,c
  1882   003D76  EC89  F020         	call	_TMR0_SetInterruptHandler	;wreg free
  1883   003D7A                     
  1884                           ;mcc_generated_files/tmr0.c: 94:     T0CON = 0x93;
  1885   003D7A  0E93               	movlw	147
  1886   003D7C  6ED5               	movwf	213,c	;volatile
  1887   003D7E  0012               	return		;funcret
  1888   003D80                     __end_of_TMR0_Initialize:
  1889                           	callstack 0
  1890                           
  1891 ;; *************** function _TMR0_SetInterruptHandler *****************
  1892 ;; Defined at:
  1893 ;;		line 156 in file "mcc_generated_files/tmr0.c"
  1894 ;; Parameters:    Size  Location     Type
  1895 ;;  InterruptHan    2   21[COMRAM] PTR FTN()void 
  1896 ;;		 -> Timer0IntHandler(1), TMR0_DefaultInterruptHandler(1), 
  1897 ;; Auto vars:     Size  Location     Type
  1898 ;;		None
  1899 ;; Return value:  Size  Location     Type
  1900 ;;                  1    wreg      void 
  1901 ;; Registers used:
  1902 ;;		wreg, status,2, status,0
  1903 ;; Tracked objects:
  1904 ;;		On entry : 0/0
  1905 ;;		On exit  : 0/0
  1906 ;;		Unchanged: 0/0
  1907 ;; Data sizes:     COMRAM   BANK0   BANK1   BANK2   BANK3   BANK4   BANK5   BANK6   BANK7   BANK8   BANK9  BANK10  BANK1
      +1  BANK12  BANK13  BANK14  BANK15
  1908 ;;      Params:         2       0       0       0       0       0       0       0       0       0       0       0       
      +0       0       0       0       0
  1909 ;;      Locals:         0       0       0       0       0       0       0       0       0       0       0       0       
      +0       0       0       0       0
  1910 ;;      Temps:          0       0       0       0       0       0       0       0       0       0       0       0       
      +0       0       0       0       0
  1911 ;;      Totals:         2       0       0       0       0       0       0       0       0       0       0       0       
      +0       0       0       0       0
  1912 ;;Total ram usage:        2 bytes
  1913 ;; Hardware stack levels used: 1
  1914 ;; Hardware stack levels required when called: 5
  1915 ;; This function calls:
  1916 ;;		Nothing
  1917 ;; This function is called by:
  1918 ;;		_TMR0_Initialize
  1919 ;;		_main
  1920 ;; This function uses a non-reentrant model
  1921 ;;
  1922                           
  1923                           	psect	text8
  1924   004112                     __ptext8:
  1925                           	callstack 0
  1926   004112                     _TMR0_SetInterruptHandler:
  1927                           	callstack 25
  1928   004112                     
  1929                           ;mcc_generated_files/tmr0.c: 157:     TMR0_InterruptHandler = InterruptHandler;
  1930   004112  C016  F1B6         	movff	TMR0_SetInterruptHandler@InterruptHandler,_TMR0_InterruptHandler
  1931   004116  C017  F1B7         	movff	TMR0_SetInterruptHandler@InterruptHandler+1,_TMR0_InterruptHandler+1
  1932   00411A  0012               	return		;funcret
  1933   00411C                     __end_of_TMR0_SetInterruptHandler:
  1934                           	callstack 0
  1935                           
  1936 ;; *************** function _PIN_MANAGER_Initialize *****************
  1937 ;; Defined at:
  1938 ;;		line 55 in file "mcc_generated_files/pin_manager.c"
  1939 ;; Parameters:    Size  Location     Type
  1940 ;;		None
  1941 ;; Auto vars:     Size  Location     Type
  1942 ;;		None
  1943 ;; Return value:  Size  Location     Type
  1944 ;;                  1    wreg      void 
  1945 ;; Registers used:
  1946 ;;		wreg, status,2
  1947 ;; Tracked objects:
  1948 ;;		On entry : 0/0
  1949 ;;		On exit  : 0/0
  1950 ;;		Unchanged: 0/0
  1951 ;; Data sizes:     COMRAM   BANK0   BANK1   BANK2   BANK3   BANK4   BANK5   BANK6   BANK7   BANK8   BANK9  BANK10  BANK1
      +1  BANK12  BANK13  BANK14  BANK15
  1952 ;;      Params:         0       0       0       0       0       0       0       0       0       0       0       0       
      +0       0       0       0       0
  1953 ;;      Locals:         0       0       0       0       0       0       0       0       0       0       0       0       
      +0       0       0       0       0
  1954 ;;      Temps:          0       0       0       0       0       0       0       0       0       0       0       0       
      +0       0       0       0       0
  1955 ;;      Totals:         0       0       0       0       0       0       0       0       0       0       0       0       
      +0       0       0       0       0
  1956 ;;Total ram usage:        0 bytes
  1957 ;; Hardware stack levels used: 1
  1958 ;; Hardware stack levels required when called: 5
  1959 ;; This function calls:
  1960 ;;		Nothing
  1961 ;; This function is called by:
  1962 ;;		_SYSTEM_Initialize
  1963 ;; This function uses a non-reentrant model
  1964 ;;
  1965                           
  1966                           	psect	text9
  1967   003BA8                     __ptext9:
  1968                           	callstack 0
  1969   003BA8                     _PIN_MANAGER_Initialize:
  1970                           	callstack 24
  1971   003BA8                     
  1972                           ;mcc_generated_files/pin_manager.c: 60:     LATE = 0x00;
  1973   003BA8  0E00               	movlw	0
  1974   003BAA  6E8D               	movwf	141,c	;volatile
  1975                           
  1976                           ;mcc_generated_files/pin_manager.c: 61:     LATD = 0x0C;
  1977   003BAC  0E0C               	movlw	12
  1978   003BAE  6E8C               	movwf	140,c	;volatile
  1979                           
  1980                           ;mcc_generated_files/pin_manager.c: 62:     LATA = 0x00;
  1981   003BB0  0E00               	movlw	0
  1982   003BB2  6E89               	movwf	137,c	;volatile
  1983                           
  1984                           ;mcc_generated_files/pin_manager.c: 63:     LATB = 0x00;
  1985   003BB4  0E00               	movlw	0
  1986   003BB6  6E8A               	movwf	138,c	;volatile
  1987                           
  1988                           ;mcc_generated_files/pin_manager.c: 64:     LATC = 0x00;
  1989   003BB8  0E00               	movlw	0
  1990   003BBA  6E8B               	movwf	139,c	;volatile
  1991                           
  1992                           ;mcc_generated_files/pin_manager.c: 69:     TRISE = 0x07;
  1993   003BBC  0E07               	movlw	7
  1994   003BBE  6E96               	movwf	150,c	;volatile
  1995   003BC0                     
  1996                           ;mcc_generated_files/pin_manager.c: 70:     TRISA = 0xFF;
  1997   003BC0  6892               	setf	146,c	;volatile
  1998   003BC2                     
  1999                           ;mcc_generated_files/pin_manager.c: 71:     TRISB = 0xFF;
  2000   003BC2  6893               	setf	147,c	;volatile
  2001                           
  2002                           ;mcc_generated_files/pin_manager.c: 72:     TRISC = 0x9F;
  2003   003BC4  0E9F               	movlw	159
  2004   003BC6  6E94               	movwf	148,c	;volatile
  2005                           
  2006                           ;mcc_generated_files/pin_manager.c: 73:     TRISD = 0xF3;
  2007   003BC8  0EF3               	movlw	243
  2008   003BCA  6E95               	movwf	149,c	;volatile
  2009                           
  2010                           ;mcc_generated_files/pin_manager.c: 78:     ANSELD = 0xF0;
  2011   003BCC  0EF0               	movlw	240
  2012   003BCE  010F               	movlb	15	; () banked
  2013   003BD0  6F3B               	movwf	59,b	;volatile
  2014                           
  2015                           ;mcc_generated_files/pin_manager.c: 79:     ANSELC = 0x1C;
  2016   003BD2  0E1C               	movlw	28
  2017   003BD4  6F3A               	movwf	58,b	;volatile
  2018                           
  2019                           ;mcc_generated_files/pin_manager.c: 80:     ANSELB = 0x3F;
  2020   003BD6  0E3F               	movlw	63
  2021   003BD8  6F39               	movwf	57,b	;volatile
  2022                           
  2023                           ;mcc_generated_files/pin_manager.c: 81:     ANSELE = 0x06;
  2024   003BDA  0E06               	movlw	6
  2025   003BDC  6F3C               	movwf	60,b	;volatile
  2026                           
  2027                           ;mcc_generated_files/pin_manager.c: 82:     ANSELA = 0x20;
  2028   003BDE  0E20               	movlw	32
  2029   003BE0  6F38               	movwf	56,b	;volatile
  2030                           
  2031                           ;mcc_generated_files/pin_manager.c: 87:     WPUB = 0x00;
  2032   003BE2  0E00               	movlw	0
  2033   003BE4  6E61               	movwf	97,c	;volatile
  2034   003BE6                     
  2035                           ; BSR set to: 15
  2036                           ;mcc_generated_files/pin_manager.c: 88:     INTCON2bits.nRBPU = 1;
  2037   003BE6  8EF1               	bsf	241,7,c	;volatile
  2038   003BE8                     
  2039                           ; BSR set to: 15
  2040   003BE8  0012               	return		;funcret
  2041   003BEA                     __end_of_PIN_MANAGER_Initialize:
  2042                           	callstack 0
  2043                           
  2044 ;; *************** function _OSCILLATOR_Initialize *****************
  2045 ;; Defined at:
  2046 ;;		line 62 in file "mcc_generated_files/mcc.c"
  2047 ;; Parameters:    Size  Location     Type
  2048 ;;		None
  2049 ;; Auto vars:     Size  Location     Type
  2050 ;;		None
  2051 ;; Return value:  Size  Location     Type
  2052 ;;                  1    wreg      void 
  2053 ;; Registers used:
  2054 ;;		wreg, status,2
  2055 ;; Tracked objects:
  2056 ;;		On entry : 0/0
  2057 ;;		On exit  : 0/0
  2058 ;;		Unchanged: 0/0
  2059 ;; Data sizes:     COMRAM   BANK0   BANK1   BANK2   BANK3   BANK4   BANK5   BANK6   BANK7   BANK8   BANK9  BANK10  BANK1
      +1  BANK12  BANK13  BANK14  BANK15
  2060 ;;      Params:         0       0       0       0       0       0       0       0       0       0       0       0       
      +0       0       0       0       0
  2061 ;;      Locals:         0       0       0       0       0       0       0       0       0       0       0       0       
      +0       0       0       0       0
  2062 ;;      Temps:          0       0       0       0       0       0       0       0       0       0       0       0       
      +0       0       0       0       0
  2063 ;;      Totals:         0       0       0       0       0       0       0       0       0       0       0       0       
      +0       0       0       0       0
  2064 ;;Total ram usage:        0 bytes
  2065 ;; Hardware stack levels used: 1
  2066 ;; Hardware stack levels required when called: 5
  2067 ;; This function calls:
  2068 ;;		Nothing
  2069 ;; This function is called by:
  2070 ;;		_SYSTEM_Initialize
  2071 ;; This function uses a non-reentrant model
  2072 ;;
  2073                           
  2074                           	psect	text10
  2075   0040B0                     __ptext10:
  2076                           	callstack 0
  2077   0040B0                     _OSCILLATOR_Initialize:
  2078                           	callstack 24
  2079   0040B0                     
  2080                           ;mcc_generated_files/mcc.c: 65:     OSCCON = 0x70;
  2081   0040B0  0E70               	movlw	112
  2082   0040B2  6ED3               	movwf	211,c	;volatile
  2083                           
  2084                           ;mcc_generated_files/mcc.c: 67:     OSCCON2 = 0x04;
  2085   0040B4  0E04               	movlw	4
  2086   0040B6  6ED2               	movwf	210,c	;volatile
  2087                           
  2088                           ;mcc_generated_files/mcc.c: 69:     OSCTUNE = 0x00;
  2089   0040B8  0E00               	movlw	0
  2090   0040BA  6E9B               	movwf	155,c	;volatile
  2091   0040BC  0012               	return		;funcret
  2092   0040BE                     __end_of_OSCILLATOR_Initialize:
  2093                           	callstack 0
  2094                           
  2095 ;; *************** function _INTERRUPT_Initialize *****************
  2096 ;; Defined at:
  2097 ;;		line 52 in file "mcc_generated_files/interrupt_manager.c"
  2098 ;; Parameters:    Size  Location     Type
  2099 ;;		None
  2100 ;; Auto vars:     Size  Location     Type
  2101 ;;		None
  2102 ;; Return value:  Size  Location     Type
  2103 ;;                  1    wreg      void 
  2104 ;; Registers used:
  2105 ;;		None
  2106 ;; Tracked objects:
  2107 ;;		On entry : 0/0
  2108 ;;		On exit  : 0/0
  2109 ;;		Unchanged: 0/0
  2110 ;; Data sizes:     COMRAM   BANK0   BANK1   BANK2   BANK3   BANK4   BANK5   BANK6   BANK7   BANK8   BANK9  BANK10  BANK1
      +1  BANK12  BANK13  BANK14  BANK15
  2111 ;;      Params:         0       0       0       0       0       0       0       0       0       0       0       0       
      +0       0       0       0       0
  2112 ;;      Locals:         0       0       0       0       0       0       0       0       0       0       0       0       
      +0       0       0       0       0
  2113 ;;      Temps:          0       0       0       0       0       0       0       0       0       0       0       0       
      +0       0       0       0       0
  2114 ;;      Totals:         0       0       0       0       0       0       0       0       0       0       0       0       
      +0       0       0       0       0
  2115 ;;Total ram usage:        0 bytes
  2116 ;; Hardware stack levels used: 1
  2117 ;; Hardware stack levels required when called: 5
  2118 ;; This function calls:
  2119 ;;		Nothing
  2120 ;; This function is called by:
  2121 ;;		_SYSTEM_Initialize
  2122 ;; This function uses a non-reentrant model
  2123 ;;
  2124                           
  2125                           	psect	text11
  2126   00418E                     __ptext11:
  2127                           	callstack 0
  2128   00418E                     _INTERRUPT_Initialize:
  2129                           	callstack 24
  2130   00418E                     
  2131                           ;mcc_generated_files/interrupt_manager.c: 55:     RCONbits.IPEN = 0;
  2132   00418E  9ED0               	bcf	208,7,c	;volatile
  2133   004190  0012               	return		;funcret
  2134   004192                     __end_of_INTERRUPT_Initialize:
  2135                           	callstack 0
  2136                           
  2137 ;; *************** function _EUSART1_Initialize *****************
  2138 ;; Defined at:
  2139 ;;		line 81 in file "mcc_generated_files/eusart1.c"
  2140 ;; Parameters:    Size  Location     Type
  2141 ;;		None
  2142 ;; Auto vars:     Size  Location     Type
  2143 ;;		None
  2144 ;; Return value:  Size  Location     Type
  2145 ;;                  1    wreg      void 
  2146 ;; Registers used:
  2147 ;;		wreg, status,2, status,0, cstack
  2148 ;; Tracked objects:
  2149 ;;		On entry : 0/0
  2150 ;;		On exit  : 0/0
  2151 ;;		Unchanged: 0/0
  2152 ;; Data sizes:     COMRAM   BANK0   BANK1   BANK2   BANK3   BANK4   BANK5   BANK6   BANK7   BANK8   BANK9  BANK10  BANK1
      +1  BANK12  BANK13  BANK14  BANK15
  2153 ;;      Params:         0       0       0       0       0       0       0       0       0       0       0       0       
      +0       0       0       0       0
  2154 ;;      Locals:         0       0       0       0       0       0       0       0       0       0       0       0       
      +0       0       0       0       0
  2155 ;;      Temps:          0       0       0       0       0       0       0       0       0       0       0       0       
      +0       0       0       0       0
  2156 ;;      Totals:         0       0       0       0       0       0       0       0       0       0       0       0       
      +0       0       0       0       0
  2157 ;;Total ram usage:        0 bytes
  2158 ;; Hardware stack levels used: 1
  2159 ;; Hardware stack levels required when called: 6
  2160 ;; This function calls:
  2161 ;;		_EUSART1_SetErrorHandler
  2162 ;;		_EUSART1_SetFramingErrorHandler
  2163 ;;		_EUSART1_SetOverrunErrorHandler
  2164 ;;		_EUSART1_SetRxInterruptHandler
  2165 ;; This function is called by:
  2166 ;;		_SYSTEM_Initialize
  2167 ;; This function uses a non-reentrant model
  2168 ;;
  2169                           
  2170                           	psect	text12
  2171   0036D6                     __ptext12:
  2172                           	callstack 0
  2173   0036D6                     _EUSART1_Initialize:
  2174                           	callstack 23
  2175   0036D6                     
  2176                           ;mcc_generated_files/eusart1.c: 84:     PIE1bits.RC1IE = 0;
  2177   0036D6  9A9D               	bcf	157,5,c	;volatile
  2178   0036D8                     
  2179                           ;mcc_generated_files/eusart1.c: 85:     EUSART1_SetRxInterruptHandler(EUSART1_Receive_IS
      +                          R);
  2180   0036D8  0E28               	movlw	low _EUSART1_Receive_ISR
  2181   0036DA  6E16               	movwf	EUSART1_SetRxInterruptHandler@interruptHandler^0,c
  2182   0036DC  0E2C               	movlw	high _EUSART1_Receive_ISR
  2183   0036DE  6E17               	movwf	(EUSART1_SetRxInterruptHandler@interruptHandler+1)^0,c
  2184   0036E0  EC8E  F020         	call	_EUSART1_SetRxInterruptHandler	;wreg free
  2185   0036E4                     
  2186                           ;mcc_generated_files/eusart1.c: 89:     BAUDCON1 = 0x08;
  2187   0036E4  0E08               	movlw	8
  2188   0036E6  6EB8               	movwf	184,c	;volatile
  2189   0036E8                     
  2190                           ;mcc_generated_files/eusart1.c: 92:     RCSTA1 = 0x90;
  2191   0036E8  0E90               	movlw	144
  2192   0036EA  6EAB               	movwf	171,c	;volatile
  2193   0036EC                     
  2194                           ;mcc_generated_files/eusart1.c: 95:     TXSTA1 = 0x24;
  2195   0036EC  0E24               	movlw	36
  2196   0036EE  6EAC               	movwf	172,c	;volatile
  2197   0036F0                     
  2198                           ;mcc_generated_files/eusart1.c: 98:     SPBRG1 = 0xCF;
  2199   0036F0  0ECF               	movlw	207
  2200   0036F2  6EAF               	movwf	175,c	;volatile
  2201   0036F4                     
  2202                           ;mcc_generated_files/eusart1.c: 101:     SPBRGH1 = 0x00;
  2203   0036F4  0E00               	movlw	0
  2204   0036F6  6EB0               	movwf	176,c	;volatile
  2205   0036F8                     
  2206                           ;mcc_generated_files/eusart1.c: 104:     EUSART1_SetFramingErrorHandler(EUSART1_DefaultF
      +                          ramingErrorHandler);
  2207   0036F8  0EB8               	movlw	low _EUSART1_DefaultFramingErrorHandler
  2208   0036FA  6E16               	movwf	EUSART1_SetFramingErrorHandler@interruptHandler^0,c
  2209   0036FC  0E41               	movlw	high _EUSART1_DefaultFramingErrorHandler
  2210   0036FE  6E17               	movwf	(EUSART1_SetFramingErrorHandler@interruptHandler+1)^0,c
  2211   003700  EC98  F020         	call	_EUSART1_SetFramingErrorHandler	;wreg free
  2212   003704                     
  2213                           ;mcc_generated_files/eusart1.c: 105:     EUSART1_SetOverrunErrorHandler(EUSART1_DefaultO
      +                          verrunErrorHandler);
  2214   003704  0E82               	movlw	low _EUSART1_DefaultOverrunErrorHandler
  2215   003706  6E16               	movwf	EUSART1_SetOverrunErrorHandler@interruptHandler^0,c
  2216   003708  0E41               	movlw	high _EUSART1_DefaultOverrunErrorHandler
  2217   00370A  6E17               	movwf	(EUSART1_SetOverrunErrorHandler@interruptHandler+1)^0,c
  2218   00370C  EC93  F020         	call	_EUSART1_SetOverrunErrorHandler	;wreg free
  2219   003710                     
  2220                           ;mcc_generated_files/eusart1.c: 106:     EUSART1_SetErrorHandler(EUSART1_DefaultErrorHan
      +                          dler);
  2221   003710  0E88               	movlw	low _EUSART1_DefaultErrorHandler
  2222   003712  6E16               	movwf	EUSART1_SetErrorHandler@interruptHandler^0,c
  2223   003714  0E41               	movlw	high _EUSART1_DefaultErrorHandler
  2224   003716  6E17               	movwf	(EUSART1_SetErrorHandler@interruptHandler+1)^0,c
  2225   003718  EC9D  F020         	call	_EUSART1_SetErrorHandler	;wreg free
  2226                           
  2227                           ;mcc_generated_files/eusart1.c: 108:     eusart1RxLastError.status = 0;
  2228   00371C  0E00               	movlw	0
  2229   00371E  0100               	movlb	0	; () banked
  2230   003720  6FCD               	movwf	_eusart1RxLastError& (0+255),b	;volatile
  2231                           
  2232                           ;mcc_generated_files/eusart1.c: 111:     eusart1RxHead = 0;
  2233   003722  0E00               	movlw	0
  2234   003724  6E47               	movwf	_eusart1RxHead^0,c	;volatile
  2235                           
  2236                           ;mcc_generated_files/eusart1.c: 112:     eusart1RxTail = 0;
  2237   003726  0E00               	movlw	0
  2238   003728  6E46               	movwf	_eusart1RxTail^0,c	;volatile
  2239                           
  2240                           ;mcc_generated_files/eusart1.c: 113:     eusart1RxCount = 0;
  2241   00372A  0E00               	movlw	0
  2242   00372C  6E45               	movwf	_eusart1RxCount^0,c	;volatile
  2243   00372E                     
  2244                           ; BSR set to: 0
  2245                           ;mcc_generated_files/eusart1.c: 116:     PIE1bits.RC1IE = 1;
  2246   00372E  8A9D               	bsf	157,5,c	;volatile
  2247   003730                     
  2248                           ; BSR set to: 0
  2249   003730  0012               	return		;funcret
  2250   003732                     __end_of_EUSART1_Initialize:
  2251                           	callstack 0
  2252                           
  2253 ;; *************** function _EUSART1_SetRxInterruptHandler *****************
  2254 ;; Defined at:
  2255 ;;		line 239 in file "mcc_generated_files/eusart1.c"
  2256 ;; Parameters:    Size  Location     Type
  2257 ;;  interruptHan    2   21[COMRAM] PTR FTN()void 
  2258 ;;		 -> my_RX_ISR(1), EUSART1_Receive_ISR(1), 
  2259 ;; Auto vars:     Size  Location     Type
  2260 ;;		None
  2261 ;; Return value:  Size  Location     Type
  2262 ;;                  1    wreg      void 
  2263 ;; Registers used:
  2264 ;;		wreg, status,2, status,0
  2265 ;; Tracked objects:
  2266 ;;		On entry : 0/0
  2267 ;;		On exit  : 0/0
  2268 ;;		Unchanged: 0/0
  2269 ;; Data sizes:     COMRAM   BANK0   BANK1   BANK2   BANK3   BANK4   BANK5   BANK6   BANK7   BANK8   BANK9  BANK10  BANK1
      +1  BANK12  BANK13  BANK14  BANK15
  2270 ;;      Params:         2       0       0       0       0       0       0       0       0       0       0       0       
      +0       0       0       0       0
  2271 ;;      Locals:         0       0       0       0       0       0       0       0       0       0       0       0       
      +0       0       0       0       0
  2272 ;;      Temps:          0       0       0       0       0       0       0       0       0       0       0       0       
      +0       0       0       0       0
  2273 ;;      Totals:         2       0       0       0       0       0       0       0       0       0       0       0       
      +0       0       0       0       0
  2274 ;;Total ram usage:        2 bytes
  2275 ;; Hardware stack levels used: 1
  2276 ;; Hardware stack levels required when called: 5
  2277 ;; This function calls:
  2278 ;;		Nothing
  2279 ;; This function is called by:
  2280 ;;		_EUSART1_Initialize
  2281 ;;		_main
  2282 ;; This function uses a non-reentrant model
  2283 ;;
  2284                           
  2285                           	psect	text13
  2286   00411C                     __ptext13:
  2287                           	callstack 0
  2288   00411C                     _EUSART1_SetRxInterruptHandler:
  2289                           	callstack 23
  2290   00411C                     
  2291                           ;mcc_generated_files/eusart1.c: 240:     EUSART1_RxDefaultInterruptHandler = interruptHa
      +                          ndler;
  2292   00411C  C016  F1BE         	movff	EUSART1_SetRxInterruptHandler@interruptHandler,_EUSART1_RxDefaultInterruptHandler
  2293   004120  C017  F1BF         	movff	EUSART1_SetRxInterruptHandler@interruptHandler+1,_EUSART1_RxDefaultInterruptHandl
      +                          er+1
  2294   004124  0012               	return		;funcret
  2295   004126                     __end_of_EUSART1_SetRxInterruptHandler:
  2296                           	callstack 0
  2297                           
  2298 ;; *************** function _EUSART1_SetOverrunErrorHandler *****************
  2299 ;; Defined at:
  2300 ;;		line 230 in file "mcc_generated_files/eusart1.c"
  2301 ;; Parameters:    Size  Location     Type
  2302 ;;  interruptHan    2   21[COMRAM] PTR FTN()void 
  2303 ;;		 -> EUSART1_DefaultOverrunErrorHandler(1), 
  2304 ;; Auto vars:     Size  Location     Type
  2305 ;;		None
  2306 ;; Return value:  Size  Location     Type
  2307 ;;                  1    wreg      void 
  2308 ;; Registers used:
  2309 ;;		wreg, status,2, status,0
  2310 ;; Tracked objects:
  2311 ;;		On entry : 0/0
  2312 ;;		On exit  : 0/0
  2313 ;;		Unchanged: 0/0
  2314 ;; Data sizes:     COMRAM   BANK0   BANK1   BANK2   BANK3   BANK4   BANK5   BANK6   BANK7   BANK8   BANK9  BANK10  BANK1
      +1  BANK12  BANK13  BANK14  BANK15
  2315 ;;      Params:         2       0       0       0       0       0       0       0       0       0       0       0       
      +0       0       0       0       0
  2316 ;;      Locals:         0       0       0       0       0       0       0       0       0       0       0       0       
      +0       0       0       0       0
  2317 ;;      Temps:          0       0       0       0       0       0       0       0       0       0       0       0       
      +0       0       0       0       0
  2318 ;;      Totals:         2       0       0       0       0       0       0       0       0       0       0       0       
      +0       0       0       0       0
  2319 ;;Total ram usage:        2 bytes
  2320 ;; Hardware stack levels used: 1
  2321 ;; Hardware stack levels required when called: 5
  2322 ;; This function calls:
  2323 ;;		Nothing
  2324 ;; This function is called by:
  2325 ;;		_EUSART1_Initialize
  2326 ;; This function uses a non-reentrant model
  2327 ;;
  2328                           
  2329                           	psect	text14
  2330   004126                     __ptext14:
  2331                           	callstack 0
  2332   004126                     _EUSART1_SetOverrunErrorHandler:
  2333                           	callstack 23
  2334   004126                     
  2335                           ;mcc_generated_files/eusart1.c: 231:     EUSART1_OverrunErrorHandler = interruptHandler;
  2336   004126  C016  F1BA         	movff	EUSART1_SetOverrunErrorHandler@interruptHandler,_EUSART1_OverrunErrorHandler
  2337   00412A  C017  F1BB         	movff	EUSART1_SetOverrunErrorHandler@interruptHandler+1,_EUSART1_OverrunErrorHandler+1
  2338   00412E  0012               	return		;funcret
  2339   004130                     __end_of_EUSART1_SetOverrunErrorHandler:
  2340                           	callstack 0
  2341                           
  2342 ;; *************** function _EUSART1_SetFramingErrorHandler *****************
  2343 ;; Defined at:
  2344 ;;		line 226 in file "mcc_generated_files/eusart1.c"
  2345 ;; Parameters:    Size  Location     Type
  2346 ;;  interruptHan    2   21[COMRAM] PTR FTN()void 
  2347 ;;		 -> EUSART1_DefaultFramingErrorHandler(1), 
  2348 ;; Auto vars:     Size  Location     Type
  2349 ;;		None
  2350 ;; Return value:  Size  Location     Type
  2351 ;;                  1    wreg      void 
  2352 ;; Registers used:
  2353 ;;		wreg, status,2, status,0
  2354 ;; Tracked objects:
  2355 ;;		On entry : 0/0
  2356 ;;		On exit  : 0/0
  2357 ;;		Unchanged: 0/0
  2358 ;; Data sizes:     COMRAM   BANK0   BANK1   BANK2   BANK3   BANK4   BANK5   BANK6   BANK7   BANK8   BANK9  BANK10  BANK1
      +1  BANK12  BANK13  BANK14  BANK15
  2359 ;;      Params:         2       0       0       0       0       0       0       0       0       0       0       0       
      +0       0       0       0       0
  2360 ;;      Locals:         0       0       0       0       0       0       0       0       0       0       0       0       
      +0       0       0       0       0
  2361 ;;      Temps:          0       0       0       0       0       0       0       0       0       0       0       0       
      +0       0       0       0       0
  2362 ;;      Totals:         2       0       0       0       0       0       0       0       0       0       0       0       
      +0       0       0       0       0
  2363 ;;Total ram usage:        2 bytes
  2364 ;; Hardware stack levels used: 1
  2365 ;; Hardware stack levels required when called: 5
  2366 ;; This function calls:
  2367 ;;		Nothing
  2368 ;; This function is called by:
  2369 ;;		_EUSART1_Initialize
  2370 ;; This function uses a non-reentrant model
  2371 ;;
  2372                           
  2373                           	psect	text15
  2374   004130                     __ptext15:
  2375                           	callstack 0
  2376   004130                     _EUSART1_SetFramingErrorHandler:
  2377                           	callstack 23
  2378   004130                     
  2379                           ;mcc_generated_files/eusart1.c: 227:     EUSART1_FramingErrorHandler = interruptHandler;
  2380   004130  C016  F1BC         	movff	EUSART1_SetFramingErrorHandler@interruptHandler,_EUSART1_FramingErrorHandler
  2381   004134  C017  F1BD         	movff	EUSART1_SetFramingErrorHandler@interruptHandler+1,_EUSART1_FramingErrorHandler+1
  2382   004138  0012               	return		;funcret
  2383   00413A                     __end_of_EUSART1_SetFramingErrorHandler:
  2384                           	callstack 0
  2385                           
  2386 ;; *************** function _EUSART1_SetErrorHandler *****************
  2387 ;; Defined at:
  2388 ;;		line 234 in file "mcc_generated_files/eusart1.c"
  2389 ;; Parameters:    Size  Location     Type
  2390 ;;  interruptHan    2   21[COMRAM] PTR FTN()void 
  2391 ;;		 -> EUSART1_DefaultErrorHandler(1), 
  2392 ;; Auto vars:     Size  Location     Type
  2393 ;;		None
  2394 ;; Return value:  Size  Location     Type
  2395 ;;                  1    wreg      void 
  2396 ;; Registers used:
  2397 ;;		wreg, status,2, status,0
  2398 ;; Tracked objects:
  2399 ;;		On entry : 0/0
  2400 ;;		On exit  : 0/0
  2401 ;;		Unchanged: 0/0
  2402 ;; Data sizes:     COMRAM   BANK0   BANK1   BANK2   BANK3   BANK4   BANK5   BANK6   BANK7   BANK8   BANK9  BANK10  BANK1
      +1  BANK12  BANK13  BANK14  BANK15
  2403 ;;      Params:         2       0       0       0       0       0       0       0       0       0       0       0       
      +0       0       0       0       0
  2404 ;;      Locals:         0       0       0       0       0       0       0       0       0       0       0       0       
      +0       0       0       0       0
  2405 ;;      Temps:          0       0       0       0       0       0       0       0       0       0       0       0       
      +0       0       0       0       0
  2406 ;;      Totals:         2       0       0       0       0       0       0       0       0       0       0       0       
      +0       0       0       0       0
  2407 ;;Total ram usage:        2 bytes
  2408 ;; Hardware stack levels used: 1
  2409 ;; Hardware stack levels required when called: 5
  2410 ;; This function calls:
  2411 ;;		Nothing
  2412 ;; This function is called by:
  2413 ;;		_EUSART1_Initialize
  2414 ;; This function uses a non-reentrant model
  2415 ;;
  2416                           
  2417                           	psect	text16
  2418   00413A                     __ptext16:
  2419                           	callstack 0
  2420   00413A                     _EUSART1_SetErrorHandler:
  2421                           	callstack 23
  2422   00413A                     
  2423                           ;mcc_generated_files/eusart1.c: 235:     EUSART1_ErrorHandler = interruptHandler;
  2424   00413A  C016  F1B8         	movff	EUSART1_SetErrorHandler@interruptHandler,_EUSART1_ErrorHandler
  2425   00413E  C017  F1B9         	movff	EUSART1_SetErrorHandler@interruptHandler+1,_EUSART1_ErrorHandler+1
  2426   004142  0012               	return		;funcret
  2427   004144                     __end_of_EUSART1_SetErrorHandler:
  2428                           	callstack 0
  2429                           
  2430 ;; *************** function _Execute *****************
  2431 ;; Defined at:
  2432 ;;		line 264 in file "main.c"
  2433 ;; Parameters:    Size  Location     Type
  2434 ;;		None
  2435 ;; Auto vars:     Size  Location     Type
  2436 ;;  data_ch4       10   60[BANK2 ] unsigned char [10]
  2437 ;;  data_ch3       10   50[BANK2 ] unsigned char [10]
  2438 ;;  data_ch2       10   40[BANK2 ] unsigned char [10]
  2439 ;;  data_ch1       10   30[BANK2 ] unsigned char [10]
  2440 ;;  acknowledge_   30    0[BANK2 ] unsigned char [30]
  2441 ;;  k               1   70[BANK2 ] unsigned char 
  2442 ;; Return value:  Size  Location     Type
  2443 ;;                  1    wreg      void 
  2444 ;; Registers used:
  2445 ;;		wreg, fsr1l, fsr1h, fsr2l, fsr2h, status,2, status,0, tblptrl, tblptrh, tblptru, prodl, prodh, cstack
  2446 ;; Tracked objects:
  2447 ;;		On entry : 0/0
  2448 ;;		On exit  : 0/0
  2449 ;;		Unchanged: 0/0
  2450 ;; Data sizes:     COMRAM   BANK0   BANK1   BANK2   BANK3   BANK4   BANK5   BANK6   BANK7   BANK8   BANK9  BANK10  BANK1
      +1  BANK12  BANK13  BANK14  BANK15
  2451 ;;      Params:         0       0       0       0       0       0       0       0       0       0       0       0       
      +0       0       0       0       0
  2452 ;;      Locals:         0       0       0      73       0       0       0       0       0       0       0       0       
      +0       0       0       0       0
  2453 ;;      Temps:          0       0       0       0       0       0       0       0       0       0       0       0       
      +0       0       0       0       0
  2454 ;;      Totals:         0       0       0      73       0       0       0       0       0       0       0       0       
      +0       0       0       0       0
  2455 ;;Total ram usage:       73 bytes
  2456 ;; Hardware stack levels used: 1
  2457 ;; Hardware stack levels required when called: 16
  2458 ;; This function calls:
  2459 ;;		_ACKframeChecksum
  2460 ;;		_AD5593_ADC_read
  2461 ;;		_TMR0_Reload
  2462 ;;		_TMR0_StartTimer
  2463 ;;		_TMR0_StopTimer
  2464 ;;		_memcpy
  2465 ;;		_send_string
  2466 ;;		_sprintf
  2467 ;;		_strlen
  2468 ;; This function is called by:
  2469 ;;		_main
  2470 ;; This function uses a non-reentrant model
  2471 ;;
  2472                           
  2473                           	psect	text17
  2474   0019E4                     __ptext17:
  2475                           	callstack 0
  2476   0019E4                     _Execute:
  2477                           	callstack 14
  2478   0019E4                     
  2479                           ;main.c: 266:     char acknowledge_frame[30];;main.c: 268:     uint8_t k;;main.c: 269:  
      +                             for(k=0;k<30;k++){
  2480   0019E4  0E00               	movlw	0
  2481   0019E6  0102               	movlb	2	; () banked
  2482   0019E8  6F46               	movwf	Execute@k& (0+255),b
  2483   0019EA                     l6930:
  2484                           
  2485                           ; BSR set to: 2
  2486                           ;main.c: 270:         acknowledge_frame[k] = ((void*)0);
  2487   0019EA  0E00               	movlw	low Execute@acknowledge_frame
  2488   0019EC  2546               	addwf	Execute@k& (0+255),w,b
  2489   0019EE  6ED9               	movwf	fsr2l,c
  2490   0019F0  6ADA               	clrf	fsr2h,c
  2491   0019F2  0E02               	movlw	high Execute@acknowledge_frame
  2492   0019F4  22DA               	addwfc	fsr2h,f,c
  2493   0019F6  0E00               	movlw	0
  2494   0019F8  6EDF               	movwf	indf2,c
  2495   0019FA                     
  2496                           ; BSR set to: 2
  2497                           ;main.c: 271:     }
  2498   0019FA  2B46               	incf	Execute@k& (0+255),f,b
  2499   0019FC                     
  2500                           ; BSR set to: 2
  2501   0019FC  0E1D               	movlw	29
  2502   0019FE  6546               	cpfsgt	Execute@k& (0+255),b
  2503   001A00  EF04  F00D         	goto	u6291
  2504   001A04  EF06  F00D         	goto	u6290
  2505   001A08                     u6291:
  2506   001A08  EFF5  F00C         	goto	l6930
  2507   001A0C                     u6290:
  2508   001A0C                     
  2509                           ; BSR set to: 2
  2510                           ;main.c: 275:     sprintf(acknowledge_frame,"$U%.2d%c",hardID,command);
  2511   001A0C  0E00               	movlw	low Execute@acknowledge_frame
  2512   001A0E  0100               	movlb	0	; () banked
  2513   001A10  6FA4               	movwf	sprintf@s& (0+255),b
  2514   001A12  0E02               	movlw	high Execute@acknowledge_frame
  2515   001A14  6FA5               	movwf	(sprintf@s+1)& (0+255),b
  2516   001A16  0E23               	movlw	low STR_1
  2517   001A18  6FA6               	movwf	sprintf@fmt& (0+255),b
  2518   001A1A  0E10               	movlw	high STR_1
  2519   001A1C  6FA7               	movwf	(sprintf@fmt+1)& (0+255),b
  2520   001A1E  C03D  F0A8         	movff	_hardID,?_sprintf+4
  2521   001A22  6BA9               	clrf	(?_sprintf+5)& (0+255),b
  2522   001A24  C040  F0AA         	movff	_command,?_sprintf+6
  2523   001A28  6BAB               	clrf	(?_sprintf+7)& (0+255),b
  2524   001A2A  EC17  F01C         	call	_sprintf	;wreg free
  2525   001A2E                     
  2526                           ;main.c: 279:     if(read_flag){
  2527   001A2E  0100               	movlb	0	; () banked
  2528   001A30  51CC               	movf	_read_flag& (0+255),w,b
  2529   001A32  B4D8               	btfsc	status,2,c
  2530   001A34  EF1E  F00D         	goto	u6301
  2531   001A38  EF20  F00D         	goto	u6300
  2532   001A3C                     u6301:
  2533   001A3C  EF62  F00D         	goto	l6962
  2534   001A40                     u6300:
  2535   001A40                     
  2536                           ; BSR set to: 0
  2537                           ;main.c: 280:         TMR0_StartTimer();
  2538   001A40  ECCB  F020         	call	_TMR0_StartTimer	;wreg free
  2539   001A44                     l6942:
  2540   001A44  0100               	movlb	0	; () banked
  2541   001A46  51C9               	movf	_timer0_flag& (0+255),w,b
  2542   001A48  B4D8               	btfsc	status,2,c
  2543   001A4A  EF29  F00D         	goto	u6311
  2544   001A4E  EF2B  F00D         	goto	u6310
  2545   001A52                     u6311:
  2546   001A52  EF22  F00D         	goto	l6942
  2547   001A56                     u6310:
  2548   001A56                     
  2549                           ; BSR set to: 0
  2550                           ;main.c: 282:         TMR0_StopTimer();
  2551   001A56  ECC9  F020         	call	_TMR0_StopTimer	;wreg free
  2552   001A5A                     
  2553                           ;main.c: 283:         timer0_flag = 0;
  2554   001A5A  0E00               	movlw	0
  2555   001A5C  0100               	movlb	0	; () banked
  2556   001A5E  6FC9               	movwf	_timer0_flag& (0+255),b
  2557                           
  2558                           ;main.c: 284:         TMR0_Reload();
  2559   001A60  ECA7  F020         	call	_TMR0_Reload	;wreg free
  2560   001A64                     
  2561                           ;main.c: 285:         AD5593_ADC_read();
  2562   001A64  EC72  F016         	call	_AD5593_ADC_read	;wreg free
  2563   001A68                     
  2564                           ;main.c: 287:         if(destination == BROADCAST){
  2565   001A68  5043               	movf	_destination^0,w,c
  2566   001A6A  A4D8               	btfss	status,2,c
  2567   001A6C  EF3A  F00D         	goto	u6321
  2568   001A70  EF3C  F00D         	goto	u6320
  2569   001A74                     u6321:
  2570   001A74  EF45  F00D         	goto	l6956
  2571   001A78                     u6320:
  2572   001A78                     
  2573                           ;main.c: 288:             frame_ready_flag = 0;
  2574   001A78  0E00               	movlw	0
  2575   001A7A  6E41               	movwf	_frame_ready_flag^0,c
  2576                           
  2577                           ;main.c: 289:             read_flag = 0;
  2578   001A7C  0E00               	movlw	0
  2579   001A7E  0100               	movlb	0	; () banked
  2580   001A80  6FCC               	movwf	_read_flag& (0+255),b
  2581   001A82                     l6954:
  2582                           
  2583                           ;main.c: 290:             prev_destination = destination;
  2584   001A82  C043  F0CE         	movff	_destination,_prev_destination
  2585                           
  2586                           ;main.c: 291:             goto exitToIDLe;
  2587   001A86  EF97  F00E         	goto	l7016
  2588   001A8A                     l6956:
  2589                           
  2590                           ;main.c: 294:         sprintf(acknowledge_frame + strlen(acknowledge_frame),"OK");
  2591   001A8A  0E00               	movlw	low Execute@acknowledge_frame
  2592   001A8C  6E16               	movwf	strlen@s^0,c
  2593   001A8E  0E02               	movlw	high Execute@acknowledge_frame
  2594   001A90  6E17               	movwf	(strlen@s+1)^0,c
  2595   001A92  EC68  F01C         	call	_strlen	;wreg free
  2596   001A96  0E00               	movlw	low Execute@acknowledge_frame
  2597   001A98  2416               	addwf	?_strlen^0,w,c
  2598   001A9A  0102               	movlb	2	; () banked
  2599   001A9C  6F47               	movwf	_Execute$3424& (0+255),b
  2600   001A9E  0E02               	movlw	high Execute@acknowledge_frame
  2601   001AA0  2017               	addwfc	(?_strlen+1)^0,w,c
  2602   001AA2  6F48               	movwf	(_Execute$3424+1)& (0+255),b
  2603   001AA4                     
  2604                           ; BSR set to: 2
  2605                           ;main.c: 294:         sprintf(acknowledge_frame + strlen(acknowledge_frame),"OK");
  2606   001AA4  C247  F0A4         	movff	_Execute$3424,sprintf@s
  2607   001AA8  C248  F0A5         	movff	_Execute$3424+1,sprintf@s+1
  2608   001AAC  0E3B               	movlw	low STR_2
  2609   001AAE  0100               	movlb	0	; () banked
  2610   001AB0  6FA6               	movwf	sprintf@fmt& (0+255),b
  2611   001AB2  0E10               	movlw	high STR_2
  2612   001AB4  6FA7               	movwf	(sprintf@fmt+1)& (0+255),b
  2613   001AB6  EC17  F01C         	call	_sprintf	;wreg free
  2614   001ABA                     
  2615                           ;main.c: 295:         read_flag = 0;
  2616   001ABA  0E00               	movlw	0
  2617   001ABC  0100               	movlb	0	; () banked
  2618   001ABE  6FCC               	movwf	_read_flag& (0+255),b
  2619                           
  2620                           ;main.c: 297:     }else if(get_flag){
  2621   001AC0  EF81  F00E         	goto	l7006
  2622   001AC4                     l6962:
  2623                           
  2624                           ; BSR set to: 0
  2625   001AC4  51CB               	movf	_get_flag& (0+255),w,b
  2626   001AC6  B4D8               	btfsc	status,2,c
  2627   001AC8  EF68  F00D         	goto	u6331
  2628   001ACC  EF6A  F00D         	goto	u6330
  2629   001AD0                     u6331:
  2630   001AD0  EF34  F00E         	goto	l6992
  2631   001AD4                     u6330:
  2632   001AD4                     
  2633                           ; BSR set to: 0
  2634                           ;main.c: 298:         if(destination == BROADCAST){
  2635   001AD4  5043               	movf	_destination^0,w,c
  2636   001AD6  A4D8               	btfss	status,2,c
  2637   001AD8  EF70  F00D         	goto	u6341
  2638   001ADC  EF72  F00D         	goto	u6340
  2639   001AE0                     u6341:
  2640   001AE0  EF78  F00D         	goto	l6970
  2641   001AE4                     u6340:
  2642   001AE4                     
  2643                           ; BSR set to: 0
  2644                           ;main.c: 299:             frame_ready_flag = 0;
  2645   001AE4  0E00               	movlw	0
  2646   001AE6  6E41               	movwf	_frame_ready_flag^0,c
  2647                           
  2648                           ;main.c: 300:             get_flag = 0;
  2649   001AE8  0E00               	movlw	0
  2650   001AEA  6FCB               	movwf	_get_flag& (0+255),b
  2651   001AEC  EF41  F00D         	goto	l6954
  2652   001AF0                     l6970:
  2653                           
  2654                           ; BSR set to: 0
  2655                           ;main.c: 306:         char data_ch1[10],data_ch2[10],data_ch3[10],data_ch4[10];;main.c: 
      +                          307:         sprintf(data_ch1,"%0.4X",ADC_result[0]); data_ch1[4] = '\0';
  2656   001AF0  0E1E               	movlw	low Execute@data_ch1
  2657   001AF2  6FA4               	movwf	sprintf@s& (0+255),b
  2658   001AF4  0E02               	movlw	high Execute@data_ch1
  2659   001AF6  6FA5               	movwf	(sprintf@s+1)& (0+255),b
  2660   001AF8  0E2C               	movlw	low STR_3
  2661   001AFA  6FA6               	movwf	sprintf@fmt& (0+255),b
  2662   001AFC  0E10               	movlw	high STR_3
  2663   001AFE  6FA7               	movwf	(sprintf@fmt+1)& (0+255),b
  2664   001B00  C18C  F0A8         	movff	_ADC_result,?_sprintf+4
  2665   001B04  C18D  F0A9         	movff	_ADC_result+1,?_sprintf+5
  2666   001B08  EC17  F01C         	call	_sprintf	;wreg free
  2667   001B0C  0E00               	movlw	0
  2668   001B0E  0102               	movlb	2	; () banked
  2669   001B10  6F22               	movwf	(Execute@data_ch1+4)& (0+255),b
  2670   001B12                     
  2671                           ; BSR set to: 2
  2672                           ;main.c: 308:         sprintf(data_ch2,"%0.4X",ADC_result[1]); data_ch2[4] = '\0';
  2673   001B12  0E28               	movlw	low Execute@data_ch2
  2674   001B14  0100               	movlb	0	; () banked
  2675   001B16  6FA4               	movwf	sprintf@s& (0+255),b
  2676   001B18  0E02               	movlw	high Execute@data_ch2
  2677   001B1A  6FA5               	movwf	(sprintf@s+1)& (0+255),b
  2678   001B1C  0E2C               	movlw	low STR_3
  2679   001B1E  6FA6               	movwf	sprintf@fmt& (0+255),b
  2680   001B20  0E10               	movlw	high STR_3
  2681   001B22  6FA7               	movwf	(sprintf@fmt+1)& (0+255),b
  2682   001B24  C18E  F0A8         	movff	_ADC_result+2,?_sprintf+4
  2683   001B28  C18F  F0A9         	movff	_ADC_result+3,?_sprintf+5
  2684   001B2C  EC17  F01C         	call	_sprintf	;wreg free
  2685   001B30  0E00               	movlw	0
  2686   001B32  0102               	movlb	2	; () banked
  2687   001B34  6F2C               	movwf	(Execute@data_ch2+4)& (0+255),b
  2688   001B36                     
  2689                           ; BSR set to: 2
  2690                           ;main.c: 309:         sprintf(data_ch3,"%0.4X",ADC_result[2]); data_ch3[4] = '\0';
  2691   001B36  0E32               	movlw	low Execute@data_ch3
  2692   001B38  0100               	movlb	0	; () banked
  2693   001B3A  6FA4               	movwf	sprintf@s& (0+255),b
  2694   001B3C  0E02               	movlw	high Execute@data_ch3
  2695   001B3E  6FA5               	movwf	(sprintf@s+1)& (0+255),b
  2696   001B40  0E2C               	movlw	low STR_3
  2697   001B42  6FA6               	movwf	sprintf@fmt& (0+255),b
  2698   001B44  0E10               	movlw	high STR_3
  2699   001B46  6FA7               	movwf	(sprintf@fmt+1)& (0+255),b
  2700   001B48  C190  F0A8         	movff	_ADC_result+4,?_sprintf+4
  2701   001B4C  C191  F0A9         	movff	_ADC_result+5,?_sprintf+5
  2702   001B50  EC17  F01C         	call	_sprintf	;wreg free
  2703   001B54  0E00               	movlw	0
  2704   001B56  0102               	movlb	2	; () banked
  2705   001B58  6F36               	movwf	(Execute@data_ch3+4)& (0+255),b
  2706                           
  2707                           ;main.c: 310:         sprintf(data_ch4,"%0.4X",ADC_result[3]); data_ch4[4] = '\0';
  2708   001B5A  0E3C               	movlw	low Execute@data_ch4
  2709   001B5C  0100               	movlb	0	; () banked
  2710   001B5E  6FA4               	movwf	sprintf@s& (0+255),b
  2711   001B60  0E02               	movlw	high Execute@data_ch4
  2712   001B62  6FA5               	movwf	(sprintf@s+1)& (0+255),b
  2713   001B64  0E2C               	movlw	low STR_3
  2714   001B66  6FA6               	movwf	sprintf@fmt& (0+255),b
  2715   001B68  0E10               	movlw	high STR_3
  2716   001B6A  6FA7               	movwf	(sprintf@fmt+1)& (0+255),b
  2717   001B6C  C192  F0A8         	movff	_ADC_result+6,?_sprintf+4
  2718   001B70  C193  F0A9         	movff	_ADC_result+7,?_sprintf+5
  2719   001B74  EC17  F01C         	call	_sprintf	;wreg free
  2720   001B78  0E00               	movlw	0
  2721   001B7A  0102               	movlb	2	; () banked
  2722   001B7C  6F40               	movwf	(Execute@data_ch4+4)& (0+255),b
  2723   001B7E                     
  2724                           ; BSR set to: 2
  2725                           ;main.c: 318:         memcpy(acknowledge_frame + strlen(acknowledge_frame), data_ch1, st
      +                          rlen(data_ch1));
  2726   001B7E  0E00               	movlw	low Execute@acknowledge_frame
  2727   001B80  6E16               	movwf	strlen@s^0,c
  2728   001B82  0E02               	movlw	high Execute@acknowledge_frame
  2729   001B84  6E17               	movwf	(strlen@s+1)^0,c
  2730   001B86  EC68  F01C         	call	_strlen	;wreg free
  2731   001B8A  0E00               	movlw	low Execute@acknowledge_frame
  2732   001B8C  2416               	addwf	?_strlen^0,w,c
  2733   001B8E  6E1A               	movwf	memcpy@d1^0,c
  2734   001B90  0E02               	movlw	high Execute@acknowledge_frame
  2735   001B92  2017               	addwfc	(?_strlen+1)^0,w,c
  2736   001B94  6E1B               	movwf	(memcpy@d1+1)^0,c
  2737   001B96  0E1E               	movlw	low Execute@data_ch1
  2738   001B98  6E1C               	movwf	memcpy@s1^0,c
  2739   001B9A  0E02               	movlw	high Execute@data_ch1
  2740   001B9C  6E1D               	movwf	(memcpy@s1+1)^0,c
  2741   001B9E  0E1E               	movlw	low Execute@data_ch1
  2742   001BA0  6E16               	movwf	strlen@s^0,c
  2743   001BA2  0E02               	movlw	high Execute@data_ch1
  2744   001BA4  6E17               	movwf	(strlen@s+1)^0,c
  2745   001BA6  EC68  F01C         	call	_strlen	;wreg free
  2746   001BAA  C016  F01E         	movff	?_strlen,memcpy@n
  2747   001BAE  C017  F01F         	movff	?_strlen+1,memcpy@n+1
  2748   001BB2  EC40  F01C         	call	_memcpy	;wreg free
  2749   001BB6                     
  2750                           ;main.c: 319:         memcpy(acknowledge_frame + strlen(acknowledge_frame), data_ch2, st
      +                          rlen(data_ch2));
  2751   001BB6  0E00               	movlw	low Execute@acknowledge_frame
  2752   001BB8  6E16               	movwf	strlen@s^0,c
  2753   001BBA  0E02               	movlw	high Execute@acknowledge_frame
  2754   001BBC  6E17               	movwf	(strlen@s+1)^0,c
  2755   001BBE  EC68  F01C         	call	_strlen	;wreg free
  2756   001BC2  0E00               	movlw	low Execute@acknowledge_frame
  2757   001BC4  2416               	addwf	?_strlen^0,w,c
  2758   001BC6  6E1A               	movwf	memcpy@d1^0,c
  2759   001BC8  0E02               	movlw	high Execute@acknowledge_frame
  2760   001BCA  2017               	addwfc	(?_strlen+1)^0,w,c
  2761   001BCC  6E1B               	movwf	(memcpy@d1+1)^0,c
  2762   001BCE  0E28               	movlw	low Execute@data_ch2
  2763   001BD0  6E1C               	movwf	memcpy@s1^0,c
  2764   001BD2  0E02               	movlw	high Execute@data_ch2
  2765   001BD4  6E1D               	movwf	(memcpy@s1+1)^0,c
  2766   001BD6  0E28               	movlw	low Execute@data_ch2
  2767   001BD8  6E16               	movwf	strlen@s^0,c
  2768   001BDA  0E02               	movlw	high Execute@data_ch2
  2769   001BDC  6E17               	movwf	(strlen@s+1)^0,c
  2770   001BDE  EC68  F01C         	call	_strlen	;wreg free
  2771   001BE2  C016  F01E         	movff	?_strlen,memcpy@n
  2772   001BE6  C017  F01F         	movff	?_strlen+1,memcpy@n+1
  2773   001BEA  EC40  F01C         	call	_memcpy	;wreg free
  2774   001BEE                     
  2775                           ;main.c: 320:         memcpy(acknowledge_frame + strlen(acknowledge_frame), data_ch3, st
      +                          rlen(data_ch3));
  2776   001BEE  0E00               	movlw	low Execute@acknowledge_frame
  2777   001BF0  6E16               	movwf	strlen@s^0,c
  2778   001BF2  0E02               	movlw	high Execute@acknowledge_frame
  2779   001BF4  6E17               	movwf	(strlen@s+1)^0,c
  2780   001BF6  EC68  F01C         	call	_strlen	;wreg free
  2781   001BFA  0E00               	movlw	low Execute@acknowledge_frame
  2782   001BFC  2416               	addwf	?_strlen^0,w,c
  2783   001BFE  6E1A               	movwf	memcpy@d1^0,c
  2784   001C00  0E02               	movlw	high Execute@acknowledge_frame
  2785   001C02  2017               	addwfc	(?_strlen+1)^0,w,c
  2786   001C04  6E1B               	movwf	(memcpy@d1+1)^0,c
  2787   001C06  0E32               	movlw	low Execute@data_ch3
  2788   001C08  6E1C               	movwf	memcpy@s1^0,c
  2789   001C0A  0E02               	movlw	high Execute@data_ch3
  2790   001C0C  6E1D               	movwf	(memcpy@s1+1)^0,c
  2791   001C0E  0E32               	movlw	low Execute@data_ch3
  2792   001C10  6E16               	movwf	strlen@s^0,c
  2793   001C12  0E02               	movlw	high Execute@data_ch3
  2794   001C14  6E17               	movwf	(strlen@s+1)^0,c
  2795   001C16  EC68  F01C         	call	_strlen	;wreg free
  2796   001C1A  C016  F01E         	movff	?_strlen,memcpy@n
  2797   001C1E  C017  F01F         	movff	?_strlen+1,memcpy@n+1
  2798   001C22  EC40  F01C         	call	_memcpy	;wreg free
  2799   001C26                     
  2800                           ;main.c: 321:         memcpy(acknowledge_frame + strlen(acknowledge_frame), data_ch4, st
      +                          rlen(data_ch4));
  2801   001C26  0E00               	movlw	low Execute@acknowledge_frame
  2802   001C28  6E16               	movwf	strlen@s^0,c
  2803   001C2A  0E02               	movlw	high Execute@acknowledge_frame
  2804   001C2C  6E17               	movwf	(strlen@s+1)^0,c
  2805   001C2E  EC68  F01C         	call	_strlen	;wreg free
  2806   001C32  0E00               	movlw	low Execute@acknowledge_frame
  2807   001C34  2416               	addwf	?_strlen^0,w,c
  2808   001C36  6E1A               	movwf	memcpy@d1^0,c
  2809   001C38  0E02               	movlw	high Execute@acknowledge_frame
  2810   001C3A  2017               	addwfc	(?_strlen+1)^0,w,c
  2811   001C3C  6E1B               	movwf	(memcpy@d1+1)^0,c
  2812   001C3E  0E3C               	movlw	low Execute@data_ch4
  2813   001C40  6E1C               	movwf	memcpy@s1^0,c
  2814   001C42  0E02               	movlw	high Execute@data_ch4
  2815   001C44  6E1D               	movwf	(memcpy@s1+1)^0,c
  2816   001C46  0E3C               	movlw	low Execute@data_ch4
  2817   001C48  6E16               	movwf	strlen@s^0,c
  2818   001C4A  0E02               	movlw	high Execute@data_ch4
  2819   001C4C  6E17               	movwf	(strlen@s+1)^0,c
  2820   001C4E  EC68  F01C         	call	_strlen	;wreg free
  2821   001C52  C016  F01E         	movff	?_strlen,memcpy@n
  2822   001C56  C017  F01F         	movff	?_strlen+1,memcpy@n+1
  2823   001C5A  EC40  F01C         	call	_memcpy	;wreg free
  2824   001C5E                     
  2825                           ;main.c: 322:         get_flag = 0;
  2826   001C5E  0E00               	movlw	0
  2827   001C60  0100               	movlb	0	; () banked
  2828   001C62  6FCB               	movwf	_get_flag& (0+255),b
  2829                           
  2830                           ;main.c: 325:     }else if(broadcast_test_flag){
  2831   001C64  EF81  F00E         	goto	l7006
  2832   001C68                     l6992:
  2833                           
  2834                           ; BSR set to: 0
  2835   001C68  51CA               	movf	_broadcast_test_flag& (0+255),w,b
  2836   001C6A  B4D8               	btfsc	status,2,c
  2837   001C6C  EF3A  F00E         	goto	u6351
  2838   001C70  EF3C  F00E         	goto	u6350
  2839   001C74                     u6351:
  2840   001C74  EF81  F00E         	goto	l7006
  2841   001C78                     u6350:
  2842   001C78                     
  2843                           ; BSR set to: 0
  2844                           ;main.c: 327:         if(BROADCAST == prev_destination){
  2845   001C78  51CE               	movf	_prev_destination& (0+255),w,b
  2846   001C7A  A4D8               	btfss	status,2,c
  2847   001C7C  EF42  F00E         	goto	u6361
  2848   001C80  EF44  F00E         	goto	u6360
  2849   001C84                     u6361:
  2850   001C84  EF62  F00E         	goto	l7000
  2851   001C88                     u6360:
  2852   001C88                     
  2853                           ; BSR set to: 0
  2854                           ;main.c: 329:             sprintf(acknowledge_frame + strlen(acknowledge_frame),"%s","YS
      +                          ");
  2855   001C88  0E00               	movlw	low Execute@acknowledge_frame
  2856   001C8A  6E16               	movwf	strlen@s^0,c
  2857   001C8C  0E02               	movlw	high Execute@acknowledge_frame
  2858   001C8E  6E17               	movwf	(strlen@s+1)^0,c
  2859   001C90  EC68  F01C         	call	_strlen	;wreg free
  2860   001C94  0E00               	movlw	low Execute@acknowledge_frame
  2861   001C96  2416               	addwf	?_strlen^0,w,c
  2862   001C98  0102               	movlb	2	; () banked
  2863   001C9A  6F47               	movwf	_Execute$3424& (0+255),b
  2864   001C9C  0E02               	movlw	high Execute@acknowledge_frame
  2865   001C9E  2017               	addwfc	(?_strlen+1)^0,w,c
  2866   001CA0  6F48               	movwf	(_Execute$3424+1)& (0+255),b
  2867   001CA2                     
  2868                           ; BSR set to: 2
  2869                           ;main.c: 329:             sprintf(acknowledge_frame + strlen(acknowledge_frame),"%s","YS
      +                          ");
  2870   001CA2  C247  F0A4         	movff	_Execute$3424,sprintf@s
  2871   001CA6  C248  F0A5         	movff	_Execute$3424+1,sprintf@s+1
  2872   001CAA  0E44               	movlw	low STR_7
  2873   001CAC  0100               	movlb	0	; () banked
  2874   001CAE  6FA6               	movwf	sprintf@fmt& (0+255),b
  2875   001CB0  0E10               	movlw	high STR_7
  2876   001CB2  6FA7               	movwf	(sprintf@fmt+1)& (0+255),b
  2877   001CB4  0E41               	movlw	low STR_8
  2878   001CB6  6FA8               	movwf	(?_sprintf+4)& (0+255),b
  2879   001CB8  0E10               	movlw	high STR_8
  2880   001CBA  6FA9               	movwf	(?_sprintf+5)& (0+255),b
  2881   001CBC  EC17  F01C         	call	_sprintf	;wreg free
  2882                           
  2883                           ;main.c: 330:         }else{
  2884   001CC0  EF7E  F00E         	goto	l7004
  2885   001CC4                     l7000:
  2886                           
  2887                           ; BSR set to: 0
  2888                           ;main.c: 332:             sprintf(acknowledge_frame + strlen(acknowledge_frame),"%s","NO
      +                          ");
  2889   001CC4  0E00               	movlw	low Execute@acknowledge_frame
  2890   001CC6  6E16               	movwf	strlen@s^0,c
  2891   001CC8  0E02               	movlw	high Execute@acknowledge_frame
  2892   001CCA  6E17               	movwf	(strlen@s+1)^0,c
  2893   001CCC  EC68  F01C         	call	_strlen	;wreg free
  2894   001CD0  0E00               	movlw	low Execute@acknowledge_frame
  2895   001CD2  2416               	addwf	?_strlen^0,w,c
  2896   001CD4  0102               	movlb	2	; () banked
  2897   001CD6  6F47               	movwf	_Execute$3424& (0+255),b
  2898   001CD8  0E02               	movlw	high Execute@acknowledge_frame
  2899   001CDA  2017               	addwfc	(?_strlen+1)^0,w,c
  2900   001CDC  6F48               	movwf	(_Execute$3424+1)& (0+255),b
  2901   001CDE                     
  2902                           ; BSR set to: 2
  2903                           ;main.c: 332:             sprintf(acknowledge_frame + strlen(acknowledge_frame),"%s","NO
      +                          ");
  2904   001CDE  C247  F0A4         	movff	_Execute$3424,sprintf@s
  2905   001CE2  C248  F0A5         	movff	_Execute$3424+1,sprintf@s+1
  2906   001CE6  0E44               	movlw	low STR_7
  2907   001CE8  0100               	movlb	0	; () banked
  2908   001CEA  6FA6               	movwf	sprintf@fmt& (0+255),b
  2909   001CEC  0E10               	movlw	high STR_7
  2910   001CEE  6FA7               	movwf	(sprintf@fmt+1)& (0+255),b
  2911   001CF0  0E3E               	movlw	low STR_10
  2912   001CF2  6FA8               	movwf	(?_sprintf+4)& (0+255),b
  2913   001CF4  0E10               	movlw	high STR_10
  2914   001CF6  6FA9               	movwf	(?_sprintf+5)& (0+255),b
  2915   001CF8  EC17  F01C         	call	_sprintf	;wreg free
  2916   001CFC                     l7004:
  2917                           
  2918                           ;main.c: 334:         broadcast_test_flag = 0;
  2919   001CFC  0E00               	movlw	0
  2920   001CFE  0100               	movlb	0	; () banked
  2921   001D00  6FCA               	movwf	_broadcast_test_flag& (0+255),b
  2922   001D02                     l7006:
  2923                           
  2924                           ; BSR set to: 0
  2925                           ;main.c: 337:     ACKframeChecksum(acknowledge_frame);
  2926   001D02  0E00               	movlw	low Execute@acknowledge_frame
  2927   001D04  6FC2               	movwf	ACKframeChecksum@frame& (0+255),b
  2928   001D06  0E02               	movlw	high Execute@acknowledge_frame
  2929   001D08  6FC3               	movwf	(ACKframeChecksum@frame+1)& (0+255),b
  2930   001D0A  ECB8  F01C         	call	_ACKframeChecksum	;wreg free
  2931   001D0E                     
  2932                           ;main.c: 339:     send_string(fullAckFrame); send_string("\n");
  2933   001D0E  0E64               	movlw	low _fullAckFrame
  2934   001D10  6E1A               	movwf	send_string@message^0,c
  2935   001D12  0E01               	movlw	high _fullAckFrame
  2936   001D14  6E1B               	movwf	(send_string@message+1)^0,c
  2937   001D16  EC0B  F018         	call	_send_string	;wreg free
  2938   001D1A  0E47               	movlw	low STR_11
  2939   001D1C  6E1A               	movwf	send_string@message^0,c
  2940   001D1E  0E10               	movlw	high STR_11
  2941   001D20  6E1B               	movwf	(send_string@message+1)^0,c
  2942   001D22  EC0B  F018         	call	_send_string	;wreg free
  2943   001D26                     
  2944                           ;main.c: 340:     frame_ready_flag = 0;
  2945   001D26  0E00               	movlw	0
  2946   001D28  6E41               	movwf	_frame_ready_flag^0,c
  2947   001D2A  EF41  F00D         	goto	l6954
  2948   001D2E                     l7016:
  2949                           
  2950                           ;main.c: 343:     curr_state = RST;
  2951   001D2E  0E00               	movlw	0
  2952   001D30  6E42               	movwf	_curr_state^0,c
  2953   001D32  0012               	return		;funcret
  2954   001D34                     __end_of_Execute:
  2955                           	callstack 0
  2956                           
  2957 ;; *************** function _Decode *****************
  2958 ;; Defined at:
  2959 ;;		line 219 in file "main.c"
  2960 ;; Parameters:    Size  Location     Type
  2961 ;;		None
  2962 ;; Auto vars:     Size  Location     Type
  2963 ;;  message       200    0        unsigned char [200]
  2964 ;; Return value:  Size  Location     Type
  2965 ;;                  1    wreg      void 
  2966 ;; Registers used:
  2967 ;;		wreg, fsr1l, fsr1h, fsr2l, fsr2h, status,2, status,0, tblptrl, tblptrh, tblptru, prodl, prodh, cstack
  2968 ;; Tracked objects:
  2969 ;;		On entry : 0/0
  2970 ;;		On exit  : 0/0
  2971 ;;		Unchanged: 0/0
  2972 ;; Data sizes:     COMRAM   BANK0   BANK1   BANK2   BANK3   BANK4   BANK5   BANK6   BANK7   BANK8   BANK9  BANK10  BANK1
      +1  BANK12  BANK13  BANK14  BANK15
  2973 ;;      Params:         0       0       0       0       0       0       0       0       0       0       0       0       
      +0       0       0       0       0
  2974 ;;      Locals:         0       0       0       0       0       0       0       0       0       0       0       0       
      +0       0       0       0       0
  2975 ;;      Temps:          2       0       0       0       0       0       0       0       0       0       0       0       
      +0       0       0       0       0
  2976 ;;      Totals:         2       0       0       0       0       0       0       0       0       0       0       0       
      +0       0       0       0       0
  2977 ;;Total ram usage:        2 bytes
  2978 ;; Hardware stack levels used: 1
  2979 ;; Hardware stack levels required when called: 7
  2980 ;; This function calls:
  2981 ;;		_clear_buffer
  2982 ;;		_get_ID
  2983 ;;		_parse_frame_ID
  2984 ;; This function is called by:
  2985 ;;		_main
  2986 ;; This function uses a non-reentrant model
  2987 ;;
  2988                           
  2989                           	psect	text18
  2990   002B6A                     __ptext18:
  2991                           	callstack 0
  2992   002B6A                     _Decode:
  2993                           	callstack 23
  2994   002B6A                     
  2995                           ;main.c: 220:     frameID = parse_frame_ID();
  2996   002B6A  ECD5  F01F         	call	_parse_frame_ID	;wreg free
  2997   002B6E  501C               	movf	?_parse_frame_ID^0,w,c
  2998   002B70  6E3E               	movwf	_frameID^0,c
  2999   002B72                     
  3000                           ;main.c: 222:     hardID = get_ID();
  3001   002B72  EC17  F014         	call	_get_ID	;wreg free
  3002   002B76  5016               	movf	?_get_ID^0,w,c
  3003   002B78  6E3D               	movwf	_hardID^0,c
  3004   002B7A                     
  3005                           ;main.c: 224:     char message[200];;main.c: 236:     if((destination == BROADCAST) || (
      +                           (destination == UNICAST) && (frameID == hardID) )){
  3006   002B7A  5043               	movf	_destination^0,w,c
  3007   002B7C  B4D8               	btfsc	status,2,c
  3008   002B7E  EFC3  F015         	goto	u6261
  3009   002B82  EFC5  F015         	goto	u6260
  3010   002B86                     u6261:
  3011   002B86  EFE7  F015         	goto	l6910
  3012   002B8A                     u6260:
  3013   002B8A  0443               	decf	_destination^0,w,c
  3014   002B8C  A4D8               	btfss	status,2,c
  3015   002B8E  EFCB  F015         	goto	u6271
  3016   002B92  EFCD  F015         	goto	u6270
  3017   002B96                     u6271:
  3018   002B96  EF04  F016         	goto	l6914
  3019   002B9A                     u6270:
  3020   002B9A  503D               	movf	_hardID^0,w,c
  3021   002B9C  183E               	xorwf	_frameID^0,w,c
  3022   002B9E  A4D8               	btfss	status,2,c
  3023   002BA0  EFD4  F015         	goto	u6281
  3024   002BA4  EFD6  F015         	goto	u6280
  3025   002BA8                     u6281:
  3026   002BA8  EF04  F016         	goto	l6914
  3027   002BAC                     u6280:
  3028   002BAC  EFE7  F015         	goto	l6910
  3029   002BB0                     l6900:
  3030                           
  3031                           ;main.c: 239:                 read_flag = 1;
  3032   002BB0  0E01               	movlw	1
  3033   002BB2  0100               	movlb	0	; () banked
  3034   002BB4  6FCC               	movwf	_read_flag& (0+255),b
  3035                           
  3036                           ;main.c: 240:                 break;
  3037   002BB6  EF00  F016         	goto	l6912
  3038   002BBA                     l6902:
  3039                           
  3040                           ;main.c: 242:                 get_flag = 1;
  3041   002BBA  0E01               	movlw	1
  3042   002BBC  0100               	movlb	0	; () banked
  3043   002BBE  6FCB               	movwf	_get_flag& (0+255),b
  3044                           
  3045                           ;main.c: 243:                 break;
  3046   002BC0  EF00  F016         	goto	l6912
  3047   002BC4                     l6904:
  3048                           
  3049                           ;main.c: 245:                 broadcast_test_flag = 1;
  3050   002BC4  0E01               	movlw	1
  3051   002BC6  0100               	movlb	0	; () banked
  3052   002BC8  6FCA               	movwf	_broadcast_test_flag& (0+255),b
  3053                           
  3054                           ;main.c: 246:                 break;
  3055   002BCA  EF00  F016         	goto	l6912
  3056   002BCE                     l6910:
  3057   002BCE  5040               	movf	_command^0,w,c
  3058   002BD0  6E28               	movwf	??_Decode^0,c
  3059   002BD2  6A29               	clrf	(??_Decode+1)^0,c
  3060                           
  3061                           ; Switch on 2 bytes has been partitioned into a top level switch of size 1, and 1 sub-sw
      +                          itches
  3062                           ; Switch size 1, requested type "simple"
  3063                           ; Number of cases is 1, Range of values is 0 to 0
  3064                           ; switch strategies available:
  3065                           ; Name         Instructions Cycles
  3066                           ; simple_byte            4     3 (average)
  3067                           ;	Chosen strategy is simple_byte
  3068   002BD4  5029               	movf	(??_Decode+1)^0,w,c
  3069   002BD6  0A00               	xorlw	0	; case 0
  3070   002BD8  B4D8               	btfsc	status,2,c
  3071   002BDA  EFF1  F015         	goto	l7306
  3072   002BDE  EF04  F016         	goto	l6914
  3073   002BE2                     l7306:
  3074                           
  3075                           ; Switch size 1, requested type "simple"
  3076                           ; Number of cases is 3, Range of values is 67 to 82
  3077                           ; switch strategies available:
  3078                           ; Name         Instructions Cycles
  3079                           ; simple_byte           10     6 (average)
  3080                           ;	Chosen strategy is simple_byte
  3081   002BE2  5028               	movf	??_Decode^0,w,c
  3082   002BE4  0A43               	xorlw	67	; case 67
  3083   002BE6  B4D8               	btfsc	status,2,c
  3084   002BE8  EFE2  F015         	goto	l6904
  3085   002BEC  0A04               	xorlw	4	; case 71
  3086   002BEE  B4D8               	btfsc	status,2,c
  3087   002BF0  EFDD  F015         	goto	l6902
  3088   002BF4  0A15               	xorlw	21	; case 82
  3089   002BF6  B4D8               	btfsc	status,2,c
  3090   002BF8  EFD8  F015         	goto	l6900
  3091   002BFC  EF04  F016         	goto	l6914
  3092   002C00                     l6912:
  3093                           
  3094                           ; BSR set to: 0
  3095                           ;main.c: 252:         curr_state = EXECUTE;
  3096   002C00  0E05               	movlw	5
  3097   002C02  6E42               	movwf	_curr_state^0,c
  3098                           
  3099                           ;main.c: 253:     }
  3100   002C04  EF13  F016         	goto	l541
  3101   002C08                     l6914:
  3102                           
  3103                           ;main.c: 256:         frame_ready_flag = 0;
  3104   002C08  0E00               	movlw	0
  3105   002C0A  6E41               	movwf	_frame_ready_flag^0,c
  3106                           
  3107                           ;main.c: 257:         frame_index = 0;
  3108   002C0C  0E00               	movlw	0
  3109   002C0E  0101               	movlb	1	; () banked
  3110   002C10  6F27               	movwf	(_frame_index+1)& (0+255),b
  3111   002C12  0E00               	movlw	0
  3112   002C14  6F26               	movwf	_frame_index& (0+255),b
  3113   002C16                     
  3114                           ; BSR set to: 1
  3115                           ;main.c: 258:         clear_buffer(frame_buffer);
  3116   002C16  0E78               	movlw	low _frame_buffer
  3117   002C18  6E1A               	movwf	clear_buffer@buffer^0,c
  3118   002C1A  0E01               	movlw	high _frame_buffer
  3119   002C1C  6E1B               	movwf	(clear_buffer@buffer+1)^0,c
  3120   002C1E  EC90  F01D         	call	_clear_buffer	;wreg free
  3121   002C22                     
  3122                           ;main.c: 259:         curr_state = RST;
  3123   002C22  0E00               	movlw	0
  3124   002C24  6E42               	movwf	_curr_state^0,c
  3125   002C26                     l541:
  3126   002C26  0012               	return		;funcret
  3127   002C28                     __end_of_Decode:
  3128                           	callstack 0
  3129                           
  3130 ;; *************** function _Parse *****************
  3131 ;; Defined at:
  3132 ;;		line 205 in file "main.c"
  3133 ;; Parameters:    Size  Location     Type
  3134 ;;		None
  3135 ;; Auto vars:     Size  Location     Type
  3136 ;;  i               1   22[COMRAM] unsigned char 
  3137 ;; Return value:  Size  Location     Type
  3138 ;;                  1    wreg      void 
  3139 ;; Registers used:
  3140 ;;		wreg, fsr2l, fsr2h, status,2, status,0
  3141 ;; Tracked objects:
  3142 ;;		On entry : 0/0
  3143 ;;		On exit  : 0/0
  3144 ;;		Unchanged: 0/0
  3145 ;; Data sizes:     COMRAM   BANK0   BANK1   BANK2   BANK3   BANK4   BANK5   BANK6   BANK7   BANK8   BANK9  BANK10  BANK1
      +1  BANK12  BANK13  BANK14  BANK15
  3146 ;;      Params:         0       0       0       0       0       0       0       0       0       0       0       0       
      +0       0       0       0       0
  3147 ;;      Locals:         1       0       0       0       0       0       0       0       0       0       0       0       
      +0       0       0       0       0
  3148 ;;      Temps:          1       0       0       0       0       0       0       0       0       0       0       0       
      +0       0       0       0       0
  3149 ;;      Totals:         2       0       0       0       0       0       0       0       0       0       0       0       
      +0       0       0       0       0
  3150 ;;Total ram usage:        2 bytes
  3151 ;; Hardware stack levels used: 1
  3152 ;; Hardware stack levels required when called: 5
  3153 ;; This function calls:
  3154 ;;		Nothing
  3155 ;; This function is called by:
  3156 ;;		_main
  3157 ;; This function uses a non-reentrant model
  3158 ;;
  3159                           
  3160                           	psect	text19
  3161   00355E                     __ptext19:
  3162                           	callstack 0
  3163   00355E                     _Parse:
  3164                           	callstack 25
  3165   00355E                     
  3166                           ;main.c: 206:     uint8_t i=0;
  3167   00355E  0E00               	movlw	0
  3168   003560  6E17               	movwf	Parse@i^0,c
  3169   003562                     
  3170                           ;main.c: 207:     if(destination == UNICAST){
  3171   003562  0443               	decf	_destination^0,w,c
  3172   003564  A4D8               	btfss	status,2,c
  3173   003566  EFB7  F01A         	goto	u4261
  3174   00356A  EFB9  F01A         	goto	u4260
  3175   00356E                     u4261:
  3176   00356E  EFD0  F01A         	goto	l5280
  3177   003572                     u4260:
  3178   003572                     
  3179                           ;main.c: 208:             add_digit_1 = frame_buffer[i+2] - '0';
  3180   003572  0ED0               	movlw	208
  3181   003574  0101               	movlb	1	; () banked
  3182   003576  257A               	addwf	(_frame_buffer+2)& (0+255),w,b
  3183   003578  6F2A               	movwf	_add_digit_1& (0+255),b
  3184   00357A  6B2B               	clrf	(_add_digit_1+1)& (0+255),b
  3185   00357C  0EFF               	movlw	255
  3186   00357E  232B               	addwfc	(_add_digit_1+1)& (0+255),f,b
  3187   003580                     
  3188                           ; BSR set to: 1
  3189                           ;main.c: 209:             i++;
  3190   003580  2A17               	incf	Parse@i^0,f,c
  3191   003582                     
  3192                           ; BSR set to: 1
  3193                           ;main.c: 210:             add_digit_2 = frame_buffer[i+2] - '0';
  3194   003582  0E7A               	movlw	low (_frame_buffer+2)
  3195   003584  2417               	addwf	Parse@i^0,w,c
  3196   003586  6ED9               	movwf	fsr2l,c
  3197   003588  6ADA               	clrf	fsr2h,c
  3198   00358A  0E01               	movlw	high (_frame_buffer+2)
  3199   00358C  22DA               	addwfc	fsr2h,f,c
  3200   00358E  50DF               	movf	indf2,w,c
  3201   003590  6E16               	movwf	??_Parse^0,c
  3202   003592  0ED0               	movlw	208
  3203   003594  2416               	addwf	??_Parse^0,w,c
  3204   003596  6F28               	movwf	_add_digit_2& (0+255),b
  3205   003598  6B29               	clrf	(_add_digit_2+1)& (0+255),b
  3206   00359A  0EFF               	movlw	255
  3207   00359C  2329               	addwfc	(_add_digit_2+1)& (0+255),f,b
  3208                           
  3209                           ;main.c: 211:             i++;
  3210   00359E  2A17               	incf	Parse@i^0,f,c
  3211   0035A0                     l5280:
  3212                           
  3213                           ;main.c: 213:     command_index = i+2;
  3214   0035A0  5017               	movf	Parse@i^0,w,c
  3215   0035A2  0F02               	addlw	2
  3216   0035A4  6E3F               	movwf	_command_index^0,c
  3217   0035A6                     
  3218                           ;main.c: 214:     command = frame_buffer[command_index];
  3219   0035A6  0E78               	movlw	low _frame_buffer
  3220   0035A8  243F               	addwf	_command_index^0,w,c
  3221   0035AA  6ED9               	movwf	fsr2l,c
  3222   0035AC  6ADA               	clrf	fsr2h,c
  3223   0035AE  0E01               	movlw	high _frame_buffer
  3224   0035B0  22DA               	addwfc	fsr2h,f,c
  3225   0035B2  50DF               	movf	indf2,w,c
  3226   0035B4  6E40               	movwf	_command^0,c
  3227   0035B6                     
  3228                           ;main.c: 215:     curr_state = DECODE;
  3229   0035B6  0E04               	movlw	4
  3230   0035B8  6E42               	movwf	_curr_state^0,c
  3231   0035BA  0012               	return		;funcret
  3232   0035BC                     __end_of_Parse:
  3233                           	callstack 0
  3234                           
  3235 ;; *************** function _Destination_Check *****************
  3236 ;; Defined at:
  3237 ;;		line 189 in file "main.c"
  3238 ;; Parameters:    Size  Location     Type
  3239 ;;		None
  3240 ;; Auto vars:     Size  Location     Type
  3241 ;;		None
  3242 ;; Return value:  Size  Location     Type
  3243 ;;                  1    wreg      void 
  3244 ;; Registers used:
  3245 ;;		wreg, status,2, status,0
  3246 ;; Tracked objects:
  3247 ;;		On entry : 0/0
  3248 ;;		On exit  : 0/0
  3249 ;;		Unchanged: 0/0
  3250 ;; Data sizes:     COMRAM   BANK0   BANK1   BANK2   BANK3   BANK4   BANK5   BANK6   BANK7   BANK8   BANK9  BANK10  BANK1
      +1  BANK12  BANK13  BANK14  BANK15
  3251 ;;      Params:         0       0       0       0       0       0       0       0       0       0       0       0       
      +0       0       0       0       0
  3252 ;;      Locals:         0       0       0       0       0       0       0       0       0       0       0       0       
      +0       0       0       0       0
  3253 ;;      Temps:          2       0       0       0       0       0       0       0       0       0       0       0       
      +0       0       0       0       0
  3254 ;;      Totals:         2       0       0       0       0       0       0       0       0       0       0       0       
      +0       0       0       0       0
  3255 ;;Total ram usage:        2 bytes
  3256 ;; Hardware stack levels used: 1
  3257 ;; Hardware stack levels required when called: 5
  3258 ;; This function calls:
  3259 ;;		Nothing
  3260 ;; This function is called by:
  3261 ;;		_main
  3262 ;; This function uses a non-reentrant model
  3263 ;;
  3264                           
  3265                           	psect	text20
  3266   0037DC                     __ptext20:
  3267                           	callstack 0
  3268   0037DC                     _Destination_Check:
  3269                           	callstack 25
  3270   0037DC                     
  3271                           ;main.c: 190:     switch(frame_buffer[1]){
  3272   0037DC  EFFE  F01B         	goto	l5260
  3273   0037E0                     l5252:
  3274                           
  3275                           ; BSR set to: 1
  3276                           ;main.c: 192:             destination = BROADCAST;
  3277   0037E0  0E00               	movlw	0
  3278   0037E2  6E43               	movwf	_destination^0,c
  3279                           
  3280                           ;main.c: 193:             break;
  3281   0037E4  EF14  F01C         	goto	l5262
  3282   0037E8                     l5254:
  3283                           
  3284                           ; BSR set to: 1
  3285                           ;main.c: 195:             destination = UNICAST;
  3286   0037E8  0E01               	movlw	1
  3287   0037EA  6E43               	movwf	_destination^0,c
  3288                           
  3289                           ;main.c: 196:             break;
  3290   0037EC  EF14  F01C         	goto	l5262
  3291   0037F0                     l5256:
  3292                           
  3293                           ; BSR set to: 1
  3294                           ;main.c: 198:             frame_ready_flag = 0;
  3295   0037F0  0E00               	movlw	0
  3296   0037F2  6E41               	movwf	_frame_ready_flag^0,c
  3297                           
  3298                           ;main.c: 199:             curr_state = RST;
  3299   0037F4  0E00               	movlw	0
  3300   0037F6  6E42               	movwf	_curr_state^0,c
  3301                           
  3302                           ;main.c: 200:             break;
  3303   0037F8  EF14  F01C         	goto	l5262
  3304   0037FC                     l5260:
  3305   0037FC  0101               	movlb	1	; () banked
  3306   0037FE  5179               	movf	(_frame_buffer+1)& (0+255),w,b
  3307   003800  6E16               	movwf	??_Destination_Check^0,c
  3308   003802  6A17               	clrf	(??_Destination_Check+1)^0,c
  3309                           
  3310                           ; Switch on 2 bytes has been partitioned into a top level switch of size 1, and 1 sub-sw
      +                          itches
  3311                           ; Switch size 1, requested type "simple"
  3312                           ; Number of cases is 1, Range of values is 0 to 0
  3313                           ; switch strategies available:
  3314                           ; Name         Instructions Cycles
  3315                           ; simple_byte            4     3 (average)
  3316                           ;	Chosen strategy is simple_byte
  3317   003804  5017               	movf	(??_Destination_Check+1)^0,w,c
  3318   003806  0A00               	xorlw	0	; case 0
  3319   003808  B4D8               	btfsc	status,2,c
  3320   00380A  EF09  F01C         	goto	l7308
  3321   00380E  EFF8  F01B         	goto	l5256
  3322   003812                     l7308:
  3323                           
  3324                           ; BSR set to: 1
  3325                           ; Switch size 1, requested type "simple"
  3326                           ; Number of cases is 2, Range of values is 66 to 85
  3327                           ; switch strategies available:
  3328                           ; Name         Instructions Cycles
  3329                           ; simple_byte            7     4 (average)
  3330                           ;	Chosen strategy is simple_byte
  3331   003812  5016               	movf	??_Destination_Check^0,w,c
  3332   003814  0A42               	xorlw	66	; case 66
  3333   003816  B4D8               	btfsc	status,2,c
  3334   003818  EFF0  F01B         	goto	l5252
  3335   00381C  0A17               	xorlw	23	; case 85
  3336   00381E  B4D8               	btfsc	status,2,c
  3337   003820  EFF4  F01B         	goto	l5254
  3338   003824  EFF8  F01B         	goto	l5256
  3339   003828                     l5262:
  3340                           
  3341                           ; BSR set to: 1
  3342                           ;main.c: 202:     curr_state = PARSE;
  3343   003828  0E03               	movlw	3
  3344   00382A  6E42               	movwf	_curr_state^0,c
  3345   00382C                     
  3346                           ; BSR set to: 1
  3347   00382C  0012               	return		;funcret
  3348   00382E                     __end_of_Destination_Check:
  3349                           	callstack 0
  3350                           
  3351 ;; *************** function _Idle *****************
  3352 ;; Defined at:
  3353 ;;		line 153 in file "main.c"
  3354 ;; Parameters:    Size  Location     Type
  3355 ;;		None
  3356 ;; Auto vars:     Size  Location     Type
  3357 ;;		None
  3358 ;; Return value:  Size  Location     Type
  3359 ;;                  1    wreg      void 
  3360 ;; Registers used:
  3361 ;;		wreg, status,2
  3362 ;; Tracked objects:
  3363 ;;		On entry : 0/0
  3364 ;;		On exit  : 0/0
  3365 ;;		Unchanged: 0/0
  3366 ;; Data sizes:     COMRAM   BANK0   BANK1   BANK2   BANK3   BANK4   BANK5   BANK6   BANK7   BANK8   BANK9  BANK10  BANK1
      +1  BANK12  BANK13  BANK14  BANK15
  3367 ;;      Params:         0       0       0       0       0       0       0       0       0       0       0       0       
      +0       0       0       0       0
  3368 ;;      Locals:         0       0       0       0       0       0       0       0       0       0       0       0       
      +0       0       0       0       0
  3369 ;;      Temps:          0       0       0       0       0       0       0       0       0       0       0       0       
      +0       0       0       0       0
  3370 ;;      Totals:         0       0       0       0       0       0       0       0       0       0       0       0       
      +0       0       0       0       0
  3371 ;;Total ram usage:        0 bytes
  3372 ;; Hardware stack levels used: 1
  3373 ;; Hardware stack levels required when called: 5
  3374 ;; This function calls:
  3375 ;;		Nothing
  3376 ;; This function is called by:
  3377 ;;		_main
  3378 ;; This function uses a non-reentrant model
  3379 ;;
  3380                           
  3381                           	psect	text21
  3382   00401E                     __ptext21:
  3383                           	callstack 0
  3384   00401E                     _Idle:
  3385                           	callstack 25
  3386   00401E                     l5232:
  3387   00401E  5041               	movf	_frame_ready_flag^0,w,c
  3388   004020  B4D8               	btfsc	status,2,c
  3389   004022  EF15  F020         	goto	u4241
  3390   004026  EF17  F020         	goto	u4240
  3391   00402A                     u4241:
  3392   00402A  EF0F  F020         	goto	l5232
  3393   00402E                     u4240:
  3394   00402E                     
  3395                           ;main.c: 155:     curr_state = ERROR_CHECK;
  3396   00402E  0E01               	movlw	1
  3397   004030  6E42               	movwf	_curr_state^0,c
  3398   004032  0012               	return		;funcret
  3399   004034                     __end_of_Idle:
  3400                           	callstack 0
  3401                           
  3402 ;; *************** function _ReceivedFrameChecksum *****************
  3403 ;; Defined at:
  3404 ;;		line 158 in file "main.c"
  3405 ;; Parameters:    Size  Location     Type
  3406 ;;		None
  3407 ;; Auto vars:     Size  Location     Type
  3408 ;;  hexCRCresult    2  100[BANK0 ] int 
  3409 ;;  hexFrameChec    2   98[BANK0 ] int 
  3410 ;; Return value:  Size  Location     Type
  3411 ;;                  1    wreg      void 
  3412 ;; Registers used:
  3413 ;;		wreg, fsr1l, fsr1h, fsr2l, fsr2h, status,2, status,0, tblptrl, tblptrh, tblptru, prodl, prodh, cstack
  3414 ;; Tracked objects:
  3415 ;;		On entry : 0/0
  3416 ;;		On exit  : 0/0
  3417 ;;		Unchanged: 0/0
  3418 ;; Data sizes:     COMRAM   BANK0   BANK1   BANK2   BANK3   BANK4   BANK5   BANK6   BANK7   BANK8   BANK9  BANK10  BANK1
      +1  BANK12  BANK13  BANK14  BANK15
  3419 ;;      Params:         0       0       0       0       0       0       0       0       0       0       0       0       
      +0       0       0       0       0
  3420 ;;      Locals:         0       4       0       0       0       0       0       0       0       0       0       0       
      +0       0       0       0       0
  3421 ;;      Temps:          0       0       0       0       0       0       0       0       0       0       0       0       
      +0       0       0       0       0
  3422 ;;      Totals:         0       4       0       0       0       0       0       0       0       0       0       0       
      +0       0       0       0       0
  3423 ;;Total ram usage:        4 bytes
  3424 ;; Hardware stack levels used: 1
  3425 ;; Hardware stack levels required when called: 15
  3426 ;; This function calls:
  3427 ;;		_ChecksumCalc
  3428 ;;		_GetChecksumValue
  3429 ;;		_TrimFrame
  3430 ;;		_clear_buffer
  3431 ;;		_strtol
  3432 ;; This function is called by:
  3433 ;;		_main
  3434 ;; This function uses a non-reentrant model
  3435 ;;
  3436                           
  3437                           	psect	text22
  3438   002D9E                     __ptext22:
  3439                           	callstack 0
  3440   002D9E                     _ReceivedFrameChecksum:
  3441                           	callstack 15
  3442   002D9E                     
  3443                           ;main.c: 161:     clear_buffer(TrimmedFrame);
  3444   002D9E  0E50               	movlw	low _TrimmedFrame
  3445   002DA0  6E1A               	movwf	clear_buffer@buffer^0,c
  3446   002DA2  0E01               	movlw	high _TrimmedFrame
  3447   002DA4  6E1B               	movwf	(clear_buffer@buffer+1)^0,c
  3448   002DA6  EC90  F01D         	call	_clear_buffer	;wreg free
  3449                           
  3450                           ;main.c: 162:     clear_buffer(CRCresult);
  3451   002DAA  0E97               	movlw	low _CRCresult
  3452   002DAC  6E1A               	movwf	clear_buffer@buffer^0,c
  3453   002DAE  0E01               	movlw	high _CRCresult
  3454   002DB0  6E1B               	movwf	(clear_buffer@buffer+1)^0,c
  3455   002DB2  EC90  F01D         	call	_clear_buffer	;wreg free
  3456                           
  3457                           ;main.c: 163:     clear_buffer(FrameCheckSum);
  3458   002DB6  0E94               	movlw	low _FrameCheckSum
  3459   002DB8  6E1A               	movwf	clear_buffer@buffer^0,c
  3460   002DBA  0E01               	movlw	high _FrameCheckSum
  3461   002DBC  6E1B               	movwf	(clear_buffer@buffer+1)^0,c
  3462   002DBE  EC90  F01D         	call	_clear_buffer	;wreg free
  3463                           
  3464                           ;main.c: 164:     TrimFrame();
  3465   002DC2  EC0C  F019         	call	_TrimFrame	;wreg free
  3466                           
  3467                           ;main.c: 166:     GetChecksumValue();
  3468   002DC6  EC8F  F018         	call	_GetChecksumValue	;wreg free
  3469   002DCA                     
  3470                           ;main.c: 168:     int hexFrameCheckSum = (int)strtol(FrameCheckSum, ((void*)0), 16);
  3471   002DCA  0E94               	movlw	low _FrameCheckSum
  3472   002DCC  6E2E               	movwf	strtol@s^0,c
  3473   002DCE  0E01               	movlw	high _FrameCheckSum
  3474   002DD0  6E2F               	movwf	(strtol@s+1)^0,c
  3475   002DD2  0E00               	movlw	0
  3476   002DD4  6E30               	movwf	strtol@endptr^0,c
  3477   002DD6  0E00               	movlw	0
  3478   002DD8  6E31               	movwf	(strtol@endptr+1)^0,c
  3479   002DDA  0E00               	movlw	0
  3480   002DDC  6E33               	movwf	(strtol@base+1)^0,c
  3481   002DDE  0E10               	movlw	16
  3482   002DE0  6E32               	movwf	strtol@base^0,c
  3483   002DE2  ECC0  F01E         	call	_strtol	;wreg free
  3484   002DE6  C02E  F0C2         	movff	?_strtol,ReceivedFrameChecksum@hexFrameCheckSum
  3485   002DEA  C02F  F0C3         	movff	?_strtol+1,ReceivedFrameChecksum@hexFrameCheckSum+1
  3486   002DEE                     
  3487                           ;main.c: 171:     ChecksumCalc(TrimmedFrame);
  3488   002DEE  0E50               	movlw	low _TrimmedFrame
  3489   002DF0  0100               	movlb	0	; () banked
  3490   002DF2  6FBD               	movwf	ChecksumCalc@dataString& (0+255),b
  3491   002DF4  0E01               	movlw	high _TrimmedFrame
  3492   002DF6  6FBE               	movwf	(ChecksumCalc@dataString+1)& (0+255),b
  3493   002DF8  EC7D  F019         	call	_ChecksumCalc	;wreg free
  3494   002DFC                     
  3495                           ;main.c: 173:     int hexCRCresult = (int)strtol(CRCresult, ((void*)0), 16);
  3496   002DFC  0E97               	movlw	low _CRCresult
  3497   002DFE  6E2E               	movwf	strtol@s^0,c
  3498   002E00  0E01               	movlw	high _CRCresult
  3499   002E02  6E2F               	movwf	(strtol@s+1)^0,c
  3500   002E04  0E00               	movlw	0
  3501   002E06  6E30               	movwf	strtol@endptr^0,c
  3502   002E08  0E00               	movlw	0
  3503   002E0A  6E31               	movwf	(strtol@endptr+1)^0,c
  3504   002E0C  0E00               	movlw	0
  3505   002E0E  6E33               	movwf	(strtol@base+1)^0,c
  3506   002E10  0E10               	movlw	16
  3507   002E12  6E32               	movwf	strtol@base^0,c
  3508   002E14  ECC0  F01E         	call	_strtol	;wreg free
  3509   002E18  C02E  F0C4         	movff	?_strtol,ReceivedFrameChecksum@hexCRCresult
  3510   002E1C  C02F  F0C5         	movff	?_strtol+1,ReceivedFrameChecksum@hexCRCresult+1
  3511   002E20                     
  3512                           ;main.c: 176:     if(hexCRCresult == hexFrameCheckSum){
  3513   002E20  0100               	movlb	0	; () banked
  3514   002E22  51C2               	movf	ReceivedFrameChecksum@hexFrameCheckSum& (0+255),w,b
  3515   002E24  19C4               	xorwf	ReceivedFrameChecksum@hexCRCresult& (0+255),w,b
  3516   002E26  E107               	bnz	u6251
  3517   002E28  51C3               	movf	(ReceivedFrameChecksum@hexFrameCheckSum+1)& (0+255),w,b
  3518   002E2A  19C5               	xorwf	(ReceivedFrameChecksum@hexCRCresult+1)& (0+255),w,b
  3519   002E2C  A4D8               	btfss	status,2,c
  3520   002E2E  EF1B  F017         	goto	u6251
  3521   002E32  EF1D  F017         	goto	u6250
  3522   002E36                     u6251:
  3523   002E36  EF21  F017         	goto	l6888
  3524   002E3A                     u6250:
  3525   002E3A                     
  3526                           ; BSR set to: 0
  3527                           ;main.c: 178:         curr_state = DEST_CHK;
  3528   002E3A  0E02               	movlw	2
  3529   002E3C  6E42               	movwf	_curr_state^0,c
  3530                           
  3531                           ;main.c: 179:     }
  3532   002E3E  EF25  F017         	goto	l515
  3533   002E42                     l6888:
  3534                           
  3535                           ; BSR set to: 0
  3536                           ;main.c: 182:         frame_ready_flag = 0;
  3537   002E42  0E00               	movlw	0
  3538   002E44  6E41               	movwf	_frame_ready_flag^0,c
  3539                           
  3540                           ;main.c: 183:         curr_state = RST;
  3541   002E46  0E00               	movlw	0
  3542   002E48  6E42               	movwf	_curr_state^0,c
  3543   002E4A                     l515:
  3544                           
  3545                           ; BSR set to: 0
  3546   002E4A  0012               	return		;funcret
  3547   002E4C                     __end_of_ReceivedFrameChecksum:
  3548                           	callstack 0
  3549                           
  3550 ;; *************** function _strtol *****************
  3551 ;; Defined at:
  3552 ;;		line 4 in file "C:\Program Files\Microchip\xc8\v2.40\pic\sources\c99\common\strtol.c"
  3553 ;; Parameters:    Size  Location     Type
  3554 ;;  s               2   45[COMRAM] PTR const unsigned char 
  3555 ;;		 -> FrameCheckSum(3), CRCresult(2), 
  3556 ;;  endptr          2   47[COMRAM] PTR PTR unsigned char 
  3557 ;;		 -> NULL(0), 
  3558 ;;  base            2   49[COMRAM] int 
  3559 ;; Auto vars:     Size  Location     Type
  3560 ;;		None
  3561 ;; Return value:  Size  Location     Type
  3562 ;;                  4   45[COMRAM] long 
  3563 ;; Registers used:
  3564 ;;		wreg, fsr2l, fsr2h, status,2, status,0, cstack
  3565 ;; Tracked objects:
  3566 ;;		On entry : 0/0
  3567 ;;		On exit  : 0/0
  3568 ;;		Unchanged: 0/0
  3569 ;; Data sizes:     COMRAM   BANK0   BANK1   BANK2   BANK3   BANK4   BANK5   BANK6   BANK7   BANK8   BANK9  BANK10  BANK1
      +1  BANK12  BANK13  BANK14  BANK15
  3570 ;;      Params:         6       0       0       0       0       0       0       0       0       0       0       0       
      +0       0       0       0       0
  3571 ;;      Locals:         0       0       0       0       0       0       0       0       0       0       0       0       
      +0       0       0       0       0
  3572 ;;      Temps:          0       0       0       0       0       0       0       0       0       0       0       0       
      +0       0       0       0       0
  3573 ;;      Totals:         6       0       0       0       0       0       0       0       0       0       0       0       
      +0       0       0       0       0
  3574 ;;Total ram usage:        6 bytes
  3575 ;; Hardware stack levels used: 1
  3576 ;; Hardware stack levels required when called: 8
  3577 ;; This function calls:
  3578 ;;		___strtoxl
  3579 ;; This function is called by:
  3580 ;;		_ReceivedFrameChecksum
  3581 ;; This function uses a non-reentrant model
  3582 ;;
  3583                           
  3584                           	psect	text23
  3585   003D80                     __ptext23:
  3586                           	callstack 0
  3587   003D80                     _strtol:
  3588                           	callstack 21
  3589   003D80  C02E  F023         	movff	strtol@s,___strtoxl@s
  3590   003D84  C02F  F024         	movff	strtol@s+1,___strtoxl@s+1
  3591   003D88  C030  F025         	movff	strtol@endptr,___strtoxl@endptr
  3592   003D8C  C031  F026         	movff	strtol@endptr+1,___strtoxl@endptr+1
  3593   003D90  C032  F027         	movff	strtol@base,___strtoxl@base
  3594   003D94  C033  F028         	movff	strtol@base+1,___strtoxl@base+1
  3595   003D98  0E01               	movlw	1
  3596   003D9A  6E29               	movwf	___strtoxl@is_signed^0,c
  3597   003D9C  ECA0  F00A         	call	___strtoxl	;wreg free
  3598   003DA0  C023  F02E         	movff	?___strtoxl,?_strtol
  3599   003DA4  C024  F02F         	movff	?___strtoxl+1,?_strtol+1
  3600   003DA8  C025  F030         	movff	?___strtoxl+2,?_strtol+2
  3601   003DAC  C026  F031         	movff	?___strtoxl+3,?_strtol+3
  3602   003DB0  0012               	return		;funcret
  3603   003DB2                     __end_of_strtol:
  3604                           	callstack 0
  3605                           
  3606 ;; *************** function ___strtoxl *****************
  3607 ;; Defined at:
  3608 ;;		line 7 in file "C:\Program Files\Microchip\xc8\v2.40\pic\sources\c99\common\__strtoxl.c"
  3609 ;; Parameters:    Size  Location     Type
  3610 ;;  s               2   34[COMRAM] PTR const unsigned char 
  3611 ;;		 -> FrameCheckSum(3), CRCresult(2), 
  3612 ;;  endptr          2   36[COMRAM] PTR PTR unsigned char 
  3613 ;;		 -> NULL(0), 
  3614 ;;  base            2   38[COMRAM] int 
  3615 ;;  is_signed       1   40[COMRAM] unsigned char 
  3616 ;; Auto vars:     Size  Location     Type
  3617 ;;  a               4   11[BANK0 ] unsigned long 
  3618 ;;  limit           4    5[BANK0 ] unsigned long 
  3619 ;;  prev_a          4    0[BANK0 ] unsigned long 
  3620 ;;  cp              2   15[BANK0 ] PTR const unsigned char 
  3621 ;;		 -> FrameCheckSum(3), CRCresult(2), 
  3622 ;;  c               1   17[BANK0 ] unsigned char 
  3623 ;;  skip            1   10[BANK0 ] unsigned char 
  3624 ;;  sign            1    9[BANK0 ] unsigned char 
  3625 ;;  conv_done       1    4[BANK0 ] unsigned char 
  3626 ;; Return value:  Size  Location     Type
  3627 ;;                  4   34[COMRAM] unsigned long 
  3628 ;; Registers used:
  3629 ;;		wreg, fsr2l, fsr2h, status,2, status,0, cstack
  3630 ;; Tracked objects:
  3631 ;;		On entry : 0/0
  3632 ;;		On exit  : 0/0
  3633 ;;		Unchanged: 0/0
  3634 ;; Data sizes:     COMRAM   BANK0   BANK1   BANK2   BANK3   BANK4   BANK5   BANK6   BANK7   BANK8   BANK9  BANK10  BANK1
      +1  BANK12  BANK13  BANK14  BANK15
  3635 ;;      Params:         7       0       0       0       0       0       0       0       0       0       0       0       
      +0       0       0       0       0
  3636 ;;      Locals:         0      18       0       0       0       0       0       0       0       0       0       0       
      +0       0       0       0       0
  3637 ;;      Temps:          4       0       0       0       0       0       0       0       0       0       0       0       
      +0       0       0       0       0
  3638 ;;      Totals:        11      18       0       0       0       0       0       0       0       0       0       0       
      +0       0       0       0       0
  3639 ;;Total ram usage:       29 bytes
  3640 ;; Hardware stack levels used: 1
  3641 ;; Hardware stack levels required when called: 7
  3642 ;; This function calls:
  3643 ;;		___lmul
  3644 ;;		_isalnum
  3645 ;;		_isalpha
  3646 ;;		_isdigit
  3647 ;;		_isspace
  3648 ;;		_toupper
  3649 ;; This function is called by:
  3650 ;;		_strtol
  3651 ;; This function uses a non-reentrant model
  3652 ;;
  3653                           
  3654                           	psect	text24
  3655   001540                     __ptext24:
  3656                           	callstack 0
  3657   001540                     ___strtoxl:
  3658                           	callstack 21
  3659   001540  0E00               	movlw	0
  3660   001542  0100               	movlb	0	; () banked
  3661   001544  6F64               	movwf	___strtoxl@conv_done& (0+255),b
  3662   001546  0E00               	movlw	0
  3663   001548  6F6B               	movwf	___strtoxl@a& (0+255),b
  3664   00154A  0E00               	movlw	0
  3665   00154C  6F6C               	movwf	(___strtoxl@a+1)& (0+255),b
  3666   00154E  0E00               	movlw	0
  3667   001550  6F6D               	movwf	(___strtoxl@a+2)& (0+255),b
  3668   001552  0E00               	movlw	0
  3669   001554  6F6E               	movwf	(___strtoxl@a+3)& (0+255),b
  3670   001556                     
  3671                           ; BSR set to: 0
  3672   001556  C023  F06F         	movff	___strtoxl@s,___strtoxl@cp
  3673   00155A  C024  F070         	movff	___strtoxl@s+1,___strtoxl@cp+1
  3674   00155E                     
  3675                           ; BSR set to: 0
  3676   00155E  BE28               	btfsc	(___strtoxl@base+1)^0,7,c
  3677   001560  EFBD  F00A         	goto	u5810
  3678   001564  5028               	movf	(___strtoxl@base+1)^0,w,c
  3679   001566  E107               	bnz	u5811
  3680   001568  0E25               	movlw	37
  3681   00156A  5C27               	subwf	___strtoxl@base^0,w,c
  3682   00156C  B0D8               	btfsc	status,0,c
  3683   00156E  EFBB  F00A         	goto	u5811
  3684   001572  EFBD  F00A         	goto	u5810
  3685   001576                     u5811:
  3686   001576  EFC6  F00A         	goto	l6518
  3687   00157A                     u5810:
  3688   00157A                     
  3689                           ; BSR set to: 0
  3690   00157A  0427               	decf	___strtoxl@base^0,w,c
  3691   00157C  1028               	iorwf	(___strtoxl@base+1)^0,w,c
  3692   00157E  A4D8               	btfss	status,2,c
  3693   001580  EFC4  F00A         	goto	u5821
  3694   001584  EFC6  F00A         	goto	u5820
  3695   001588                     u5821:
  3696   001588  EFCD  F00A         	goto	l6520
  3697   00158C                     u5820:
  3698   00158C                     l6518:
  3699                           
  3700                           ; BSR set to: 0
  3701   00158C  0E00               	movlw	0
  3702   00158E  0101               	movlb	1	; () banked
  3703   001590  6F25               	movwf	(_errno+1)& (0+255),b
  3704   001592  0E16               	movlw	22
  3705   001594  6F24               	movwf	_errno& (0+255),b
  3706   001596  EFCB  F00C         	goto	l6628
  3707   00159A                     l6520:
  3708                           
  3709                           ; BSR set to: 0
  3710   00159A  516F               	movf	___strtoxl@cp& (0+255),w,b
  3711   00159C  1170               	iorwf	(___strtoxl@cp+1)& (0+255),w,b
  3712   00159E  B4D8               	btfsc	status,2,c
  3713   0015A0  EFD4  F00A         	goto	u5831
  3714   0015A4  EFD6  F00A         	goto	u5830
  3715   0015A8                     u5831:
  3716   0015A8  EFCB  F00C         	goto	l6628
  3717   0015AC                     u5830:
  3718   0015AC                     
  3719                           ; BSR set to: 0
  3720   0015AC  C06F  FFD9         	movff	___strtoxl@cp,fsr2l
  3721   0015B0  C070  FFDA         	movff	___strtoxl@cp+1,fsr2h
  3722   0015B4  50DF               	movf	indf2,w,c
  3723   0015B6  A4D8               	btfss	status,2,c
  3724   0015B8  EFE0  F00A         	goto	u5841
  3725   0015BC  EFE2  F00A         	goto	u5840
  3726   0015C0                     u5841:
  3727   0015C0  EFE4  F00A         	goto	l6524
  3728   0015C4                     u5840:
  3729   0015C4  EFCB  F00C         	goto	l6628
  3730   0015C8                     l6524:
  3731                           
  3732                           ; BSR set to: 0
  3733   0015C8  C06F  FFD9         	movff	___strtoxl@cp,fsr2l
  3734   0015CC  C070  FFDA         	movff	___strtoxl@cp+1,fsr2h
  3735   0015D0  50DF               	movf	indf2,w,c
  3736   0015D2  6F71               	movwf	___strtoxl@c& (0+255),b
  3737   0015D4  EFF4  F00A         	goto	l6530
  3738   0015D8                     l6526:
  3739                           
  3740                           ; BSR set to: 0
  3741   0015D8  4B6F               	infsnz	___strtoxl@cp& (0+255),f,b
  3742   0015DA  2B70               	incf	(___strtoxl@cp+1)& (0+255),f,b
  3743   0015DC  C06F  FFD9         	movff	___strtoxl@cp,fsr2l
  3744   0015E0  C070  FFDA         	movff	___strtoxl@cp+1,fsr2h
  3745   0015E4  50DF               	movf	indf2,w,c
  3746   0015E6  6F71               	movwf	___strtoxl@c& (0+255),b
  3747   0015E8                     l6530:
  3748                           
  3749                           ; BSR set to: 0
  3750   0015E8  0E20               	movlw	32
  3751   0015EA  1971               	xorwf	___strtoxl@c& (0+255),w,b
  3752   0015EC  B4D8               	btfsc	status,2,c
  3753   0015EE  EFFB  F00A         	goto	u5851
  3754   0015F2  EFFD  F00A         	goto	u5850
  3755   0015F6                     u5851:
  3756   0015F6  EFEC  F00A         	goto	l6526
  3757   0015FA                     u5850:
  3758   0015FA                     
  3759                           ; BSR set to: 0
  3760   0015FA  0EF7               	movlw	247
  3761   0015FC  2571               	addwf	___strtoxl@c& (0+255),w,b
  3762   0015FE  6E2A               	movwf	??___strtoxl^0,c
  3763   001600  6A2B               	clrf	(??___strtoxl+1)^0,c
  3764   001602  0EFF               	movlw	255
  3765   001604  222B               	addwfc	(??___strtoxl+1)^0,f,c
  3766   001606  502B               	movf	(??___strtoxl+1)^0,w,c
  3767   001608  E109               	bnz	u5860
  3768   00160A  0E05               	movlw	5
  3769   00160C  5C2A               	subwf	??___strtoxl^0,w,c
  3770   00160E  A0D8               	btfss	status,0,c
  3771   001610  EF0C  F00B         	goto	u5861
  3772   001614  EF0E  F00B         	goto	u5860
  3773   001618                     u5861:
  3774   001618  EFEC  F00A         	goto	l6526
  3775   00161C                     u5860:
  3776   00161C                     
  3777                           ; BSR set to: 0
  3778   00161C  0E00               	movlw	0
  3779   00161E  6F69               	movwf	___strtoxl@sign& (0+255),b
  3780   001620  0E00               	movlw	0
  3781   001622  6F6A               	movwf	___strtoxl@skip& (0+255),b
  3782   001624                     
  3783                           ; BSR set to: 0
  3784   001624  0E2D               	movlw	45
  3785   001626  1971               	xorwf	___strtoxl@c& (0+255),w,b
  3786   001628  A4D8               	btfss	status,2,c
  3787   00162A  EF19  F00B         	goto	u5871
  3788   00162E  EF1B  F00B         	goto	u5870
  3789   001632                     u5871:
  3790   001632  EF27  F00B         	goto	l6542
  3791   001636                     u5870:
  3792   001636                     
  3793                           ; BSR set to: 0
  3794   001636  0E01               	movlw	1
  3795   001638  6F69               	movwf	___strtoxl@sign& (0+255),b
  3796   00163A                     l6540:
  3797                           
  3798                           ; BSR set to: 0
  3799   00163A  4B6F               	infsnz	___strtoxl@cp& (0+255),f,b
  3800   00163C  2B70               	incf	(___strtoxl@cp+1)& (0+255),f,b
  3801   00163E  C06F  FFD9         	movff	___strtoxl@cp,fsr2l
  3802   001642  C070  FFDA         	movff	___strtoxl@cp+1,fsr2h
  3803   001646  50DF               	movf	indf2,w,c
  3804   001648  6F71               	movwf	___strtoxl@c& (0+255),b
  3805   00164A  EF32  F00B         	goto	l6546
  3806   00164E                     l6542:
  3807                           
  3808                           ; BSR set to: 0
  3809   00164E  0E2B               	movlw	43
  3810   001650  1971               	xorwf	___strtoxl@c& (0+255),w,b
  3811   001652  A4D8               	btfss	status,2,c
  3812   001654  EF2E  F00B         	goto	u5881
  3813   001658  EF30  F00B         	goto	u5880
  3814   00165C                     u5881:
  3815   00165C  EF32  F00B         	goto	l6546
  3816   001660                     u5880:
  3817   001660  EF1D  F00B         	goto	l6540
  3818   001664                     l6546:
  3819                           
  3820                           ; BSR set to: 0
  3821   001664  0E30               	movlw	48
  3822   001666  1971               	xorwf	___strtoxl@c& (0+255),w,b
  3823   001668  A4D8               	btfss	status,2,c
  3824   00166A  EF39  F00B         	goto	u5891
  3825   00166E  EF3B  F00B         	goto	u5890
  3826   001672                     u5891:
  3827   001672  EFC0  F00B         	goto	l6580
  3828   001676                     u5890:
  3829   001676                     
  3830                           ; BSR set to: 0
  3831   001676  4B6F               	infsnz	___strtoxl@cp& (0+255),f,b
  3832   001678  2B70               	incf	(___strtoxl@cp+1)& (0+255),f,b
  3833   00167A  C06F  FFD9         	movff	___strtoxl@cp,fsr2l
  3834   00167E  C070  FFDA         	movff	___strtoxl@cp+1,fsr2h
  3835   001682  50DF               	movf	indf2,w,c
  3836   001684  6F71               	movwf	___strtoxl@c& (0+255),b
  3837   001686                     
  3838                           ; BSR set to: 0
  3839   001686  5027               	movf	___strtoxl@base^0,w,c
  3840   001688  1028               	iorwf	(___strtoxl@base+1)^0,w,c
  3841   00168A  B4D8               	btfsc	status,2,c
  3842   00168C  EF4A  F00B         	goto	u5901
  3843   001690  EF4C  F00B         	goto	u5900
  3844   001694                     u5901:
  3845   001694  EF56  F00B         	goto	l6554
  3846   001698                     u5900:
  3847   001698                     
  3848                           ; BSR set to: 0
  3849   001698  0E10               	movlw	16
  3850   00169A  1827               	xorwf	___strtoxl@base^0,w,c
  3851   00169C  1028               	iorwf	(___strtoxl@base+1)^0,w,c
  3852   00169E  A4D8               	btfss	status,2,c
  3853   0016A0  EF54  F00B         	goto	u5911
  3854   0016A4  EF56  F00B         	goto	u5910
  3855   0016A8                     u5911:
  3856   0016A8  EFB1  F00B         	goto	l6574
  3857   0016AC                     u5910:
  3858   0016AC                     l6554:
  3859                           
  3860                           ; BSR set to: 0
  3861   0016AC  0E78               	movlw	120
  3862   0016AE  1971               	xorwf	___strtoxl@c& (0+255),w,b
  3863   0016B0  B4D8               	btfsc	status,2,c
  3864   0016B2  EF5D  F00B         	goto	u5921
  3865   0016B6  EF5F  F00B         	goto	u5920
  3866   0016BA                     u5921:
  3867   0016BA  EF68  F00B         	goto	l6558
  3868   0016BE                     u5920:
  3869   0016BE                     
  3870                           ; BSR set to: 0
  3871   0016BE  0E58               	movlw	88
  3872   0016C0  1971               	xorwf	___strtoxl@c& (0+255),w,b
  3873   0016C2  A4D8               	btfss	status,2,c
  3874   0016C4  EF66  F00B         	goto	u5931
  3875   0016C8  EF68  F00B         	goto	u5930
  3876   0016CC                     u5931:
  3877   0016CC  EFB1  F00B         	goto	l6574
  3878   0016D0                     u5930:
  3879   0016D0                     l6558:
  3880                           
  3881                           ; BSR set to: 0
  3882   0016D0  0E00               	movlw	0
  3883   0016D2  6E28               	movwf	(___strtoxl@base+1)^0,c
  3884   0016D4  0E10               	movlw	16
  3885   0016D6  6E27               	movwf	___strtoxl@base^0,c
  3886   0016D8                     
  3887                           ; BSR set to: 0
  3888   0016D8  4B6F               	infsnz	___strtoxl@cp& (0+255),f,b
  3889   0016DA  2B70               	incf	(___strtoxl@cp+1)& (0+255),f,b
  3890   0016DC  C06F  FFD9         	movff	___strtoxl@cp,fsr2l
  3891   0016E0  C070  FFDA         	movff	___strtoxl@cp+1,fsr2h
  3892   0016E4  50DF               	movf	indf2,w,c
  3893   0016E6  6F71               	movwf	___strtoxl@c& (0+255),b
  3894   0016E8                     
  3895                           ; BSR set to: 0
  3896   0016E8  5171               	movf	___strtoxl@c& (0+255),w,b
  3897   0016EA  6E2A               	movwf	??___strtoxl^0,c
  3898   0016EC  6A2B               	clrf	(??___strtoxl+1)^0,c
  3899   0016EE  0E20               	movlw	32
  3900   0016F0  122A               	iorwf	??___strtoxl^0,f,c
  3901   0016F2  0E00               	movlw	0
  3902   0016F4  122B               	iorwf	(??___strtoxl+1)^0,f,c
  3903   0016F6  0E9F               	movlw	159
  3904   0016F8  242A               	addwf	??___strtoxl^0,w,c
  3905   0016FA  6E2C               	movwf	(??___strtoxl+2)^0,c
  3906   0016FC  0EFF               	movlw	255
  3907   0016FE  202B               	addwfc	(??___strtoxl+1)^0,w,c
  3908   001700  6E2D               	movwf	(??___strtoxl+3)^0,c
  3909   001702  502D               	movf	(??___strtoxl+3)^0,w,c
  3910   001704  E107               	bnz	u5941
  3911   001706  0E1A               	movlw	26
  3912   001708  5C2C               	subwf	(??___strtoxl+2)^0,w,c
  3913   00170A  B0D8               	btfsc	status,0,c
  3914   00170C  EF8A  F00B         	goto	u5941
  3915   001710  EF8C  F00B         	goto	u5940
  3916   001714                     u5941:
  3917   001714  EF9B  F00B         	goto	l6568
  3918   001718                     u5940:
  3919   001718                     
  3920                           ; BSR set to: 0
  3921   001718  C071  F01A         	movff	___strtoxl@c,toupper@c
  3922   00171C  6A1B               	clrf	(toupper@c+1)^0,c
  3923   00171E  EC51  F01E         	call	_toupper	;wreg free
  3924   001722  0EC9               	movlw	201
  3925   001724  261A               	addwf	?_toupper^0,f,c
  3926   001726  0E10               	movlw	16
  3927   001728  601A               	cpfslt	?_toupper^0,c
  3928   00172A  EF99  F00B         	goto	u5951
  3929   00172E  EF9B  F00B         	goto	u5950
  3930   001732                     u5951:
  3931   001732  EFA9  F00B         	goto	l6570
  3932   001736                     u5950:
  3933   001736                     l6568:
  3934   001736  C071  F01C         	movff	___strtoxl@c,isalnum@c
  3935   00173A  6A1D               	clrf	(isalnum@c+1)^0,c
  3936   00173C  EC7F  F01A         	call	_isalnum	;wreg free
  3937   001740  501C               	movf	?_isalnum^0,w,c
  3938   001742  101D               	iorwf	(?_isalnum+1)^0,w,c
  3939   001744  A4D8               	btfss	status,2,c
  3940   001746  EFA7  F00B         	goto	u5961
  3941   00174A  EFA9  F00B         	goto	u5960
  3942   00174E                     u5961:
  3943   00174E  EFC0  F00B         	goto	l6580
  3944   001752                     u5960:
  3945   001752                     l6570:
  3946   001752  0E01               	movlw	1
  3947   001754  0100               	movlb	0	; () banked
  3948   001756  6F64               	movwf	___strtoxl@conv_done& (0+255),b
  3949   001758                     
  3950                           ; BSR set to: 0
  3951   001758  076F               	decf	___strtoxl@cp& (0+255),f,b
  3952   00175A  A0D8               	btfss	status,0,c
  3953   00175C  0770               	decf	(___strtoxl@cp+1)& (0+255),f,b
  3954   00175E  EFCB  F00C         	goto	l6628
  3955   001762                     l6574:
  3956                           
  3957                           ; BSR set to: 0
  3958   001762  0E01               	movlw	1
  3959   001764  6F64               	movwf	___strtoxl@conv_done& (0+255),b
  3960   001766                     
  3961                           ; BSR set to: 0
  3962   001766  5027               	movf	___strtoxl@base^0,w,c
  3963   001768  1028               	iorwf	(___strtoxl@base+1)^0,w,c
  3964   00176A  A4D8               	btfss	status,2,c
  3965   00176C  EFBA  F00B         	goto	u5971
  3966   001770  EFBC  F00B         	goto	u5970
  3967   001774                     u5971:
  3968   001774  EFC0  F00B         	goto	l6580
  3969   001778                     u5970:
  3970   001778                     
  3971                           ; BSR set to: 0
  3972   001778  0E00               	movlw	0
  3973   00177A  6E28               	movwf	(___strtoxl@base+1)^0,c
  3974   00177C  0E08               	movlw	8
  3975   00177E  6E27               	movwf	___strtoxl@base^0,c
  3976   001780                     l6580:
  3977   001780  5027               	movf	___strtoxl@base^0,w,c
  3978   001782  1028               	iorwf	(___strtoxl@base+1)^0,w,c
  3979   001784  A4D8               	btfss	status,2,c
  3980   001786  EFC7  F00B         	goto	u5981
  3981   00178A  EFC9  F00B         	goto	u5980
  3982   00178E                     u5981:
  3983   00178E  EFCD  F00B         	goto	l1910
  3984   001792                     u5980:
  3985   001792  0E00               	movlw	0
  3986   001794  6E28               	movwf	(___strtoxl@base+1)^0,c
  3987   001796  0E0A               	movlw	10
  3988   001798  6E27               	movwf	___strtoxl@base^0,c
  3989   00179A                     l1910:
  3990   00179A  5029               	movf	___strtoxl@is_signed^0,w,c
  3991   00179C  B4D8               	btfsc	status,2,c
  3992   00179E  EFD3  F00B         	goto	u5991
  3993   0017A2  EFD5  F00B         	goto	u5990
  3994   0017A6                     u5991:
  3995   0017A6  EFF2  F00B         	goto	l1911
  3996   0017AA                     u5990:
  3997   0017AA  0100               	movlb	0	; () banked
  3998   0017AC  5169               	movf	___strtoxl@sign& (0+255),w,b
  3999   0017AE  A4D8               	btfss	status,2,c
  4000   0017B0  EFDC  F00B         	goto	u6001
  4001   0017B4  EFDE  F00B         	goto	u6000
  4002   0017B8                     u6001:
  4003   0017B8  EFE8  F00B         	goto	l6588
  4004   0017BC                     u6000:
  4005   0017BC                     
  4006                           ; BSR set to: 0
  4007   0017BC  0EFF               	movlw	255
  4008   0017BE  6F65               	movwf	___strtoxl@limit& (0+255),b
  4009   0017C0  0EFF               	movlw	255
  4010   0017C2  6F66               	movwf	(___strtoxl@limit+1)& (0+255),b
  4011   0017C4  0EFF               	movlw	255
  4012   0017C6  6F67               	movwf	(___strtoxl@limit+2)& (0+255),b
  4013   0017C8  0E7F               	movlw	127
  4014   0017CA  6F68               	movwf	(___strtoxl@limit+3)& (0+255),b
  4015   0017CC  EFF7  F00B         	goto	l1917
  4016   0017D0                     l6588:
  4017                           
  4018                           ; BSR set to: 0
  4019   0017D0  0E00               	movlw	0
  4020   0017D2  6F65               	movwf	___strtoxl@limit& (0+255),b
  4021   0017D4  0E00               	movlw	0
  4022   0017D6  6F66               	movwf	(___strtoxl@limit+1)& (0+255),b
  4023   0017D8  0E00               	movlw	0
  4024   0017DA  6F67               	movwf	(___strtoxl@limit+2)& (0+255),b
  4025   0017DC  0E80               	movlw	128
  4026   0017DE  6F68               	movwf	(___strtoxl@limit+3)& (0+255),b
  4027   0017E0  EFF7  F00B         	goto	l1917
  4028   0017E4                     l1911:
  4029   0017E4  0100               	movlb	0	; () banked
  4030   0017E6  6965               	setf	___strtoxl@limit& (0+255),b
  4031   0017E8  6966               	setf	(___strtoxl@limit+1)& (0+255),b
  4032   0017EA  6967               	setf	(___strtoxl@limit+2)& (0+255),b
  4033   0017EC  6968               	setf	(___strtoxl@limit+3)& (0+255),b
  4034   0017EE                     l1917:
  4035                           
  4036                           ; BSR set to: 0
  4037   0017EE  C06B  F060         	movff	___strtoxl@a,___strtoxl@prev_a
  4038   0017F2  C06C  F061         	movff	___strtoxl@a+1,___strtoxl@prev_a+1
  4039   0017F6  C06D  F062         	movff	___strtoxl@a+2,___strtoxl@prev_a+2
  4040   0017FA  C06E  F063         	movff	___strtoxl@a+3,___strtoxl@prev_a+3
  4041   0017FE                     
  4042                           ; BSR set to: 0
  4043   0017FE  5171               	movf	___strtoxl@c& (0+255),w,b
  4044   001800  6E2A               	movwf	??___strtoxl^0,c
  4045   001802  6A2B               	clrf	(??___strtoxl+1)^0,c
  4046   001804  0E20               	movlw	32
  4047   001806  122A               	iorwf	??___strtoxl^0,f,c
  4048   001808  0E00               	movlw	0
  4049   00180A  122B               	iorwf	(??___strtoxl+1)^0,f,c
  4050   00180C  0E9F               	movlw	159
  4051   00180E  242A               	addwf	??___strtoxl^0,w,c
  4052   001810  6E2C               	movwf	(??___strtoxl+2)^0,c
  4053   001812  0EFF               	movlw	255
  4054   001814  202B               	addwfc	(??___strtoxl+1)^0,w,c
  4055   001816  6E2D               	movwf	(??___strtoxl+3)^0,c
  4056   001818  502D               	movf	(??___strtoxl+3)^0,w,c
  4057   00181A  E107               	bnz	u6011
  4058   00181C  0E1A               	movlw	26
  4059   00181E  5C2C               	subwf	(??___strtoxl+2)^0,w,c
  4060   001820  B0D8               	btfsc	status,0,c
  4061   001822  EF15  F00C         	goto	u6011
  4062   001826  EF17  F00C         	goto	u6010
  4063   00182A                     u6011:
  4064   00182A  EF22  F00C         	goto	l6598
  4065   00182E                     u6010:
  4066   00182E                     
  4067                           ; BSR set to: 0
  4068   00182E  C071  F01A         	movff	___strtoxl@c,toupper@c
  4069   001832  6A1B               	clrf	(toupper@c+1)^0,c
  4070   001834  EC51  F01E         	call	_toupper	;wreg free
  4071   001838  501A               	movf	?_toupper^0,w,c
  4072   00183A  0FC9               	addlw	201
  4073   00183C  0100               	movlb	0	; () banked
  4074   00183E  6F71               	movwf	___strtoxl@c& (0+255),b
  4075   001840  EF35  F00C         	goto	l6602
  4076   001844                     l6598:
  4077                           
  4078                           ; BSR set to: 0
  4079   001844  0ED0               	movlw	208
  4080   001846  2571               	addwf	___strtoxl@c& (0+255),w,b
  4081   001848  6E2A               	movwf	??___strtoxl^0,c
  4082   00184A  6A2B               	clrf	(??___strtoxl+1)^0,c
  4083   00184C  0EFF               	movlw	255
  4084   00184E  222B               	addwfc	(??___strtoxl+1)^0,f,c
  4085   001850  502B               	movf	(??___strtoxl+1)^0,w,c
  4086   001852  E107               	bnz	u6021
  4087   001854  0E0A               	movlw	10
  4088   001856  5C2A               	subwf	??___strtoxl^0,w,c
  4089   001858  B0D8               	btfsc	status,0,c
  4090   00185A  EF31  F00C         	goto	u6021
  4091   00185E  EF33  F00C         	goto	u6020
  4092   001862                     u6021:
  4093   001862  EFB3  F00C         	goto	l6622
  4094   001866                     u6020:
  4095   001866                     
  4096                           ; BSR set to: 0
  4097   001866  0E30               	movlw	48
  4098   001868  5F71               	subwf	___strtoxl@c& (0+255),f,b
  4099   00186A                     l6602:
  4100                           
  4101                           ; BSR set to: 0
  4102   00186A  5171               	movf	___strtoxl@c& (0+255),w,b
  4103   00186C  6E2A               	movwf	??___strtoxl^0,c
  4104   00186E  6A2B               	clrf	(??___strtoxl+1)^0,c
  4105   001870  5027               	movf	___strtoxl@base^0,w,c
  4106   001872  5C2A               	subwf	??___strtoxl^0,w,c
  4107   001874  502B               	movf	(??___strtoxl+1)^0,w,c
  4108   001876  0A80               	xorlw	128
  4109   001878  6E2C               	movwf	(??___strtoxl+2)^0,c
  4110   00187A  5028               	movf	(___strtoxl@base+1)^0,w,c
  4111   00187C  0A80               	xorlw	128
  4112   00187E  582C               	subwfb	(??___strtoxl+2)^0,w,c
  4113   001880  A0D8               	btfss	status,0,c
  4114   001882  EF45  F00C         	goto	u6031
  4115   001886  EF47  F00C         	goto	u6030
  4116   00188A                     u6031:
  4117   00188A  EF49  F00C         	goto	l6606
  4118   00188E                     u6030:
  4119   00188E  EFB3  F00C         	goto	l6622
  4120   001892                     l6606:
  4121                           
  4122                           ; BSR set to: 0
  4123   001892  516A               	movf	___strtoxl@skip& (0+255),w,b
  4124   001894  A4D8               	btfss	status,2,c
  4125   001896  EF4F  F00C         	goto	u6041
  4126   00189A  EF51  F00C         	goto	u6040
  4127   00189E                     u6041:
  4128   00189E  EFA7  F00C         	goto	l6618
  4129   0018A2                     u6040:
  4130   0018A2                     
  4131                           ; BSR set to: 0
  4132   0018A2  C027  F016         	movff	___strtoxl@base,___lmul@multiplier
  4133   0018A6  C028  F017         	movff	___strtoxl@base+1,___lmul@multiplier+1
  4134   0018AA  0E00               	movlw	0
  4135   0018AC  BE17               	btfsc	(___lmul@multiplier+1)^0,7,c
  4136   0018AE  0EFF               	movlw	-1
  4137   0018B0  6E18               	movwf	(___lmul@multiplier+2)^0,c
  4138   0018B2  6E19               	movwf	(___lmul@multiplier+3)^0,c
  4139   0018B4  C06B  F01A         	movff	___strtoxl@a,___lmul@multiplicand
  4140   0018B8  C06C  F01B         	movff	___strtoxl@a+1,___lmul@multiplicand+1
  4141   0018BC  C06D  F01C         	movff	___strtoxl@a+2,___lmul@multiplicand+2
  4142   0018C0  C06E  F01D         	movff	___strtoxl@a+3,___lmul@multiplicand+3
  4143   0018C4  ECB4  F019         	call	___lmul	;wreg free
  4144   0018C8  0100               	movlb	0	; () banked
  4145   0018CA  5171               	movf	___strtoxl@c& (0+255),w,b
  4146   0018CC  2416               	addwf	?___lmul^0,w,c
  4147   0018CE  6F6B               	movwf	___strtoxl@a& (0+255),b
  4148   0018D0  0E00               	movlw	0
  4149   0018D2  2017               	addwfc	(?___lmul+1)^0,w,c
  4150   0018D4  6F6C               	movwf	(___strtoxl@a+1)& (0+255),b
  4151   0018D6  0E00               	movlw	0
  4152   0018D8  2018               	addwfc	(?___lmul+2)^0,w,c
  4153   0018DA  6F6D               	movwf	(___strtoxl@a+2)& (0+255),b
  4154   0018DC  0E00               	movlw	0
  4155   0018DE  2019               	addwfc	(?___lmul+3)^0,w,c
  4156   0018E0  6F6E               	movwf	(___strtoxl@a+3)& (0+255),b
  4157   0018E2                     
  4158                           ; BSR set to: 0
  4159   0018E2  5160               	movf	___strtoxl@prev_a& (0+255),w,b
  4160   0018E4  5D6B               	subwf	___strtoxl@a& (0+255),w,b
  4161   0018E6  5161               	movf	(___strtoxl@prev_a+1)& (0+255),w,b
  4162   0018E8  596C               	subwfb	(___strtoxl@a+1)& (0+255),w,b
  4163   0018EA  5162               	movf	(___strtoxl@prev_a+2)& (0+255),w,b
  4164   0018EC  596D               	subwfb	(___strtoxl@a+2)& (0+255),w,b
  4165   0018EE  5163               	movf	(___strtoxl@prev_a+3)& (0+255),w,b
  4166   0018F0  596E               	subwfb	(___strtoxl@a+3)& (0+255),w,b
  4167   0018F2  A0D8               	btfss	status,0,c
  4168   0018F4  EF7E  F00C         	goto	u6051
  4169   0018F8  EF80  F00C         	goto	u6050
  4170   0018FC                     u6051:
  4171   0018FC  EF97  F00C         	goto	l1931
  4172   001900                     u6050:
  4173   001900                     
  4174                           ; BSR set to: 0
  4175   001900  5029               	movf	___strtoxl@is_signed^0,w,c
  4176   001902  B4D8               	btfsc	status,2,c
  4177   001904  EF86  F00C         	goto	u6061
  4178   001908  EF88  F00C         	goto	u6060
  4179   00190C                     u6061:
  4180   00190C  EFA7  F00C         	goto	l6618
  4181   001910                     u6060:
  4182   001910                     
  4183                           ; BSR set to: 0
  4184   001910  516B               	movf	___strtoxl@a& (0+255),w,b
  4185   001912  5D65               	subwf	___strtoxl@limit& (0+255),w,b
  4186   001914  516C               	movf	(___strtoxl@a+1)& (0+255),w,b
  4187   001916  5966               	subwfb	(___strtoxl@limit+1)& (0+255),w,b
  4188   001918  516D               	movf	(___strtoxl@a+2)& (0+255),w,b
  4189   00191A  5967               	subwfb	(___strtoxl@limit+2)& (0+255),w,b
  4190   00191C  516E               	movf	(___strtoxl@a+3)& (0+255),w,b
  4191   00191E  5968               	subwfb	(___strtoxl@limit+3)& (0+255),w,b
  4192   001920  B0D8               	btfsc	status,0,c
  4193   001922  EF95  F00C         	goto	u6071
  4194   001926  EF97  F00C         	goto	u6070
  4195   00192A                     u6071:
  4196   00192A  EFA7  F00C         	goto	l6618
  4197   00192E                     u6070:
  4198   00192E                     l1931:
  4199                           
  4200                           ; BSR set to: 0
  4201   00192E  C065  F06B         	movff	___strtoxl@limit,___strtoxl@a
  4202   001932  C066  F06C         	movff	___strtoxl@limit+1,___strtoxl@a+1
  4203   001936  C067  F06D         	movff	___strtoxl@limit+2,___strtoxl@a+2
  4204   00193A  C068  F06E         	movff	___strtoxl@limit+3,___strtoxl@a+3
  4205   00193E                     
  4206                           ; BSR set to: 0
  4207   00193E  0E00               	movlw	0
  4208   001940  0101               	movlb	1	; () banked
  4209   001942  6F25               	movwf	(_errno+1)& (0+255),b
  4210   001944  0E22               	movlw	34
  4211   001946  6F24               	movwf	_errno& (0+255),b
  4212   001948  0E01               	movlw	1
  4213   00194A  0100               	movlb	0	; () banked
  4214   00194C  6F6A               	movwf	___strtoxl@skip& (0+255),b
  4215   00194E                     l6618:
  4216                           
  4217                           ; BSR set to: 0
  4218   00194E  4B6F               	infsnz	___strtoxl@cp& (0+255),f,b
  4219   001950  2B70               	incf	(___strtoxl@cp+1)& (0+255),f,b
  4220   001952  C06F  FFD9         	movff	___strtoxl@cp,fsr2l
  4221   001956  C070  FFDA         	movff	___strtoxl@cp+1,fsr2h
  4222   00195A  50DF               	movf	indf2,w,c
  4223   00195C  6F71               	movwf	___strtoxl@c& (0+255),b
  4224   00195E                     
  4225                           ; BSR set to: 0
  4226   00195E  0E01               	movlw	1
  4227   001960  6F64               	movwf	___strtoxl@conv_done& (0+255),b
  4228   001962  EFF7  F00B         	goto	l1917
  4229   001966                     l6622:
  4230                           
  4231                           ; BSR set to: 0
  4232   001966  516A               	movf	___strtoxl@skip& (0+255),w,b
  4233   001968  A4D8               	btfss	status,2,c
  4234   00196A  EFB9  F00C         	goto	u6081
  4235   00196E  EFBB  F00C         	goto	u6080
  4236   001972                     u6081:
  4237   001972  EFCB  F00C         	goto	l6628
  4238   001976                     u6080:
  4239   001976                     
  4240                           ; BSR set to: 0
  4241   001976  5169               	movf	___strtoxl@sign& (0+255),w,b
  4242   001978  B4D8               	btfsc	status,2,c
  4243   00197A  EFC1  F00C         	goto	u6091
  4244   00197E  EFC3  F00C         	goto	u6090
  4245   001982                     u6091:
  4246   001982  EFCB  F00C         	goto	l6628
  4247   001986                     u6090:
  4248   001986                     
  4249                           ; BSR set to: 0
  4250   001986  1F6E               	comf	(___strtoxl@a+3)& (0+255),f,b
  4251   001988  1F6D               	comf	(___strtoxl@a+2)& (0+255),f,b
  4252   00198A  1F6C               	comf	(___strtoxl@a+1)& (0+255),f,b
  4253   00198C  6D6B               	negf	___strtoxl@a& (0+255),b
  4254   00198E  0E00               	movlw	0
  4255   001990  236C               	addwfc	(___strtoxl@a+1)& (0+255),f,b
  4256   001992  236D               	addwfc	(___strtoxl@a+2)& (0+255),f,b
  4257   001994  236E               	addwfc	(___strtoxl@a+3)& (0+255),f,b
  4258   001996                     l6628:
  4259   001996  5025               	movf	___strtoxl@endptr^0,w,c
  4260   001998  1026               	iorwf	(___strtoxl@endptr+1)^0,w,c
  4261   00199A  B4D8               	btfsc	status,2,c
  4262   00199C  EFD2  F00C         	goto	u6101
  4263   0019A0  EFD4  F00C         	goto	u6100
  4264   0019A4                     u6101:
  4265   0019A4  EFE9  F00C         	goto	l6636
  4266   0019A8                     u6100:
  4267   0019A8  0100               	movlb	0	; () banked
  4268   0019AA  5164               	movf	___strtoxl@conv_done& (0+255),w,b
  4269   0019AC  A4D8               	btfss	status,2,c
  4270   0019AE  EFDB  F00C         	goto	u6111
  4271   0019B2  EFDD  F00C         	goto	u6110
  4272   0019B6                     u6111:
  4273   0019B6  EFE1  F00C         	goto	l6634
  4274   0019BA                     u6110:
  4275   0019BA                     
  4276                           ; BSR set to: 0
  4277   0019BA  C023  F06F         	movff	___strtoxl@s,___strtoxl@cp
  4278   0019BE  C024  F070         	movff	___strtoxl@s+1,___strtoxl@cp+1
  4279   0019C2                     l6634:
  4280                           
  4281                           ; BSR set to: 0
  4282   0019C2  C025  FFD9         	movff	___strtoxl@endptr,fsr2l
  4283   0019C6  C026  FFDA         	movff	___strtoxl@endptr+1,fsr2h
  4284   0019CA  C06F  FFDE         	movff	___strtoxl@cp,postinc2
  4285   0019CE  C070  FFDD         	movff	___strtoxl@cp+1,postdec2
  4286   0019D2                     l6636:
  4287   0019D2  C06B  F023         	movff	___strtoxl@a,?___strtoxl
  4288   0019D6  C06C  F024         	movff	___strtoxl@a+1,?___strtoxl+1
  4289   0019DA  C06D  F025         	movff	___strtoxl@a+2,?___strtoxl+2
  4290   0019DE  C06E  F026         	movff	___strtoxl@a+3,?___strtoxl+3
  4291   0019E2  0012               	return		;funcret
  4292   0019E4                     __end_of___strtoxl:
  4293                           	callstack 0
  4294                           
  4295 ;; *************** function _toupper *****************
  4296 ;; Defined at:
  4297 ;;		line 4 in file "C:\Program Files\Microchip\xc8\v2.40\pic\sources\c99\common\toupper.c"
  4298 ;; Parameters:    Size  Location     Type
  4299 ;;  c               2   25[COMRAM] int 
  4300 ;; Auto vars:     Size  Location     Type
  4301 ;;		None
  4302 ;; Return value:  Size  Location     Type
  4303 ;;                  2   25[COMRAM] int 
  4304 ;; Registers used:
  4305 ;;		wreg, status,2, status,0
  4306 ;; Tracked objects:
  4307 ;;		On entry : 0/0
  4308 ;;		On exit  : 0/0
  4309 ;;		Unchanged: 0/0
  4310 ;; Data sizes:     COMRAM   BANK0   BANK1   BANK2   BANK3   BANK4   BANK5   BANK6   BANK7   BANK8   BANK9  BANK10  BANK1
      +1  BANK12  BANK13  BANK14  BANK15
  4311 ;;      Params:         2       0       0       0       0       0       0       0       0       0       0       0       
      +0       0       0       0       0
  4312 ;;      Locals:         0       0       0       0       0       0       0       0       0       0       0       0       
      +0       0       0       0       0
  4313 ;;      Temps:          2       0       0       0       0       0       0       0       0       0       0       0       
      +0       0       0       0       0
  4314 ;;      Totals:         4       0       0       0       0       0       0       0       0       0       0       0       
      +0       0       0       0       0
  4315 ;;Total ram usage:        4 bytes
  4316 ;; Hardware stack levels used: 1
  4317 ;; Hardware stack levels required when called: 6
  4318 ;; This function calls:
  4319 ;;		_islower
  4320 ;; This function is called by:
  4321 ;;		___strtoxl
  4322 ;; This function uses a non-reentrant model
  4323 ;;
  4324                           
  4325                           	psect	text25
  4326   003CA2                     __ptext25:
  4327                           	callstack 0
  4328   003CA2                     _toupper:
  4329                           	callstack 21
  4330   003CA2  0E9F               	movlw	159
  4331   003CA4  241A               	addwf	toupper@c^0,w,c
  4332   003CA6  6E1C               	movwf	??_toupper^0,c
  4333   003CA8  0EFF               	movlw	255
  4334   003CAA  201B               	addwfc	(toupper@c+1)^0,w,c
  4335   003CAC  6E1D               	movwf	(??_toupper+1)^0,c
  4336   003CAE  501D               	movf	(??_toupper+1)^0,w,c
  4337   003CB0  E107               	bnz	u5701
  4338   003CB2  0E1A               	movlw	26
  4339   003CB4  5C1C               	subwf	??_toupper^0,w,c
  4340   003CB6  B0D8               	btfsc	status,0,c
  4341   003CB8  EF60  F01E         	goto	u5701
  4342   003CBC  EF62  F01E         	goto	u5700
  4343   003CC0                     u5701:
  4344   003CC0  EF68  F01E         	goto	l1962
  4345   003CC4                     u5700:
  4346   003CC4  0E5F               	movlw	95
  4347   003CC6  141A               	andwf	toupper@c^0,w,c
  4348   003CC8  6E1A               	movwf	?_toupper^0,c
  4349   003CCA  6A1B               	clrf	(?_toupper+1)^0,c
  4350   003CCC  EF6C  F01E         	goto	l1965
  4351   003CD0                     l1962:
  4352   003CD0  C01A  F01A         	movff	toupper@c,?_toupper
  4353   003CD4  C01B  F01B         	movff	toupper@c+1,?_toupper+1
  4354   003CD8                     l1965:
  4355   003CD8  0012               	return		;funcret
  4356   003CDA                     __end_of_toupper:
  4357                           	callstack 0
  4358                           
  4359 ;; *************** function _islower *****************
  4360 ;; Defined at:
  4361 ;;		line 5 in file "C:\Program Files\Microchip\xc8\v2.40\pic\sources\c99\common\islower.c"
  4362 ;; Parameters:    Size  Location     Type
  4363 ;;  c               2   21[COMRAM] int 
  4364 ;; Auto vars:     Size  Location     Type
  4365 ;;		None
  4366 ;; Return value:  Size  Location     Type
  4367 ;;                  2   21[COMRAM] int 
  4368 ;; Registers used:
  4369 ;;		wreg, status,2, status,0
  4370 ;; Tracked objects:
  4371 ;;		On entry : 0/0
  4372 ;;		On exit  : 0/0
  4373 ;;		Unchanged: 0/0
  4374 ;; Data sizes:     COMRAM   BANK0   BANK1   BANK2   BANK3   BANK4   BANK5   BANK6   BANK7   BANK8   BANK9  BANK10  BANK1
      +1  BANK12  BANK13  BANK14  BANK15
  4375 ;;      Params:         2       0       0       0       0       0       0       0       0       0       0       0       
      +0       0       0       0       0
  4376 ;;      Locals:         0       0       0       0       0       0       0       0       0       0       0       0       
      +0       0       0       0       0
  4377 ;;      Temps:          2       0       0       0       0       0       0       0       0       0       0       0       
      +0       0       0       0       0
  4378 ;;      Totals:         4       0       0       0       0       0       0       0       0       0       0       0       
      +0       0       0       0       0
  4379 ;;Total ram usage:        4 bytes
  4380 ;; Hardware stack levels used: 1
  4381 ;; Hardware stack levels required when called: 5
  4382 ;; This function calls:
  4383 ;;		Nothing
  4384 ;; This function is called by:
  4385 ;;		_toupper
  4386 ;; This function uses a non-reentrant model
  4387 ;;
  4388                           
  4389                           	psect	text26
  4390   003DE2                     __ptext26:
  4391                           	callstack 0
  4392   003DE2                     _islower:
  4393                           	callstack 21
  4394   003DE2  0E9F               	movlw	159
  4395   003DE4  2416               	addwf	islower@c^0,w,c
  4396   003DE6  6E18               	movwf	??_islower^0,c
  4397   003DE8  0EFF               	movlw	255
  4398   003DEA  2017               	addwfc	(islower@c+1)^0,w,c
  4399   003DEC  6E19               	movwf	(??_islower+1)^0,c
  4400   003DEE  5019               	movf	(??_islower+1)^0,w,c
  4401   003DF0  E10A               	bnz	u5530
  4402   003DF2  0E1A               	movlw	26
  4403   003DF4  5C18               	subwf	??_islower^0,w,c
  4404   003DF6  A0D8               	btfss	status,0,c
  4405   003DF8  EF00  F01F         	goto	u5531
  4406   003DFC  EF03  F01F         	goto	u5530
  4407   003E00                     u5531:
  4408   003E00  0E01               	movlw	1
  4409   003E02  EF04  F01F         	goto	u5540
  4410   003E06                     u5530:
  4411   003E06  0E00               	movlw	0
  4412   003E08                     u5540:
  4413   003E08  6E16               	movwf	?_islower^0,c
  4414   003E0A  6A17               	clrf	(?_islower+1)^0,c
  4415   003E0C  0012               	return		;funcret
  4416   003E0E                     __end_of_islower:
  4417                           	callstack 0
  4418                           
  4419 ;; *************** function _isalnum *****************
  4420 ;; Defined at:
  4421 ;;		line 4 in file "C:\Program Files\Microchip\xc8\v2.40\pic\sources\c99\common\isalnum.c"
  4422 ;; Parameters:    Size  Location     Type
  4423 ;;  c               2   27[COMRAM] int 
  4424 ;; Auto vars:     Size  Location     Type
  4425 ;;		None
  4426 ;; Return value:  Size  Location     Type
  4427 ;;                  2   27[COMRAM] int 
  4428 ;; Registers used:
  4429 ;;		wreg, status,2, status,0
  4430 ;; Tracked objects:
  4431 ;;		On entry : 0/0
  4432 ;;		On exit  : 0/0
  4433 ;;		Unchanged: 0/0
  4434 ;; Data sizes:     COMRAM   BANK0   BANK1   BANK2   BANK3   BANK4   BANK5   BANK6   BANK7   BANK8   BANK9  BANK10  BANK1
      +1  BANK12  BANK13  BANK14  BANK15
  4435 ;;      Params:         2       0       0       0       0       0       0       0       0       0       0       0       
      +0       0       0       0       0
  4436 ;;      Locals:         1       0       0       0       0       0       0       0       0       0       0       0       
      +0       0       0       0       0
  4437 ;;      Temps:          4       0       0       0       0       0       0       0       0       0       0       0       
      +0       0       0       0       0
  4438 ;;      Totals:         7       0       0       0       0       0       0       0       0       0       0       0       
      +0       0       0       0       0
  4439 ;;Total ram usage:        7 bytes
  4440 ;; Hardware stack levels used: 1
  4441 ;; Hardware stack levels required when called: 6
  4442 ;; This function calls:
  4443 ;;		_isalpha
  4444 ;; This function is called by:
  4445 ;;		___strtoxl
  4446 ;; This function uses a non-reentrant model
  4447 ;;
  4448                           
  4449                           	psect	text27
  4450   0034FE                     __ptext27:
  4451                           	callstack 0
  4452   0034FE                     _isalnum:
  4453                           	callstack 21
  4454   0034FE  0E01               	movlw	1
  4455   003500  6E22               	movwf	_isalnum$3075^0,c
  4456   003502  0E20               	movlw	32
  4457   003504  101C               	iorwf	isalnum@c^0,w,c
  4458   003506  6E1E               	movwf	??_isalnum^0,c
  4459   003508  0E00               	movlw	0
  4460   00350A  101D               	iorwf	(isalnum@c+1)^0,w,c
  4461   00350C  6E1F               	movwf	(??_isalnum+1)^0,c
  4462   00350E  0E9F               	movlw	159
  4463   003510  241E               	addwf	??_isalnum^0,w,c
  4464   003512  6E20               	movwf	(??_isalnum+2)^0,c
  4465   003514  0EFF               	movlw	255
  4466   003516  201F               	addwfc	(??_isalnum+1)^0,w,c
  4467   003518  6E21               	movwf	(??_isalnum+3)^0,c
  4468   00351A  5021               	movf	(??_isalnum+3)^0,w,c
  4469   00351C  E109               	bnz	u5710
  4470   00351E  0E1A               	movlw	26
  4471   003520  5C20               	subwf	(??_isalnum+2)^0,w,c
  4472   003522  A0D8               	btfss	status,0,c
  4473   003524  EF96  F01A         	goto	u5711
  4474   003528  EF98  F01A         	goto	u5710
  4475   00352C                     u5711:
  4476   00352C  EFAB  F01A         	goto	l6420
  4477   003530                     u5710:
  4478   003530  0ED0               	movlw	208
  4479   003532  241C               	addwf	isalnum@c^0,w,c
  4480   003534  6E1E               	movwf	??_isalnum^0,c
  4481   003536  0EFF               	movlw	255
  4482   003538  201D               	addwfc	(isalnum@c+1)^0,w,c
  4483   00353A  6E1F               	movwf	(??_isalnum+1)^0,c
  4484   00353C  501F               	movf	(??_isalnum+1)^0,w,c
  4485   00353E  E109               	bnz	u5720
  4486   003540  0E0A               	movlw	10
  4487   003542  5C1E               	subwf	??_isalnum^0,w,c
  4488   003544  A0D8               	btfss	status,0,c
  4489   003546  EFA7  F01A         	goto	u5721
  4490   00354A  EFA9  F01A         	goto	u5720
  4491   00354E                     u5721:
  4492   00354E  EFAB  F01A         	goto	l6420
  4493   003552                     u5720:
  4494   003552  0E00               	movlw	0
  4495   003554  6E22               	movwf	_isalnum$3075^0,c
  4496   003556                     l6420:
  4497   003556  C022  F01C         	movff	_isalnum$3075,?_isalnum
  4498   00355A  6A1D               	clrf	(?_isalnum+1)^0,c
  4499   00355C  0012               	return		;funcret
  4500   00355E                     __end_of_isalnum:
  4501                           	callstack 0
  4502                           
  4503 ;; *************** function _isalpha *****************
  4504 ;; Defined at:
  4505 ;;		line 5 in file "C:\Program Files\Microchip\xc8\v2.40\pic\sources\c99\common\isalpha.c"
  4506 ;; Parameters:    Size  Location     Type
  4507 ;;  c               2   21[COMRAM] int 
  4508 ;; Auto vars:     Size  Location     Type
  4509 ;;		None
  4510 ;; Return value:  Size  Location     Type
  4511 ;;                  2   21[COMRAM] int 
  4512 ;; Registers used:
  4513 ;;		wreg, status,2, status,0
  4514 ;; Tracked objects:
  4515 ;;		On entry : 0/0
  4516 ;;		On exit  : 0/0
  4517 ;;		Unchanged: 0/0
  4518 ;; Data sizes:     COMRAM   BANK0   BANK1   BANK2   BANK3   BANK4   BANK5   BANK6   BANK7   BANK8   BANK9  BANK10  BANK1
      +1  BANK12  BANK13  BANK14  BANK15
  4519 ;;      Params:         2       0       0       0       0       0       0       0       0       0       0       0       
      +0       0       0       0       0
  4520 ;;      Locals:         0       0       0       0       0       0       0       0       0       0       0       0       
      +0       0       0       0       0
  4521 ;;      Temps:          4       0       0       0       0       0       0       0       0       0       0       0       
      +0       0       0       0       0
  4522 ;;      Totals:         6       0       0       0       0       0       0       0       0       0       0       0       
      +0       0       0       0       0
  4523 ;;Total ram usage:        6 bytes
  4524 ;; Hardware stack levels used: 1
  4525 ;; Hardware stack levels required when called: 5
  4526 ;; This function calls:
  4527 ;;		Nothing
  4528 ;; This function is called by:
  4529 ;;		___strtoxl
  4530 ;;		_isalnum
  4531 ;; This function uses a non-reentrant model
  4532 ;;
  4533                           
  4534                           	psect	text28
  4535   003CDA                     __ptext28:
  4536                           	callstack 0
  4537   003CDA                     _isalpha:
  4538                           	callstack 22
  4539   003CDA  0E20               	movlw	32
  4540   003CDC  1016               	iorwf	isalpha@c^0,w,c
  4541   003CDE  6E18               	movwf	??_isalpha^0,c
  4542   003CE0  0E00               	movlw	0
  4543   003CE2  1017               	iorwf	(isalpha@c+1)^0,w,c
  4544   003CE4  6E19               	movwf	(??_isalpha+1)^0,c
  4545   003CE6  0E9F               	movlw	159
  4546   003CE8  2418               	addwf	??_isalpha^0,w,c
  4547   003CEA  6E1A               	movwf	(??_isalpha+2)^0,c
  4548   003CEC  0EFF               	movlw	255
  4549   003CEE  2019               	addwfc	(??_isalpha+1)^0,w,c
  4550   003CF0  6E1B               	movwf	(??_isalpha+3)^0,c
  4551   003CF2  501B               	movf	(??_isalpha+3)^0,w,c
  4552   003CF4  E10A               	bnz	u5510
  4553   003CF6  0E1A               	movlw	26
  4554   003CF8  5C1A               	subwf	(??_isalpha+2)^0,w,c
  4555   003CFA  A0D8               	btfss	status,0,c
  4556   003CFC  EF82  F01E         	goto	u5511
  4557   003D00  EF85  F01E         	goto	u5510
  4558   003D04                     u5511:
  4559   003D04  0E01               	movlw	1
  4560   003D06  EF86  F01E         	goto	u5520
  4561   003D0A                     u5510:
  4562   003D0A  0E00               	movlw	0
  4563   003D0C                     u5520:
  4564   003D0C  6E16               	movwf	?_isalpha^0,c
  4565   003D0E  6A17               	clrf	(?_isalpha+1)^0,c
  4566   003D10  0012               	return		;funcret
  4567   003D12                     __end_of_isalpha:
  4568                           	callstack 0
  4569                           
  4570 ;; *************** function ___lmul *****************
  4571 ;; Defined at:
  4572 ;;		line 15 in file "C:\Program Files\Microchip\xc8\v2.40\pic\sources\c99\common\Umul32.c"
  4573 ;; Parameters:    Size  Location     Type
  4574 ;;  multiplier      4   21[COMRAM] unsigned long 
  4575 ;;  multiplicand    4   25[COMRAM] unsigned long 
  4576 ;; Auto vars:     Size  Location     Type
  4577 ;;  product         4   29[COMRAM] unsigned long 
  4578 ;; Return value:  Size  Location     Type
  4579 ;;                  4   21[COMRAM] unsigned long 
  4580 ;; Registers used:
  4581 ;;		wreg, status,2, status,0
  4582 ;; Tracked objects:
  4583 ;;		On entry : 0/0
  4584 ;;		On exit  : 0/0
  4585 ;;		Unchanged: 0/0
  4586 ;; Data sizes:     COMRAM   BANK0   BANK1   BANK2   BANK3   BANK4   BANK5   BANK6   BANK7   BANK8   BANK9  BANK10  BANK1
      +1  BANK12  BANK13  BANK14  BANK15
  4587 ;;      Params:         8       0       0       0       0       0       0       0       0       0       0       0       
      +0       0       0       0       0
  4588 ;;      Locals:         4       0       0       0       0       0       0       0       0       0       0       0       
      +0       0       0       0       0
  4589 ;;      Temps:          0       0       0       0       0       0       0       0       0       0       0       0       
      +0       0       0       0       0
  4590 ;;      Totals:        12       0       0       0       0       0       0       0       0       0       0       0       
      +0       0       0       0       0
  4591 ;;Total ram usage:       12 bytes
  4592 ;; Hardware stack levels used: 1
  4593 ;; Hardware stack levels required when called: 5
  4594 ;; This function calls:
  4595 ;;		Nothing
  4596 ;; This function is called by:
  4597 ;;		___strtoxl
  4598 ;; This function uses a non-reentrant model
  4599 ;;
  4600                           
  4601                           	psect	text29
  4602   003368                     __ptext29:
  4603                           	callstack 0
  4604   003368                     ___lmul:
  4605                           	callstack 22
  4606   003368  0E00               	movlw	0
  4607   00336A  6E1E               	movwf	___lmul@product^0,c
  4608   00336C  0E00               	movlw	0
  4609   00336E  6E1F               	movwf	(___lmul@product+1)^0,c
  4610   003370  0E00               	movlw	0
  4611   003372  6E20               	movwf	(___lmul@product+2)^0,c
  4612   003374  0E00               	movlw	0
  4613   003376  6E21               	movwf	(___lmul@product+3)^0,c
  4614   003378                     l6388:
  4615   003378  A016               	btfss	___lmul@multiplier^0,0,c
  4616   00337A  EFC1  F019         	goto	u5681
  4617   00337E  EFC3  F019         	goto	u5680
  4618   003382                     u5681:
  4619   003382  EFCB  F019         	goto	l6392
  4620   003386                     u5680:
  4621   003386  501A               	movf	___lmul@multiplicand^0,w,c
  4622   003388  261E               	addwf	___lmul@product^0,f,c
  4623   00338A  501B               	movf	(___lmul@multiplicand+1)^0,w,c
  4624   00338C  221F               	addwfc	(___lmul@product+1)^0,f,c
  4625   00338E  501C               	movf	(___lmul@multiplicand+2)^0,w,c
  4626   003390  2220               	addwfc	(___lmul@product+2)^0,f,c
  4627   003392  501D               	movf	(___lmul@multiplicand+3)^0,w,c
  4628   003394  2221               	addwfc	(___lmul@product+3)^0,f,c
  4629   003396                     l6392:
  4630   003396  90D8               	bcf	status,0,c
  4631   003398  361A               	rlcf	___lmul@multiplicand^0,f,c
  4632   00339A  361B               	rlcf	(___lmul@multiplicand+1)^0,f,c
  4633   00339C  361C               	rlcf	(___lmul@multiplicand+2)^0,f,c
  4634   00339E  361D               	rlcf	(___lmul@multiplicand+3)^0,f,c
  4635   0033A0  90D8               	bcf	status,0,c
  4636   0033A2  3219               	rrcf	(___lmul@multiplier+3)^0,f,c
  4637   0033A4  3218               	rrcf	(___lmul@multiplier+2)^0,f,c
  4638   0033A6  3217               	rrcf	(___lmul@multiplier+1)^0,f,c
  4639   0033A8  3216               	rrcf	___lmul@multiplier^0,f,c
  4640   0033AA  5016               	movf	___lmul@multiplier^0,w,c
  4641   0033AC  1017               	iorwf	(___lmul@multiplier+1)^0,w,c
  4642   0033AE  1018               	iorwf	(___lmul@multiplier+2)^0,w,c
  4643   0033B0  1019               	iorwf	(___lmul@multiplier+3)^0,w,c
  4644   0033B2  A4D8               	btfss	status,2,c
  4645   0033B4  EFDE  F019         	goto	u5691
  4646   0033B8  EFE0  F019         	goto	u5690
  4647   0033BC                     u5691:
  4648   0033BC  EFBC  F019         	goto	l6388
  4649   0033C0                     u5690:
  4650   0033C0  C01E  F016         	movff	___lmul@product,?___lmul
  4651   0033C4  C01F  F017         	movff	___lmul@product+1,?___lmul+1
  4652   0033C8  C020  F018         	movff	___lmul@product+2,?___lmul+2
  4653   0033CC  C021  F019         	movff	___lmul@product+3,?___lmul+3
  4654   0033D0  0012               	return		;funcret
  4655   0033D2                     __end_of___lmul:
  4656                           	callstack 0
  4657                           
  4658 ;; *************** function _TrimFrame *****************
  4659 ;; Defined at:
  4660 ;;		line 368 in file "main.c"
  4661 ;; Parameters:    Size  Location     Type
  4662 ;;		None
  4663 ;; Auto vars:     Size  Location     Type
  4664 ;;  i               1   30[COMRAM] unsigned char 
  4665 ;;  index           1   29[COMRAM] unsigned char 
  4666 ;; Return value:  Size  Location     Type
  4667 ;;                  1    wreg      void 
  4668 ;; Registers used:
  4669 ;;		wreg, fsr1l, fsr1h, fsr2l, fsr2h, status,2, status,0, tblptrl, tblptrh, tblptru, cstack
  4670 ;; Tracked objects:
  4671 ;;		On entry : 0/0
  4672 ;;		On exit  : 0/0
  4673 ;;		Unchanged: 0/0
  4674 ;; Data sizes:     COMRAM   BANK0   BANK1   BANK2   BANK3   BANK4   BANK5   BANK6   BANK7   BANK8   BANK9  BANK10  BANK1
      +1  BANK12  BANK13  BANK14  BANK15
  4675 ;;      Params:         0       0       0       0       0       0       0       0       0       0       0       0       
      +0       0       0       0       0
  4676 ;;      Locals:         2       0       0       0       0       0       0       0       0       0       0       0       
      +0       0       0       0       0
  4677 ;;      Temps:          4       0       0       0       0       0       0       0       0       0       0       0       
      +0       0       0       0       0
  4678 ;;      Totals:         6       0       0       0       0       0       0       0       0       0       0       0       
      +0       0       0       0       0
  4679 ;;Total ram usage:        6 bytes
  4680 ;; Hardware stack levels used: 1
  4681 ;; Hardware stack levels required when called: 6
  4682 ;; This function calls:
  4683 ;;		_strlen
  4684 ;; This function is called by:
  4685 ;;		_ReceivedFrameChecksum
  4686 ;; This function uses a non-reentrant model
  4687 ;;
  4688                           
  4689                           	psect	text30
  4690   003218                     __ptext30:
  4691                           	callstack 0
  4692   003218                     _TrimFrame:
  4693                           	callstack 23
  4694   003218                     
  4695                           ;main.c: 369:     uint8_t index = 0;
  4696   003218  0E00               	movlw	0
  4697   00321A  6E1E               	movwf	TrimFrame@index^0,c
  4698                           
  4699                           ;main.c: 370:     uint8_t i;;main.c: 371:     for(i = 0; i < strlen(frame_buffer)-3; i++
      +                          ){
  4700   00321C  0E00               	movlw	0
  4701   00321E  6E1F               	movwf	TrimFrame@i^0,c
  4702   003220  EF22  F019         	goto	l6666
  4703   003224                     l6660:
  4704                           
  4705                           ;main.c: 372:         TrimmedFrame[index] = frame_buffer[i];
  4706   003224  0E78               	movlw	low _frame_buffer
  4707   003226  241F               	addwf	TrimFrame@i^0,w,c
  4708   003228  6ED9               	movwf	fsr2l,c
  4709   00322A  6ADA               	clrf	fsr2h,c
  4710   00322C  0E01               	movlw	high _frame_buffer
  4711   00322E  22DA               	addwfc	fsr2h,f,c
  4712   003230  0E50               	movlw	low _TrimmedFrame
  4713   003232  241E               	addwf	TrimFrame@index^0,w,c
  4714   003234  6EE1               	movwf	fsr1l,c
  4715   003236  6AE2               	clrf	fsr1h,c
  4716   003238  0E01               	movlw	high _TrimmedFrame
  4717   00323A  22E2               	addwfc	fsr1h,f,c
  4718   00323C  CFDF FFE7          	movff	indf2,indf1
  4719   003240                     
  4720                           ;main.c: 373:         index++;
  4721   003240  2A1E               	incf	TrimFrame@index^0,f,c
  4722   003242                     
  4723                           ;main.c: 374:     }
  4724   003242  2A1F               	incf	TrimFrame@i^0,f,c
  4725   003244                     l6666:
  4726   003244  0E78               	movlw	low _frame_buffer
  4727   003246  6E16               	movwf	strlen@s^0,c
  4728   003248  0E01               	movlw	high _frame_buffer
  4729   00324A  6E17               	movwf	(strlen@s+1)^0,c
  4730   00324C  EC68  F01C         	call	_strlen	;wreg free
  4731   003250  0EFD               	movlw	253
  4732   003252  2416               	addwf	?_strlen^0,w,c
  4733   003254  6E1A               	movwf	??_TrimFrame^0,c
  4734   003256  0EFF               	movlw	255
  4735   003258  2017               	addwfc	(?_strlen+1)^0,w,c
  4736   00325A  6E1B               	movwf	(??_TrimFrame+1)^0,c
  4737   00325C  501F               	movf	TrimFrame@i^0,w,c
  4738   00325E  6E1C               	movwf	(??_TrimFrame+2)^0,c
  4739   003260  6A1D               	clrf	(??_TrimFrame+3)^0,c
  4740   003262  501A               	movf	??_TrimFrame^0,w,c
  4741   003264  5C1C               	subwf	(??_TrimFrame+2)^0,w,c
  4742   003266  501B               	movf	(??_TrimFrame+1)^0,w,c
  4743   003268  581D               	subwfb	(??_TrimFrame+3)^0,w,c
  4744   00326A  A0D8               	btfss	status,0,c
  4745   00326C  EF3A  F019         	goto	u6141
  4746   003270  EF3C  F019         	goto	u6140
  4747   003274                     u6141:
  4748   003274  EF12  F019         	goto	l6660
  4749   003278                     u6140:
  4750   003278                     
  4751                           ;main.c: 375:     TrimmedFrame[index] = '\0';
  4752   003278  0E50               	movlw	low _TrimmedFrame
  4753   00327A  241E               	addwf	TrimFrame@index^0,w,c
  4754   00327C  6ED9               	movwf	fsr2l,c
  4755   00327E  6ADA               	clrf	fsr2h,c
  4756   003280  0E01               	movlw	high _TrimmedFrame
  4757   003282  22DA               	addwfc	fsr2h,f,c
  4758   003284  0E00               	movlw	0
  4759   003286  6EDF               	movwf	indf2,c
  4760   003288  0012               	return		;funcret
  4761   00328A                     __end_of_TrimFrame:
  4762                           	callstack 0
  4763                           
  4764 ;; *************** function _GetChecksumValue *****************
  4765 ;; Defined at:
  4766 ;;		line 379 in file "main.c"
  4767 ;; Parameters:    Size  Location     Type
  4768 ;;		None
  4769 ;; Auto vars:     Size  Location     Type
  4770 ;;  i               1   30[COMRAM] unsigned char 
  4771 ;;  index           1   29[COMRAM] unsigned char 
  4772 ;; Return value:  Size  Location     Type
  4773 ;;                  1    wreg      void 
  4774 ;; Registers used:
  4775 ;;		wreg, fsr1l, fsr1h, fsr2l, fsr2h, status,2, status,0, tblptrl, tblptrh, tblptru, cstack
  4776 ;; Tracked objects:
  4777 ;;		On entry : 0/0
  4778 ;;		On exit  : 0/0
  4779 ;;		Unchanged: 0/0
  4780 ;; Data sizes:     COMRAM   BANK0   BANK1   BANK2   BANK3   BANK4   BANK5   BANK6   BANK7   BANK8   BANK9  BANK10  BANK1
      +1  BANK12  BANK13  BANK14  BANK15
  4781 ;;      Params:         0       0       0       0       0       0       0       0       0       0       0       0       
      +0       0       0       0       0
  4782 ;;      Locals:         2       0       0       0       0       0       0       0       0       0       0       0       
      +0       0       0       0       0
  4783 ;;      Temps:          4       0       0       0       0       0       0       0       0       0       0       0       
      +0       0       0       0       0
  4784 ;;      Totals:         6       0       0       0       0       0       0       0       0       0       0       0       
      +0       0       0       0       0
  4785 ;;Total ram usage:        6 bytes
  4786 ;; Hardware stack levels used: 1
  4787 ;; Hardware stack levels required when called: 6
  4788 ;; This function calls:
  4789 ;;		_strlen
  4790 ;; This function is called by:
  4791 ;;		_ReceivedFrameChecksum
  4792 ;; This function uses a non-reentrant model
  4793 ;;
  4794                           
  4795                           	psect	text31
  4796   00311E                     __ptext31:
  4797                           	callstack 0
  4798   00311E                     _GetChecksumValue:
  4799                           	callstack 23
  4800   00311E                     
  4801                           ;main.c: 380:     uint8_t index = 0;
  4802   00311E  0E00               	movlw	0
  4803   003120  6E1E               	movwf	GetChecksumValue@index^0,c
  4804   003122                     
  4805                           ;main.c: 383:     for(i = strlen(frame_buffer)-3; i < strlen(frame_buffer)-1; i++){
  4806   003122  0E78               	movlw	low _frame_buffer
  4807   003124  6E16               	movwf	strlen@s^0,c
  4808   003126  0E01               	movlw	high _frame_buffer
  4809   003128  6E17               	movwf	(strlen@s+1)^0,c
  4810   00312A  EC68  F01C         	call	_strlen	;wreg free
  4811   00312E  5016               	movf	?_strlen^0,w,c
  4812   003130  0FFD               	addlw	253
  4813   003132  6E1F               	movwf	GetChecksumValue@i^0,c
  4814   003134  EFAC  F018         	goto	l6680
  4815   003138                     l6674:
  4816                           
  4817                           ;main.c: 384:         FrameCheckSum[index] = frame_buffer[i];
  4818   003138  0E78               	movlw	low _frame_buffer
  4819   00313A  241F               	addwf	GetChecksumValue@i^0,w,c
  4820   00313C  6ED9               	movwf	fsr2l,c
  4821   00313E  6ADA               	clrf	fsr2h,c
  4822   003140  0E01               	movlw	high _frame_buffer
  4823   003142  22DA               	addwfc	fsr2h,f,c
  4824   003144  0E94               	movlw	low _FrameCheckSum
  4825   003146  241E               	addwf	GetChecksumValue@index^0,w,c
  4826   003148  6EE1               	movwf	fsr1l,c
  4827   00314A  6AE2               	clrf	fsr1h,c
  4828   00314C  0E01               	movlw	high _FrameCheckSum
  4829   00314E  22E2               	addwfc	fsr1h,f,c
  4830   003150  CFDF FFE7          	movff	indf2,indf1
  4831   003154                     
  4832                           ;main.c: 385:         index++;
  4833   003154  2A1E               	incf	GetChecksumValue@index^0,f,c
  4834   003156                     
  4835                           ;main.c: 386:     }
  4836   003156  2A1F               	incf	GetChecksumValue@i^0,f,c
  4837   003158                     l6680:
  4838   003158  0E78               	movlw	low _frame_buffer
  4839   00315A  6E16               	movwf	strlen@s^0,c
  4840   00315C  0E01               	movlw	high _frame_buffer
  4841   00315E  6E17               	movwf	(strlen@s+1)^0,c
  4842   003160  EC68  F01C         	call	_strlen	;wreg free
  4843   003164  0EFF               	movlw	255
  4844   003166  2416               	addwf	?_strlen^0,w,c
  4845   003168  6E1A               	movwf	??_GetChecksumValue^0,c
  4846   00316A  0EFF               	movlw	255
  4847   00316C  2017               	addwfc	(?_strlen+1)^0,w,c
  4848   00316E  6E1B               	movwf	(??_GetChecksumValue+1)^0,c
  4849   003170  501F               	movf	GetChecksumValue@i^0,w,c
  4850   003172  6E1C               	movwf	(??_GetChecksumValue+2)^0,c
  4851   003174  6A1D               	clrf	(??_GetChecksumValue+3)^0,c
  4852   003176  501A               	movf	??_GetChecksumValue^0,w,c
  4853   003178  5C1C               	subwf	(??_GetChecksumValue+2)^0,w,c
  4854   00317A  501B               	movf	(??_GetChecksumValue+1)^0,w,c
  4855   00317C  581D               	subwfb	(??_GetChecksumValue+3)^0,w,c
  4856   00317E  A0D8               	btfss	status,0,c
  4857   003180  EFC4  F018         	goto	u6151
  4858   003184  EFC6  F018         	goto	u6150
  4859   003188                     u6151:
  4860   003188  EF9C  F018         	goto	l6674
  4861   00318C                     u6150:
  4862   00318C                     
  4863                           ;main.c: 388:     FrameCheckSum[index]='\0';
  4864   00318C  0E94               	movlw	low _FrameCheckSum
  4865   00318E  241E               	addwf	GetChecksumValue@index^0,w,c
  4866   003190  6ED9               	movwf	fsr2l,c
  4867   003192  6ADA               	clrf	fsr2h,c
  4868   003194  0E01               	movlw	high _FrameCheckSum
  4869   003196  22DA               	addwfc	fsr2h,f,c
  4870   003198  0E00               	movlw	0
  4871   00319A  6EDF               	movwf	indf2,c
  4872   00319C  0012               	return		;funcret
  4873   00319E                     __end_of_GetChecksumValue:
  4874                           	callstack 0
  4875                           
  4876 ;; *************** function _Initialize *****************
  4877 ;; Defined at:
  4878 ;;		line 147 in file "main.c"
  4879 ;; Parameters:    Size  Location     Type
  4880 ;;		None
  4881 ;; Auto vars:     Size  Location     Type
  4882 ;;		None
  4883 ;; Return value:  Size  Location     Type
  4884 ;;                  1    wreg      void 
  4885 ;; Registers used:
  4886 ;;		wreg, status,2
  4887 ;; Tracked objects:
  4888 ;;		On entry : 0/0
  4889 ;;		On exit  : 0/0
  4890 ;;		Unchanged: 0/0
  4891 ;; Data sizes:     COMRAM   BANK0   BANK1   BANK2   BANK3   BANK4   BANK5   BANK6   BANK7   BANK8   BANK9  BANK10  BANK1
      +1  BANK12  BANK13  BANK14  BANK15
  4892 ;;      Params:         0       0       0       0       0       0       0       0       0       0       0       0       
      +0       0       0       0       0
  4893 ;;      Locals:         0       0       0       0       0       0       0       0       0       0       0       0       
      +0       0       0       0       0
  4894 ;;      Temps:          0       0       0       0       0       0       0       0       0       0       0       0       
      +0       0       0       0       0
  4895 ;;      Totals:         0       0       0       0       0       0       0       0       0       0       0       0       
      +0       0       0       0       0
  4896 ;;Total ram usage:        0 bytes
  4897 ;; Hardware stack levels used: 1
  4898 ;; Hardware stack levels required when called: 5
  4899 ;; This function calls:
  4900 ;;		Nothing
  4901 ;; This function is called by:
  4902 ;;		_main
  4903 ;; This function uses a non-reentrant model
  4904 ;;
  4905                           
  4906                           	psect	text32
  4907   004144                     __ptext32:
  4908                           	callstack 0
  4909   004144                     _Initialize:
  4910                           	callstack 25
  4911   004144                     
  4912                           ;main.c: 148:     curr_state = RST;
  4913   004144  0E00               	movlw	0
  4914   004146  6E42               	movwf	_curr_state^0,c
  4915                           
  4916                           ;main.c: 149:     frame_state = SETUP;
  4917   004148  0E00               	movlw	0
  4918   00414A  6E44               	movwf	_frame_state^0,c
  4919   00414C  0012               	return		;funcret
  4920   00414E                     __end_of_Initialize:
  4921                           	callstack 0
  4922                           
  4923 ;; *************** function _memcpy *****************
  4924 ;; Defined at:
  4925 ;;		line 4 in file "C:\Program Files\Microchip\xc8\v2.40\pic\sources\c99\common\memcpy.c"
  4926 ;; Parameters:    Size  Location     Type
  4927 ;;  d1              2   25[COMRAM] PTR void 
  4928 ;;		 -> Execute@acknowledge_frame(30), 
  4929 ;;  s1              2   27[COMRAM] PTR const void 
  4930 ;;		 -> Execute@data_ch4(10), Execute@data_ch3(10), Execute@data_ch2(10), Execute@data_ch1(10), 
  4931 ;;  n               2   29[COMRAM] unsigned int 
  4932 ;; Auto vars:     Size  Location     Type
  4933 ;;  s               2   34[COMRAM] PTR const unsigned char 
  4934 ;;		 -> Execute@data_ch4(10), Execute@data_ch3(10), Execute@data_ch2(10), Execute@data_ch1(10), 
  4935 ;;  d               2   32[COMRAM] PTR unsigned char 
  4936 ;;		 -> Execute@acknowledge_frame(30), 
  4937 ;;  tmp             1   31[COMRAM] unsigned char 
  4938 ;; Return value:  Size  Location     Type
  4939 ;;                  2   25[COMRAM] PTR void 
  4940 ;; Registers used:
  4941 ;;		wreg, fsr2l, fsr2h, status,2, status,0
  4942 ;; Tracked objects:
  4943 ;;		On entry : 0/0
  4944 ;;		On exit  : 0/0
  4945 ;;		Unchanged: 0/0
  4946 ;; Data sizes:     COMRAM   BANK0   BANK1   BANK2   BANK3   BANK4   BANK5   BANK6   BANK7   BANK8   BANK9  BANK10  BANK1
      +1  BANK12  BANK13  BANK14  BANK15
  4947 ;;      Params:         6       0       0       0       0       0       0       0       0       0       0       0       
      +0       0       0       0       0
  4948 ;;      Locals:         5       0       0       0       0       0       0       0       0       0       0       0       
      +0       0       0       0       0
  4949 ;;      Temps:          0       0       0       0       0       0       0       0       0       0       0       0       
      +0       0       0       0       0
  4950 ;;      Totals:        11       0       0       0       0       0       0       0       0       0       0       0       
      +0       0       0       0       0
  4951 ;;Total ram usage:       11 bytes
  4952 ;; Hardware stack levels used: 1
  4953 ;; Hardware stack levels required when called: 5
  4954 ;; This function calls:
  4955 ;;		Nothing
  4956 ;; This function is called by:
  4957 ;;		_Execute
  4958 ;; This function uses a non-reentrant model
  4959 ;;
  4960                           
  4961                           	psect	text33
  4962   003880                     __ptext33:
  4963                           	callstack 0
  4964   003880                     _memcpy:
  4965                           	callstack 24
  4966   003880  C01C  F023         	movff	memcpy@s1,memcpy@s
  4967   003884  C01D  F024         	movff	memcpy@s1+1,memcpy@s+1
  4968   003888  C01A  F021         	movff	memcpy@d1,memcpy@d
  4969   00388C  C01B  F022         	movff	memcpy@d1+1,memcpy@d+1
  4970   003890  EF5A  F01C         	goto	l6744
  4971   003894                     l6736:
  4972   003894  C023  FFD9         	movff	memcpy@s,fsr2l
  4973   003898  C024  FFDA         	movff	memcpy@s+1,fsr2h
  4974   00389C  50DF               	movf	indf2,w,c
  4975   00389E  6E20               	movwf	memcpy@tmp^0,c
  4976   0038A0  4A23               	infsnz	memcpy@s^0,f,c
  4977   0038A2  2A24               	incf	(memcpy@s+1)^0,f,c
  4978   0038A4  C021  FFD9         	movff	memcpy@d,fsr2l
  4979   0038A8  C022  FFDA         	movff	memcpy@d+1,fsr2h
  4980   0038AC  C020  FFDF         	movff	memcpy@tmp,indf2
  4981   0038B0  4A21               	infsnz	memcpy@d^0,f,c
  4982   0038B2  2A22               	incf	(memcpy@d+1)^0,f,c
  4983   0038B4                     l6744:
  4984   0038B4  061E               	decf	memcpy@n^0,f,c
  4985   0038B6  A0D8               	btfss	status,0,c
  4986   0038B8  061F               	decf	(memcpy@n+1)^0,f,c
  4987   0038BA  281E               	incf	memcpy@n^0,w,c
  4988   0038BC  E106               	bnz	u6161
  4989   0038BE  281F               	incf	(memcpy@n+1)^0,w,c
  4990   0038C0  A4D8               	btfss	status,2,c
  4991   0038C2  EF65  F01C         	goto	u6161
  4992   0038C6  EF67  F01C         	goto	u6160
  4993   0038CA                     u6161:
  4994   0038CA  EF4A  F01C         	goto	l6736
  4995   0038CE                     u6160:
  4996   0038CE  0012               	return		;funcret
  4997   0038D0                     __end_of_memcpy:
  4998                           	callstack 0
  4999                           
  5000 ;; *************** function _TMR0_StopTimer *****************
  5001 ;; Defined at:
  5002 ;;		line 103 in file "mcc_generated_files/tmr0.c"
  5003 ;; Parameters:    Size  Location     Type
  5004 ;;		None
  5005 ;; Auto vars:     Size  Location     Type
  5006 ;;		None
  5007 ;; Return value:  Size  Location     Type
  5008 ;;                  1    wreg      void 
  5009 ;; Registers used:
  5010 ;;		None
  5011 ;; Tracked objects:
  5012 ;;		On entry : 0/0
  5013 ;;		On exit  : 0/0
  5014 ;;		Unchanged: 0/0
  5015 ;; Data sizes:     COMRAM   BANK0   BANK1   BANK2   BANK3   BANK4   BANK5   BANK6   BANK7   BANK8   BANK9  BANK10  BANK1
      +1  BANK12  BANK13  BANK14  BANK15
  5016 ;;      Params:         0       0       0       0       0       0       0       0       0       0       0       0       
      +0       0       0       0       0
  5017 ;;      Locals:         0       0       0       0       0       0       0       0       0       0       0       0       
      +0       0       0       0       0
  5018 ;;      Temps:          0       0       0       0       0       0       0       0       0       0       0       0       
      +0       0       0       0       0
  5019 ;;      Totals:         0       0       0       0       0       0       0       0       0       0       0       0       
      +0       0       0       0       0
  5020 ;;Total ram usage:        0 bytes
  5021 ;; Hardware stack levels used: 1
  5022 ;; Hardware stack levels required when called: 5
  5023 ;; This function calls:
  5024 ;;		Nothing
  5025 ;; This function is called by:
  5026 ;;		_Execute
  5027 ;; This function uses a non-reentrant model
  5028 ;;
  5029                           
  5030                           	psect	text34
  5031   004192                     __ptext34:
  5032                           	callstack 0
  5033   004192                     _TMR0_StopTimer:
  5034                           	callstack 24
  5035   004192                     
  5036                           ;mcc_generated_files/tmr0.c: 106:     T0CONbits.TMR0ON = 0;
  5037   004192  9ED5               	bcf	213,7,c	;volatile
  5038   004194  0012               	return		;funcret
  5039   004196                     __end_of_TMR0_StopTimer:
  5040                           	callstack 0
  5041                           
  5042 ;; *************** function _TMR0_StartTimer *****************
  5043 ;; Defined at:
  5044 ;;		line 97 in file "mcc_generated_files/tmr0.c"
  5045 ;; Parameters:    Size  Location     Type
  5046 ;;		None
  5047 ;; Auto vars:     Size  Location     Type
  5048 ;;		None
  5049 ;; Return value:  Size  Location     Type
  5050 ;;                  1    wreg      void 
  5051 ;; Registers used:
  5052 ;;		None
  5053 ;; Tracked objects:
  5054 ;;		On entry : 0/0
  5055 ;;		On exit  : 0/0
  5056 ;;		Unchanged: 0/0
  5057 ;; Data sizes:     COMRAM   BANK0   BANK1   BANK2   BANK3   BANK4   BANK5   BANK6   BANK7   BANK8   BANK9  BANK10  BANK1
      +1  BANK12  BANK13  BANK14  BANK15
  5058 ;;      Params:         0       0       0       0       0       0       0       0       0       0       0       0       
      +0       0       0       0       0
  5059 ;;      Locals:         0       0       0       0       0       0       0       0       0       0       0       0       
      +0       0       0       0       0
  5060 ;;      Temps:          0       0       0       0       0       0       0       0       0       0       0       0       
      +0       0       0       0       0
  5061 ;;      Totals:         0       0       0       0       0       0       0       0       0       0       0       0       
      +0       0       0       0       0
  5062 ;;Total ram usage:        0 bytes
  5063 ;; Hardware stack levels used: 1
  5064 ;; Hardware stack levels required when called: 5
  5065 ;; This function calls:
  5066 ;;		Nothing
  5067 ;; This function is called by:
  5068 ;;		_Execute
  5069 ;; This function uses a non-reentrant model
  5070 ;;
  5071                           
  5072                           	psect	text35
  5073   004196                     __ptext35:
  5074                           	callstack 0
  5075   004196                     _TMR0_StartTimer:
  5076                           	callstack 24
  5077   004196                     
  5078                           ;mcc_generated_files/tmr0.c: 100:     T0CONbits.TMR0ON = 1;
  5079   004196  8ED5               	bsf	213,7,c	;volatile
  5080   004198  0012               	return		;funcret
  5081   00419A                     __end_of_TMR0_StartTimer:
  5082                           	callstack 0
  5083                           
  5084 ;; *************** function _TMR0_Reload *****************
  5085 ;; Defined at:
  5086 ;;		line 129 in file "mcc_generated_files/tmr0.c"
  5087 ;; Parameters:    Size  Location     Type
  5088 ;;		None
  5089 ;; Auto vars:     Size  Location     Type
  5090 ;;		None
  5091 ;; Return value:  Size  Location     Type
  5092 ;;                  1    wreg      void 
  5093 ;; Registers used:
  5094 ;;		wreg, status,2
  5095 ;; Tracked objects:
  5096 ;;		On entry : 0/0
  5097 ;;		On exit  : 0/0
  5098 ;;		Unchanged: 0/0
  5099 ;; Data sizes:     COMRAM   BANK0   BANK1   BANK2   BANK3   BANK4   BANK5   BANK6   BANK7   BANK8   BANK9  BANK10  BANK1
      +1  BANK12  BANK13  BANK14  BANK15
  5100 ;;      Params:         0       0       0       0       0       0       0       0       0       0       0       0       
      +0       0       0       0       0
  5101 ;;      Locals:         0       0       0       0       0       0       0       0       0       0       0       0       
      +0       0       0       0       0
  5102 ;;      Temps:          0       0       0       0       0       0       0       0       0       0       0       0       
      +0       0       0       0       0
  5103 ;;      Totals:         0       0       0       0       0       0       0       0       0       0       0       0       
      +0       0       0       0       0
  5104 ;;Total ram usage:        0 bytes
  5105 ;; Hardware stack levels used: 1
  5106 ;; Hardware stack levels required when called: 5
  5107 ;; This function calls:
  5108 ;;		Nothing
  5109 ;; This function is called by:
  5110 ;;		_Execute
  5111 ;; This function uses a non-reentrant model
  5112 ;;
  5113                           
  5114                           	psect	text36
  5115   00414E                     __ptext36:
  5116                           	callstack 0
  5117   00414E                     _TMR0_Reload:
  5118                           	callstack 24
  5119   00414E                     
  5120                           ;mcc_generated_files/tmr0.c: 132:     TMR0H = timer0ReloadVal >> 8;
  5121   00414E  5049               	movf	(_timer0ReloadVal+1)^0,w,c	;volatile
  5122   004150  6ED7               	movwf	215,c	;volatile
  5123   004152                     
  5124                           ;mcc_generated_files/tmr0.c: 133:     TMR0L = (uint8_t) timer0ReloadVal;
  5125   004152  C048  FFD6         	movff	_timer0ReloadVal,4054	;volatile
  5126   004156  0012               	return		;funcret
  5127   004158                     __end_of_TMR0_Reload:
  5128                           	callstack 0
  5129                           
  5130 ;; *************** function _AD5593_ADC_read *****************
  5131 ;; Defined at:
  5132 ;;		line 139 in file "AD5593R.c"
  5133 ;; Parameters:    Size  Location     Type
  5134 ;;		None
  5135 ;; Auto vars:     Size  Location     Type
  5136 ;;		None
  5137 ;; Return value:  Size  Location     Type
  5138 ;;                  1    wreg      void 
  5139 ;; Registers used:
  5140 ;;		wreg, fsr1l, fsr1h, fsr2l, fsr2h, status,2, status,0, tblptrl, tblptrh, tblptru, cstack
  5141 ;; Tracked objects:
  5142 ;;		On entry : 0/0
  5143 ;;		On exit  : 0/0
  5144 ;;		Unchanged: 0/0
  5145 ;; Data sizes:     COMRAM   BANK0   BANK1   BANK2   BANK3   BANK4   BANK5   BANK6   BANK7   BANK8   BANK9  BANK10  BANK1
      +1  BANK12  BANK13  BANK14  BANK15
  5146 ;;      Params:         0       0       0       0       0       0       0       0       0       0       0       0       
      +0       0       0       0       0
  5147 ;;      Locals:         0       0       0       0       0       0       0       0       0       0       0       0       
      +0       0       0       0       0
  5148 ;;      Temps:          0       0       0       0       0       0       0       0       0       0       0       0       
      +0       0       0       0       0
  5149 ;;      Totals:         0       0       0       0       0       0       0       0       0       0       0       0       
      +0       0       0       0       0
  5150 ;;Total ram usage:        0 bytes
  5151 ;; Hardware stack levels used: 1
  5152 ;; Hardware stack levels required when called: 10
  5153 ;; This function calls:
  5154 ;;		_AD5593_ADC_convert
  5155 ;;		_AD5593_get_conv_result
  5156 ;;		_lock_config_reg
  5157 ;; This function is called by:
  5158 ;;		_Execute
  5159 ;; This function uses a non-reentrant model
  5160 ;;
  5161                           
  5162                           	psect	text37
  5163   002CE4                     __ptext37:
  5164                           	callstack 0
  5165   002CE4                     _AD5593_ADC_read:
  5166                           	callstack 19
  5167   002CE4                     
  5168                           ;AD5593R.c: 140:     lock_config_reg(1);
  5169   002CE4  0E01               	movlw	1
  5170   002CE6  ECDE  F01A         	call	_lock_config_reg
  5171   002CEA                     
  5172                           ;AD5593R.c: 141:     _delay((unsigned long)((5)*(16000000/4000000.0)));
  5173   002CEA  0E06               	movlw	6
  5174   002CEC                     u6567:
  5175   002CEC  2EE8               	decfsz	wreg,f,c
  5176   002CEE  D7FE               	bra	u6567
  5177   002CF0  D000               	nop2	
  5178   002CF2                     
  5179                           ;AD5593R.c: 142:     AD5593_ADC_convert(0);
  5180   002CF2  0E00               	movlw	0
  5181   002CF4  6E1C               	movwf	(AD5593_ADC_convert@channel+1)^0,c
  5182   002CF6  0E00               	movlw	0
  5183   002CF8  6E1B               	movwf	AD5593_ADC_convert@channel^0,c
  5184   002CFA  ECDE  F01C         	call	_AD5593_ADC_convert	;wreg free
  5185   002CFE                     
  5186                           ;AD5593R.c: 143:     _delay((unsigned long)((5)*(16000000/4000000.0)));
  5187   002CFE  0E06               	movlw	6
  5188   002D00                     u6577:
  5189   002D00  2EE8               	decfsz	wreg,f,c
  5190   002D02  D7FE               	bra	u6577
  5191   002D04  D000               	nop2	
  5192   002D06                     
  5193                           ;AD5593R.c: 144:     lock_config_reg(0);
  5194   002D06  0E00               	movlw	0
  5195   002D08  ECDE  F01A         	call	_lock_config_reg
  5196   002D0C                     
  5197                           ;AD5593R.c: 145:     AD5593_get_conv_result(0);
  5198   002D0C  0E00               	movlw	0
  5199   002D0E  6E21               	movwf	(AD5593_get_conv_result@channel+1)^0,c
  5200   002D10  0E00               	movlw	0
  5201   002D12  6E20               	movwf	AD5593_get_conv_result@channel^0,c
  5202   002D14  EC82  F014         	call	_AD5593_get_conv_result	;wreg free
  5203   002D18                     
  5204                           ;AD5593R.c: 146:     lock_config_reg(1);
  5205   002D18  0E01               	movlw	1
  5206   002D1A  ECDE  F01A         	call	_lock_config_reg
  5207   002D1E                     
  5208                           ;AD5593R.c: 147:     AD5593_ADC_convert(1);
  5209   002D1E  0E00               	movlw	0
  5210   002D20  6E1C               	movwf	(AD5593_ADC_convert@channel+1)^0,c
  5211   002D22  0E01               	movlw	1
  5212   002D24  6E1B               	movwf	AD5593_ADC_convert@channel^0,c
  5213   002D26  ECDE  F01C         	call	_AD5593_ADC_convert	;wreg free
  5214   002D2A                     
  5215                           ;AD5593R.c: 148:     _delay((unsigned long)((5)*(16000000/4000000.0)));
  5216   002D2A  0E06               	movlw	6
  5217   002D2C                     u6587:
  5218   002D2C  2EE8               	decfsz	wreg,f,c
  5219   002D2E  D7FE               	bra	u6587
  5220   002D30  D000               	nop2	
  5221   002D32                     
  5222                           ;AD5593R.c: 149:     lock_config_reg(0);
  5223   002D32  0E00               	movlw	0
  5224   002D34  ECDE  F01A         	call	_lock_config_reg
  5225   002D38                     
  5226                           ;AD5593R.c: 150:     AD5593_get_conv_result(1);
  5227   002D38  0E00               	movlw	0
  5228   002D3A  6E21               	movwf	(AD5593_get_conv_result@channel+1)^0,c
  5229   002D3C  0E01               	movlw	1
  5230   002D3E  6E20               	movwf	AD5593_get_conv_result@channel^0,c
  5231   002D40  EC82  F014         	call	_AD5593_get_conv_result	;wreg free
  5232   002D44                     
  5233                           ;AD5593R.c: 151:     lock_config_reg(1);
  5234   002D44  0E01               	movlw	1
  5235   002D46  ECDE  F01A         	call	_lock_config_reg
  5236   002D4A                     
  5237                           ;AD5593R.c: 152:     AD5593_ADC_convert(2);
  5238   002D4A  0E00               	movlw	0
  5239   002D4C  6E1C               	movwf	(AD5593_ADC_convert@channel+1)^0,c
  5240   002D4E  0E02               	movlw	2
  5241   002D50  6E1B               	movwf	AD5593_ADC_convert@channel^0,c
  5242   002D52  ECDE  F01C         	call	_AD5593_ADC_convert	;wreg free
  5243   002D56                     
  5244                           ;AD5593R.c: 153:     _delay((unsigned long)((5)*(16000000/4000000.0)));
  5245   002D56  0E06               	movlw	6
  5246   002D58                     u6597:
  5247   002D58  2EE8               	decfsz	wreg,f,c
  5248   002D5A  D7FE               	bra	u6597
  5249   002D5C  D000               	nop2	
  5250   002D5E                     
  5251                           ;AD5593R.c: 154:     lock_config_reg(0);
  5252   002D5E  0E00               	movlw	0
  5253   002D60  ECDE  F01A         	call	_lock_config_reg
  5254   002D64                     
  5255                           ;AD5593R.c: 155:     AD5593_get_conv_result(2);
  5256   002D64  0E00               	movlw	0
  5257   002D66  6E21               	movwf	(AD5593_get_conv_result@channel+1)^0,c
  5258   002D68  0E02               	movlw	2
  5259   002D6A  6E20               	movwf	AD5593_get_conv_result@channel^0,c
  5260   002D6C  EC82  F014         	call	_AD5593_get_conv_result	;wreg free
  5261   002D70                     
  5262                           ;AD5593R.c: 156:     lock_config_reg(1);
  5263   002D70  0E01               	movlw	1
  5264   002D72  ECDE  F01A         	call	_lock_config_reg
  5265   002D76                     
  5266                           ;AD5593R.c: 157:     AD5593_ADC_convert(3);
  5267   002D76  0E00               	movlw	0
  5268   002D78  6E1C               	movwf	(AD5593_ADC_convert@channel+1)^0,c
  5269   002D7A  0E03               	movlw	3
  5270   002D7C  6E1B               	movwf	AD5593_ADC_convert@channel^0,c
  5271   002D7E  ECDE  F01C         	call	_AD5593_ADC_convert	;wreg free
  5272   002D82                     
  5273                           ;AD5593R.c: 158:     _delay((unsigned long)((5)*(16000000/4000000.0)));
  5274   002D82  0E06               	movlw	6
  5275   002D84                     u6607:
  5276   002D84  2EE8               	decfsz	wreg,f,c
  5277   002D86  D7FE               	bra	u6607
  5278   002D88  D000               	nop2	
  5279   002D8A                     
  5280                           ;AD5593R.c: 159:     lock_config_reg(0);
  5281   002D8A  0E00               	movlw	0
  5282   002D8C  ECDE  F01A         	call	_lock_config_reg
  5283   002D90                     
  5284                           ;AD5593R.c: 160:     AD5593_get_conv_result(3);
  5285   002D90  0E00               	movlw	0
  5286   002D92  6E21               	movwf	(AD5593_get_conv_result@channel+1)^0,c
  5287   002D94  0E03               	movlw	3
  5288   002D96  6E20               	movwf	AD5593_get_conv_result@channel^0,c
  5289   002D98  EC82  F014         	call	_AD5593_get_conv_result	;wreg free
  5290   002D9C  0012               	return		;funcret
  5291   002D9E                     __end_of_AD5593_ADC_read:
  5292                           	callstack 0
  5293                           
  5294 ;; *************** function _lock_config_reg *****************
  5295 ;; Defined at:
  5296 ;;		line 70 in file "AD5593R.c"
  5297 ;; Parameters:    Size  Location     Type
  5298 ;;  lock            1    wreg     _Bool 
  5299 ;; Auto vars:     Size  Location     Type
  5300 ;;  lock            1   33[COMRAM] _Bool 
  5301 ;; Return value:  Size  Location     Type
  5302 ;;                  1    wreg      void 
  5303 ;; Registers used:
  5304 ;;		wreg, fsr2l, fsr2h, status,2, status,0, cstack
  5305 ;; Tracked objects:
  5306 ;;		On entry : 0/0
  5307 ;;		On exit  : 0/0
  5308 ;;		Unchanged: 0/0
  5309 ;; Data sizes:     COMRAM   BANK0   BANK1   BANK2   BANK3   BANK4   BANK5   BANK6   BANK7   BANK8   BANK9  BANK10  BANK1
      +1  BANK12  BANK13  BANK14  BANK15
  5310 ;;      Params:         0       0       0       0       0       0       0       0       0       0       0       0       
      +0       0       0       0       0
  5311 ;;      Locals:         1       0       0       0       0       0       0       0       0       0       0       0       
      +0       0       0       0       0
  5312 ;;      Temps:          2       0       0       0       0       0       0       0       0       0       0       0       
      +0       0       0       0       0
  5313 ;;      Totals:         3       0       0       0       0       0       0       0       0       0       0       0       
      +0       0       0       0       0
  5314 ;;Total ram usage:        3 bytes
  5315 ;; Hardware stack levels used: 1
  5316 ;; Hardware stack levels required when called: 9
  5317 ;; This function calls:
  5318 ;;		_i2c_driver_read_twobytes
  5319 ;;		_i2c_driver_write_twobytes
  5320 ;; This function is called by:
  5321 ;;		_AD5593_ADC_read
  5322 ;; This function uses a non-reentrant model
  5323 ;;
  5324                           
  5325                           	psect	text38
  5326   0035BC                     __ptext38:
  5327                           	callstack 0
  5328   0035BC                     _lock_config_reg:
  5329                           	callstack 19
  5330                           
  5331                           ;incstack = 0
  5332                           ;lock_config_reg@lock stored from wreg
  5333   0035BC  6E22               	movwf	lock_config_reg@lock^0,c
  5334   0035BE                     
  5335                           ;AD5593R.c: 71:     i2c_driver_read_twobytes(0x20, 0b0111 << 4 | 0b0011, reg);
  5336   0035BE  0E73               	movlw	115
  5337   0035C0  6E19               	movwf	i2c_driver_read_twobytes@reg^0,c
  5338   0035C2  C03A  F01A         	movff	_reg,i2c_driver_read_twobytes@data
  5339   0035C6  C03B  F01B         	movff	_reg+1,i2c_driver_read_twobytes@data+1
  5340   0035CA  0E20               	movlw	32
  5341   0035CC  EC26  F017         	call	_i2c_driver_read_twobytes
  5342   0035D0                     
  5343                           ;AD5593R.c: 72:     data[0] = (uint8_t)(reg >> 8);
  5344   0035D0  503B               	movf	(_reg+1)^0,w,c
  5345   0035D2  6E38               	movwf	_data^0,c
  5346   0035D4                     
  5347                           ;AD5593R.c: 73:     data[1] = (uint8_t)reg;
  5348   0035D4  C03A  F039         	movff	_reg,_data+1
  5349   0035D8                     
  5350                           ;AD5593R.c: 74:     if(lock){
  5351   0035D8  5022               	movf	lock_config_reg@lock^0,w,c
  5352   0035DA  B4D8               	btfsc	status,2,c
  5353   0035DC  EFF2  F01A         	goto	u5781
  5354   0035E0  EFF4  F01A         	goto	u5780
  5355   0035E4                     u5781:
  5356   0035E4  EFF7  F01A         	goto	l6472
  5357   0035E8                     u5780:
  5358   0035E8                     
  5359                           ;AD5593R.c: 75:         data[1] |= (1 << 7);
  5360   0035E8  8E39               	bsf	(_data+1)^0,7,c
  5361                           
  5362                           ;AD5593R.c: 76:     }
  5363   0035EA  EFF8  F01A         	goto	l6474
  5364   0035EE                     l6472:
  5365                           
  5366                           ;AD5593R.c: 78:         data[1] &= ~(1 << 7);
  5367   0035EE  9E39               	bcf	(_data+1)^0,7,c
  5368   0035F0                     l6474:
  5369                           
  5370                           ;AD5593R.c: 80:     reg = (data[0] << 8) | data[1];
  5371   0035F0  5039               	movf	(_data+1)^0,w,c
  5372   0035F2  C038  F020         	movff	_data,??_lock_config_reg
  5373   0035F6  6A21               	clrf	(??_lock_config_reg+1)^0,c
  5374   0035F8  C020  F021         	movff	??_lock_config_reg,??_lock_config_reg+1
  5375   0035FC  6A20               	clrf	??_lock_config_reg^0,c
  5376   0035FE  1020               	iorwf	??_lock_config_reg^0,w,c
  5377   003600  6E3A               	movwf	_reg^0,c
  5378   003602  5021               	movf	(??_lock_config_reg+1)^0,w,c
  5379   003604  6E3B               	movwf	(_reg+1)^0,c
  5380   003606                     
  5381                           ;AD5593R.c: 81:     i2c_driver_write_twobytes(0x20, 0b0000 << 4 | 0b0011, reg);
  5382   003606  0E03               	movlw	3
  5383   003608  6E17               	movwf	i2c_driver_write_twobytes@reg^0,c
  5384   00360A  C03A  F018         	movff	_reg,i2c_driver_write_twobytes@data
  5385   00360E  C03B  F019         	movff	_reg+1,i2c_driver_write_twobytes@data+1
  5386   003612  0E20               	movlw	32
  5387   003614  EC4D  F018         	call	_i2c_driver_write_twobytes
  5388   003618  0012               	return		;funcret
  5389   00361A                     __end_of_lock_config_reg:
  5390                           	callstack 0
  5391                           
  5392 ;; *************** function _AD5593_get_conv_result *****************
  5393 ;; Defined at:
  5394 ;;		line 93 in file "AD5593R.c"
  5395 ;; Parameters:    Size  Location     Type
  5396 ;;  channel         2   31[COMRAM] int 
  5397 ;; Auto vars:     Size  Location     Type
  5398 ;;  conv_result     2   37[COMRAM] unsigned short 
  5399 ;;  ch_address      1   36[COMRAM] unsigned char 
  5400 ;; Return value:  Size  Location     Type
  5401 ;;                  1    wreg      void 
  5402 ;; Registers used:
  5403 ;;		wreg, fsr1l, fsr1h, fsr2l, fsr2h, status,2, status,0, tblptrl, tblptrh, tblptru, cstack
  5404 ;; Tracked objects:
  5405 ;;		On entry : 0/0
  5406 ;;		On exit  : 0/0
  5407 ;;		Unchanged: 0/0
  5408 ;; Data sizes:     COMRAM   BANK0   BANK1   BANK2   BANK3   BANK4   BANK5   BANK6   BANK7   BANK8   BANK9  BANK10  BANK1
      +1  BANK12  BANK13  BANK14  BANK15
  5409 ;;      Params:         2       0       0       0       0       0       0       0       0       0       0       0       
      +0       0       0       0       0
  5410 ;;      Locals:         3       0       0       0       0       0       0       0       0       0       0       0       
      +0       0       0       0       0
  5411 ;;      Temps:          3       0       0       0       0       0       0       0       0       0       0       0       
      +0       0       0       0       0
  5412 ;;      Totals:         8       0       0       0       0       0       0       0       0       0       0       0       
      +0       0       0       0       0
  5413 ;;Total ram usage:        8 bytes
  5414 ;; Hardware stack levels used: 1
  5415 ;; Hardware stack levels required when called: 9
  5416 ;; This function calls:
  5417 ;;		_i2c_driver_read_2bytes
  5418 ;;		_i2c_driver_write_pointer_byte
  5419 ;;		_send_string
  5420 ;; This function is called by:
  5421 ;;		_AD5593_ADC_read
  5422 ;; This function uses a non-reentrant model
  5423 ;;
  5424                           
  5425                           	psect	text39
  5426   002904                     __ptext39:
  5427                           	callstack 0
  5428   002904                     _AD5593_get_conv_result:
  5429                           	callstack 19
  5430   002904                     
  5431                           ;AD5593R.c: 94:     i2c_driver_write_pointer_byte(0x20, 0b0100 << 4);
  5432   002904  0E40               	movlw	64
  5433   002906  6E17               	movwf	i2c_driver_write_pointer_byte@pointer^0,c
  5434   002908  0E20               	movlw	32
  5435   00290A  EC03  F01D         	call	_i2c_driver_write_pointer_byte
  5436   00290E                     
  5437                           ;AD5593R.c: 95:     uint16_t conv_result;;AD5593R.c: 96:     uint8_t ch_address;;AD5593R
      +                          .c: 97:     i2c_driver_read_2bytes(0x20, &conv_result);
  5438   00290E  0E26               	movlw	low AD5593_get_conv_result@conv_result
  5439   002910  6E19               	movwf	i2c_driver_read_2bytes@data^0,c
  5440   002912  0E00               	movlw	high AD5593_get_conv_result@conv_result
  5441   002914  6E1A               	movwf	(i2c_driver_read_2bytes@data+1)^0,c
  5442   002916  0E20               	movlw	32
  5443   002918  EC4E  F01A         	call	_i2c_driver_read_2bytes
  5444   00291C                     
  5445                           ;AD5593R.c: 98:     ch_address = ((uint8_t)(conv_result >> 12)) & 0x07;
  5446   00291C  C026  F022         	movff	AD5593_get_conv_result@conv_result,??_AD5593_get_conv_result
  5447   002920  C027  F023         	movff	AD5593_get_conv_result@conv_result+1,??_AD5593_get_conv_result+1
  5448   002924  0E0C               	movlw	12
  5449   002926  6E24               	movwf	(??_AD5593_get_conv_result+2)^0,c
  5450   002928                     u5805:
  5451   002928  90D8               	bcf	status,0,c
  5452   00292A  3223               	rrcf	(??_AD5593_get_conv_result+1)^0,f,c
  5453   00292C  3222               	rrcf	??_AD5593_get_conv_result^0,f,c
  5454   00292E  2E24               	decfsz	(??_AD5593_get_conv_result+2)^0,f,c
  5455   002930  EF94  F014         	goto	u5805
  5456   002934  5022               	movf	??_AD5593_get_conv_result^0,w,c
  5457   002936  0B07               	andlw	7
  5458   002938  6E25               	movwf	AD5593_get_conv_result@ch_address^0,c
  5459                           
  5460                           ;AD5593R.c: 99:     switch(ch_address){
  5461   00293A  EFCB  F014         	goto	l6504
  5462   00293E                     l6492:
  5463                           
  5464                           ;AD5593R.c: 101:             ADC_result[0] = conv_result & 0x0FFF;
  5465   00293E  0EFF               	movlw	255
  5466   002940  1426               	andwf	AD5593_get_conv_result@conv_result^0,w,c
  5467   002942  0101               	movlb	1	; () banked
  5468   002944  6F8C               	movwf	_ADC_result& (0+255),b
  5469   002946  0E0F               	movlw	15
  5470   002948  1427               	andwf	(AD5593_get_conv_result@conv_result+1)^0,w,c
  5471   00294A  6F8D               	movwf	(_ADC_result+1)& (0+255),b
  5472                           
  5473                           ;AD5593R.c: 102:             break;
  5474   00294C  EFE8  F014         	goto	l810
  5475   002950                     l6494:
  5476                           
  5477                           ;AD5593R.c: 104:             ADC_result[1] = conv_result & 0x0FFF;
  5478   002950  0EFF               	movlw	255
  5479   002952  1426               	andwf	AD5593_get_conv_result@conv_result^0,w,c
  5480   002954  0101               	movlb	1	; () banked
  5481   002956  6F8E               	movwf	(_ADC_result+2)& (0+255),b
  5482   002958  0E0F               	movlw	15
  5483   00295A  1427               	andwf	(AD5593_get_conv_result@conv_result+1)^0,w,c
  5484   00295C  6F8F               	movwf	(_ADC_result+3)& (0+255),b
  5485                           
  5486                           ;AD5593R.c: 105:             break;
  5487   00295E  EFE8  F014         	goto	l810
  5488   002962                     l6496:
  5489                           
  5490                           ;AD5593R.c: 107:             ADC_result[2] = conv_result & 0x0FFF;
  5491   002962  0EFF               	movlw	255
  5492   002964  1426               	andwf	AD5593_get_conv_result@conv_result^0,w,c
  5493   002966  0101               	movlb	1	; () banked
  5494   002968  6F90               	movwf	(_ADC_result+4)& (0+255),b
  5495   00296A  0E0F               	movlw	15
  5496   00296C  1427               	andwf	(AD5593_get_conv_result@conv_result+1)^0,w,c
  5497   00296E  6F91               	movwf	(_ADC_result+5)& (0+255),b
  5498                           
  5499                           ;AD5593R.c: 108:             break;
  5500   002970  EFE8  F014         	goto	l810
  5501   002974                     l6498:
  5502                           
  5503                           ;AD5593R.c: 110:             ADC_result[3] = conv_result & 0x0FFF;
  5504   002974  0EFF               	movlw	255
  5505   002976  1426               	andwf	AD5593_get_conv_result@conv_result^0,w,c
  5506   002978  0101               	movlb	1	; () banked
  5507   00297A  6F92               	movwf	(_ADC_result+6)& (0+255),b
  5508   00297C  0E0F               	movlw	15
  5509   00297E  1427               	andwf	(AD5593_get_conv_result@conv_result+1)^0,w,c
  5510   002980  6F93               	movwf	(_ADC_result+7)& (0+255),b
  5511                           
  5512                           ;AD5593R.c: 111:             break;
  5513   002982  EFE8  F014         	goto	l810
  5514   002986                     l6500:
  5515                           
  5516                           ;AD5593R.c: 113:             send_string("Invalid channel. /n");
  5517   002986  0E05               	movlw	low STR_14
  5518   002988  6E1A               	movwf	send_string@message^0,c
  5519   00298A  0E10               	movlw	high STR_14
  5520   00298C  6E1B               	movwf	(send_string@message+1)^0,c
  5521   00298E  EC0B  F018         	call	_send_string	;wreg free
  5522                           
  5523                           ;AD5593R.c: 114:             break;
  5524   002992  EFE8  F014         	goto	l810
  5525   002996                     l6504:
  5526   002996  5025               	movf	AD5593_get_conv_result@ch_address^0,w,c
  5527   002998  6E22               	movwf	??_AD5593_get_conv_result^0,c
  5528   00299A  6A23               	clrf	(??_AD5593_get_conv_result+1)^0,c
  5529                           
  5530                           ; Switch on 2 bytes has been partitioned into a top level switch of size 1, and 1 sub-sw
      +                          itches
  5531                           ; Switch size 1, requested type "simple"
  5532                           ; Number of cases is 1, Range of values is 0 to 0
  5533                           ; switch strategies available:
  5534                           ; Name         Instructions Cycles
  5535                           ; simple_byte            4     3 (average)
  5536                           ;	Chosen strategy is simple_byte
  5537   00299C  5023               	movf	(??_AD5593_get_conv_result+1)^0,w,c
  5538   00299E  0A00               	xorlw	0	; case 0
  5539   0029A0  B4D8               	btfsc	status,2,c
  5540   0029A2  EFD5  F014         	goto	l7310
  5541   0029A6  EFC3  F014         	goto	l6500
  5542   0029AA                     l7310:
  5543                           
  5544                           ; Switch size 1, requested type "simple"
  5545                           ; Number of cases is 4, Range of values is 0 to 3
  5546                           ; switch strategies available:
  5547                           ; Name         Instructions Cycles
  5548                           ; simple_byte           13     7 (average)
  5549                           ;	Chosen strategy is simple_byte
  5550   0029AA  5022               	movf	??_AD5593_get_conv_result^0,w,c
  5551   0029AC  0A00               	xorlw	0	; case 0
  5552   0029AE  B4D8               	btfsc	status,2,c
  5553   0029B0  EF9F  F014         	goto	l6492
  5554   0029B4  0A01               	xorlw	1	; case 1
  5555   0029B6  B4D8               	btfsc	status,2,c
  5556   0029B8  EFA8  F014         	goto	l6494
  5557   0029BC  0A03               	xorlw	3	; case 2
  5558   0029BE  B4D8               	btfsc	status,2,c
  5559   0029C0  EFB1  F014         	goto	l6496
  5560   0029C4  0A01               	xorlw	1	; case 3
  5561   0029C6  B4D8               	btfsc	status,2,c
  5562   0029C8  EFBA  F014         	goto	l6498
  5563   0029CC  EFC3  F014         	goto	l6500
  5564   0029D0                     l810:
  5565   0029D0  0012               	return		;funcret
  5566   0029D2                     __end_of_AD5593_get_conv_result:
  5567                           	callstack 0
  5568                           
  5569 ;; *************** function _send_string *****************
  5570 ;; Defined at:
  5571 ;;		line 244 in file "mcc_generated_files/eusart1.c"
  5572 ;; Parameters:    Size  Location     Type
  5573 ;;  message         2   25[COMRAM] PTR const unsigned char 
  5574 ;;		 -> STR_14(20), STR_11(2), fullAckFrame(20), 
  5575 ;; Auto vars:     Size  Location     Type
  5576 ;;  i               2   29[COMRAM] unsigned short 
  5577 ;; Return value:  Size  Location     Type
  5578 ;;                  1    wreg      void 
  5579 ;; Registers used:
  5580 ;;		wreg, fsr1l, fsr1h, status,2, status,0, tblptrl, tblptrh, tblptru, cstack
  5581 ;; Tracked objects:
  5582 ;;		On entry : 0/0
  5583 ;;		On exit  : 0/0
  5584 ;;		Unchanged: 0/0
  5585 ;; Data sizes:     COMRAM   BANK0   BANK1   BANK2   BANK3   BANK4   BANK5   BANK6   BANK7   BANK8   BANK9  BANK10  BANK1
      +1  BANK12  BANK13  BANK14  BANK15
  5586 ;;      Params:         2       0       0       0       0       0       0       0       0       0       0       0       
      +0       0       0       0       0
  5587 ;;      Locals:         2       0       0       0       0       0       0       0       0       0       0       0       
      +0       0       0       0       0
  5588 ;;      Temps:          2       0       0       0       0       0       0       0       0       0       0       0       
      +0       0       0       0       0
  5589 ;;      Totals:         6       0       0       0       0       0       0       0       0       0       0       0       
      +0       0       0       0       0
  5590 ;;Total ram usage:        6 bytes
  5591 ;; Hardware stack levels used: 1
  5592 ;; Hardware stack levels required when called: 6
  5593 ;; This function calls:
  5594 ;;		_EUSART1_Write
  5595 ;;		_EUSART1_is_tx_ready
  5596 ;;		_TMR1_StartTimer
  5597 ;;		_strlen
  5598 ;; This function is called by:
  5599 ;;		_Execute
  5600 ;;		_AD5593_get_conv_result
  5601 ;; This function uses a non-reentrant model
  5602 ;;
  5603                           
  5604                           	psect	text40
  5605   003016                     __ptext40:
  5606                           	callstack 0
  5607   003016                     _send_string:
  5608                           	callstack 23
  5609   003016  968C               	bcf	140,3,c	;volatile
  5610   003018                     
  5611                           ;mcc_generated_files/eusart1.c: 246:     TMR1_StartTimer();
  5612   003018  ECCD  F020         	call	_TMR1_StartTimer	;wreg free
  5613   00301C  8A8B               	bsf	139,5,c	;volatile
  5614   00301E                     
  5615                           ;mcc_generated_files/eusart1.c: 248:     uint16_t i;;mcc_generated_files/eusart1.c: 249:
      +                               for(i=0;i<strlen(message);i++){
  5616   00301E  0E00               	movlw	0
  5617   003020  6E1F               	movwf	(send_string@i+1)^0,c
  5618   003022  0E00               	movlw	0
  5619   003024  6E1E               	movwf	send_string@i^0,c
  5620   003026  EF3A  F018         	goto	l6300
  5621   00302A                     l6294:
  5622   00302A  EC86  F01F         	call	_EUSART1_is_tx_ready	;wreg free
  5623   00302E  0900               	iorlw	0
  5624   003030  B4D8               	btfsc	status,2,c
  5625   003032  EF1D  F018         	goto	u5551
  5626   003036  EF1F  F018         	goto	u5550
  5627   00303A                     u5551:
  5628   00303A  EF15  F018         	goto	l6294
  5629   00303E                     u5550:
  5630   00303E                     
  5631                           ;mcc_generated_files/eusart1.c: 251:         EUSART1_Write(message[i]);
  5632   00303E  501E               	movf	send_string@i^0,w,c
  5633   003040  241A               	addwf	send_string@message^0,w,c
  5634   003042  6E1C               	movwf	??_send_string^0,c
  5635   003044  501F               	movf	(send_string@i+1)^0,w,c
  5636   003046  201B               	addwfc	(send_string@message+1)^0,w,c
  5637   003048  6E1D               	movwf	(??_send_string+1)^0,c
  5638   00304A  C01C  FFF6         	movff	??_send_string,tblptrl
  5639   00304E  C01D  FFF7         	movff	??_send_string+1,tblptrh
  5640   003052  0E00               	movlw	low (__smallconst shr (0+16))
  5641   003054  6EF8               	movwf	tblptru,c
  5642   003056  0E0F               	movlw	(high __ramtop+-1)
  5643   003058  64F7               	cpfsgt	tblptrh,c
  5644   00305A  D003               	bra	u5567
  5645   00305C  0008               	tblrd		*
  5646   00305E  50F5               	movf	tablat,w,c
  5647   003060  D005               	bra	u5560
  5648   003062                     u5567:
  5649   003062  CFF6 FFE1          	movff	tblptrl,fsr1l
  5650   003066  CFF7 FFE2          	movff	tblptrh,fsr1h
  5651   00306A  50E7               	movf	indf1,w,c
  5652   00306C                     u5560:
  5653   00306C  EC1A  F020         	call	_EUSART1_Write
  5654   003070                     
  5655                           ;mcc_generated_files/eusart1.c: 252:     }
  5656   003070  4A1E               	infsnz	send_string@i^0,f,c
  5657   003072  2A1F               	incf	(send_string@i+1)^0,f,c
  5658   003074                     l6300:
  5659   003074  C01A  F016         	movff	send_string@message,strlen@s
  5660   003078  C01B  F017         	movff	send_string@message+1,strlen@s+1
  5661   00307C  EC68  F01C         	call	_strlen	;wreg free
  5662   003080  5016               	movf	?_strlen^0,w,c
  5663   003082  5C1E               	subwf	send_string@i^0,w,c
  5664   003084  5017               	movf	(?_strlen+1)^0,w,c
  5665   003086  581F               	subwfb	(send_string@i+1)^0,w,c
  5666   003088  A0D8               	btfss	status,0,c
  5667   00308A  EF49  F018         	goto	u5571
  5668   00308E  EF4B  F018         	goto	u5570
  5669   003092                     u5571:
  5670   003092  EF15  F018         	goto	l6294
  5671   003096                     u5570:
  5672   003096  9A8B               	bcf	139,5,c	;volatile
  5673   003098  0012               	return		;funcret
  5674   00309A                     __end_of_send_string:
  5675                           	callstack 0
  5676                           
  5677 ;; *************** function _TMR1_StartTimer *****************
  5678 ;; Defined at:
  5679 ;;		line 93 in file "mcc_generated_files/tmr1.c"
  5680 ;; Parameters:    Size  Location     Type
  5681 ;;		None
  5682 ;; Auto vars:     Size  Location     Type
  5683 ;;		None
  5684 ;; Return value:  Size  Location     Type
  5685 ;;                  1    wreg      void 
  5686 ;; Registers used:
  5687 ;;		None
  5688 ;; Tracked objects:
  5689 ;;		On entry : 0/0
  5690 ;;		On exit  : 0/0
  5691 ;;		Unchanged: 0/0
  5692 ;; Data sizes:     COMRAM   BANK0   BANK1   BANK2   BANK3   BANK4   BANK5   BANK6   BANK7   BANK8   BANK9  BANK10  BANK1
      +1  BANK12  BANK13  BANK14  BANK15
  5693 ;;      Params:         0       0       0       0       0       0       0       0       0       0       0       0       
      +0       0       0       0       0
  5694 ;;      Locals:         0       0       0       0       0       0       0       0       0       0       0       0       
      +0       0       0       0       0
  5695 ;;      Temps:          0       0       0       0       0       0       0       0       0       0       0       0       
      +0       0       0       0       0
  5696 ;;      Totals:         0       0       0       0       0       0       0       0       0       0       0       0       
      +0       0       0       0       0
  5697 ;;Total ram usage:        0 bytes
  5698 ;; Hardware stack levels used: 1
  5699 ;; Hardware stack levels required when called: 5
  5700 ;; This function calls:
  5701 ;;		Nothing
  5702 ;; This function is called by:
  5703 ;;		_send_string
  5704 ;; This function uses a non-reentrant model
  5705 ;;
  5706                           
  5707                           	psect	text41
  5708   00419A                     __ptext41:
  5709                           	callstack 0
  5710   00419A                     _TMR1_StartTimer:
  5711                           	callstack 23
  5712   00419A                     
  5713                           ;mcc_generated_files/tmr1.c: 96:     T1CONbits.TMR1ON = 1;
  5714   00419A  80CD               	bsf	205,0,c	;volatile
  5715   00419C  0012               	return		;funcret
  5716   00419E                     __end_of_TMR1_StartTimer:
  5717                           	callstack 0
  5718                           
  5719 ;; *************** function _EUSART1_is_tx_ready *****************
  5720 ;; Defined at:
  5721 ;;		line 119 in file "mcc_generated_files/eusart1.c"
  5722 ;; Parameters:    Size  Location     Type
  5723 ;;		None
  5724 ;; Auto vars:     Size  Location     Type
  5725 ;;		None
  5726 ;; Return value:  Size  Location     Type
  5727 ;;                  1    wreg      _Bool 
  5728 ;; Registers used:
  5729 ;;		wreg, status,2
  5730 ;; Tracked objects:
  5731 ;;		On entry : 0/0
  5732 ;;		On exit  : 0/0
  5733 ;;		Unchanged: 0/0
  5734 ;; Data sizes:     COMRAM   BANK0   BANK1   BANK2   BANK3   BANK4   BANK5   BANK6   BANK7   BANK8   BANK9  BANK10  BANK1
      +1  BANK12  BANK13  BANK14  BANK15
  5735 ;;      Params:         0       0       0       0       0       0       0       0       0       0       0       0       
      +0       0       0       0       0
  5736 ;;      Locals:         1       0       0       0       0       0       0       0       0       0       0       0       
      +0       0       0       0       0
  5737 ;;      Temps:          0       0       0       0       0       0       0       0       0       0       0       0       
      +0       0       0       0       0
  5738 ;;      Totals:         1       0       0       0       0       0       0       0       0       0       0       0       
      +0       0       0       0       0
  5739 ;;Total ram usage:        1 bytes
  5740 ;; Hardware stack levels used: 1
  5741 ;; Hardware stack levels required when called: 5
  5742 ;; This function calls:
  5743 ;;		Nothing
  5744 ;; This function is called by:
  5745 ;;		_send_string
  5746 ;; This function uses a non-reentrant model
  5747 ;;
  5748                           
  5749                           	psect	text42
  5750   003F0C                     __ptext42:
  5751                           	callstack 0
  5752   003F0C                     _EUSART1_is_tx_ready:
  5753                           	callstack 23
  5754   003F0C                     
  5755                           ;mcc_generated_files/eusart1.c: 121:     return (_Bool)(PIR1bits.TX1IF && TXSTA1bits.TXE
      +                          N);
  5756   003F0C  0E00               	movlw	0
  5757   003F0E  6E16               	movwf	_EUSART1_is_tx_ready$688^0,c
  5758   003F10  A89E               	btfss	158,4,c	;volatile
  5759   003F12  EF8D  F01F         	goto	u5461
  5760   003F16  EF8F  F01F         	goto	u5460
  5761   003F1A                     u5461:
  5762   003F1A  EF98  F01F         	goto	l113
  5763   003F1E                     u5460:
  5764   003F1E  AAAC               	btfss	172,5,c	;volatile
  5765   003F20  EF94  F01F         	goto	u5471
  5766   003F24  EF96  F01F         	goto	u5470
  5767   003F28                     u5471:
  5768   003F28  EF98  F01F         	goto	l113
  5769   003F2C                     u5470:
  5770   003F2C  0E01               	movlw	1
  5771   003F2E  6E16               	movwf	_EUSART1_is_tx_ready$688^0,c
  5772   003F30                     l113:
  5773   003F30  5016               	movf	_EUSART1_is_tx_ready$688^0,w,c
  5774   003F32  0012               	return		;funcret
  5775   003F34                     __end_of_EUSART1_is_tx_ready:
  5776                           	callstack 0
  5777                           
  5778 ;; *************** function _i2c_driver_write_pointer_byte *****************
  5779 ;; Defined at:
  5780 ;;		line 31 in file "i2c_driver.c"
  5781 ;; Parameters:    Size  Location     Type
  5782 ;;  devaddr         1    wreg     unsigned char 
  5783 ;;  pointer         1   22[COMRAM] unsigned char 
  5784 ;; Auto vars:     Size  Location     Type
  5785 ;;  devaddr         1   23[COMRAM] unsigned char 
  5786 ;; Return value:  Size  Location     Type
  5787 ;;                  1    wreg      void 
  5788 ;; Registers used:
  5789 ;;		wreg, status,2, cstack
  5790 ;; Tracked objects:
  5791 ;;		On entry : 0/0
  5792 ;;		On exit  : 0/0
  5793 ;;		Unchanged: 0/0
  5794 ;; Data sizes:     COMRAM   BANK0   BANK1   BANK2   BANK3   BANK4   BANK5   BANK6   BANK7   BANK8   BANK9  BANK10  BANK1
      +1  BANK12  BANK13  BANK14  BANK15
  5795 ;;      Params:         1       0       0       0       0       0       0       0       0       0       0       0       
      +0       0       0       0       0
  5796 ;;      Locals:         1       0       0       0       0       0       0       0       0       0       0       0       
      +0       0       0       0       0
  5797 ;;      Temps:          0       0       0       0       0       0       0       0       0       0       0       0       
      +0       0       0       0       0
  5798 ;;      Totals:         2       0       0       0       0       0       0       0       0       0       0       0       
      +0       0       0       0       0
  5799 ;;Total ram usage:        2 bytes
  5800 ;; Hardware stack levels used: 1
  5801 ;; Hardware stack levels required when called: 7
  5802 ;; This function calls:
  5803 ;;		_I2C1_MasterIsNack
  5804 ;;		_I2C1_MasterSendTxData
  5805 ;;		_I2C1_MasterStart
  5806 ;;		_I2C1_MasterStop
  5807 ;; This function is called by:
  5808 ;;		_AD5593_get_conv_result
  5809 ;; This function uses a non-reentrant model
  5810 ;;
  5811                           
  5812                           	psect	text43
  5813   003A06                     __ptext43:
  5814                           	callstack 0
  5815   003A06                     _i2c_driver_write_pointer_byte:
  5816                           	callstack 20
  5817                           
  5818                           ;incstack = 0
  5819                           ;i2c_driver_write_pointer_byte@devaddr stored from wreg
  5820   003A06  6E18               	movwf	i2c_driver_write_pointer_byte@devaddr^0,c
  5821   003A08                     l628:
  5822   003A08                     
  5823                           ;i2c_driver.c: 34:   {;i2c_driver.c: 35:     I2C1_MasterStart();
  5824   003A08  ECB9  F020         	call	_I2C1_MasterStart	;wreg free
  5825   003A0C                     
  5826                           ;i2c_driver.c: 36:     I2C1_MasterSendTxData(devaddr);
  5827   003A0C  5018               	movf	i2c_driver_write_pointer_byte@devaddr^0,w,c
  5828   003A0E  EC6D  F020         	call	_I2C1_MasterSendTxData
  5829   003A12                     
  5830                           ;i2c_driver.c: 37:     if (I2C1_MasterIsNack())
  5831   003A12  EC03  F020         	call	_I2C1_MasterIsNack	;wreg free
  5832   003A16  0900               	iorlw	0
  5833   003A18  B4D8               	btfsc	status,2,c
  5834   003A1A  EF11  F01D         	goto	u5581
  5835   003A1E  EF13  F01D         	goto	u5580
  5836   003A22                     u5581:
  5837   003A22  EF15  F01D         	goto	l6322
  5838   003A26                     u5580:
  5839   003A26  EF04  F01D         	goto	l628
  5840   003A2A                     l6322:
  5841                           
  5842                           ;i2c_driver.c: 40:     I2C1_MasterSendTxData(pointer);
  5843   003A2A  5017               	movf	i2c_driver_write_pointer_byte@pointer^0,w,c
  5844   003A2C  EC6D  F020         	call	_I2C1_MasterSendTxData
  5845                           
  5846                           ;i2c_driver.c: 41:     if (I2C1_MasterIsNack())
  5847   003A30  EC03  F020         	call	_I2C1_MasterIsNack	;wreg free
  5848   003A34  0900               	iorlw	0
  5849   003A36  B4D8               	btfsc	status,2,c
  5850   003A38  EF20  F01D         	goto	u5591
  5851   003A3C  EF22  F01D         	goto	u5590
  5852   003A40                     u5591:
  5853   003A40  EF24  F01D         	goto	l6326
  5854   003A44                     u5590:
  5855   003A44  EF04  F01D         	goto	l628
  5856   003A48                     l6326:
  5857                           
  5858                           ;i2c_driver.c: 46:   I2C1_MasterStop();
  5859   003A48  ECB1  F020         	call	_I2C1_MasterStop	;wreg free
  5860   003A4C  0012               	return		;funcret
  5861   003A4E                     __end_of_i2c_driver_write_pointer_byte:
  5862                           	callstack 0
  5863                           
  5864 ;; *************** function _i2c_driver_read_2bytes *****************
  5865 ;; Defined at:
  5866 ;;		line 170 in file "i2c_driver.c"
  5867 ;; Parameters:    Size  Location     Type
  5868 ;;  devaddr         1    wreg     unsigned char 
  5869 ;;  data            2   24[COMRAM] PTR unsigned short 
  5870 ;;		 -> AD5593_get_conv_result@conv_result(2), 
  5871 ;; Auto vars:     Size  Location     Type
  5872 ;;  devaddr         1   29[COMRAM] unsigned char 
  5873 ;; Return value:  Size  Location     Type
  5874 ;;                  1    wreg      void 
  5875 ;; Registers used:
  5876 ;;		wreg, fsr2l, fsr2h, status,2, status,0, cstack
  5877 ;; Tracked objects:
  5878 ;;		On entry : 0/0
  5879 ;;		On exit  : 0/0
  5880 ;;		Unchanged: 0/0
  5881 ;; Data sizes:     COMRAM   BANK0   BANK1   BANK2   BANK3   BANK4   BANK5   BANK6   BANK7   BANK8   BANK9  BANK10  BANK1
      +1  BANK12  BANK13  BANK14  BANK15
  5882 ;;      Params:         2       0       0       0       0       0       0       0       0       0       0       0       
      +0       0       0       0       0
  5883 ;;      Locals:         1       0       0       0       0       0       0       0       0       0       0       0       
      +0       0       0       0       0
  5884 ;;      Temps:          3       0       0       0       0       0       0       0       0       0       0       0       
      +0       0       0       0       0
  5885 ;;      Totals:         6       0       0       0       0       0       0       0       0       0       0       0       
      +0       0       0       0       0
  5886 ;;Total ram usage:        6 bytes
  5887 ;; Hardware stack levels used: 1
  5888 ;; Hardware stack levels required when called: 8
  5889 ;; This function calls:
  5890 ;;		_I2C1_MasterGetRxData
  5891 ;;		_I2C1_MasterIsNack
  5892 ;;		_I2C1_MasterSendTxData
  5893 ;;		_I2C1_MasterStart
  5894 ;;		_I2C1_MasterStop
  5895 ;; This function is called by:
  5896 ;;		_AD5593_get_conv_result
  5897 ;; This function uses a non-reentrant model
  5898 ;;
  5899                           
  5900                           	psect	text44
  5901   00349C                     __ptext44:
  5902                           	callstack 0
  5903   00349C                     _i2c_driver_read_2bytes:
  5904                           	callstack 19
  5905                           
  5906                           ;incstack = 0
  5907                           ;i2c_driver_read_2bytes@devaddr stored from wreg
  5908   00349C  6E1E               	movwf	i2c_driver_read_2bytes@devaddr^0,c
  5909   00349E                     l682:
  5910   00349E                     
  5911                           ;i2c_driver.c: 173:   {;i2c_driver.c: 174:     I2C1_MasterStart();
  5912   00349E  ECB9  F020         	call	_I2C1_MasterStart	;wreg free
  5913   0034A2                     
  5914                           ;i2c_driver.c: 175:     I2C1_MasterSendTxData(devaddr | 0x1);
  5915   0034A2  501E               	movf	i2c_driver_read_2bytes@devaddr^0,w,c
  5916   0034A4  0901               	iorlw	1
  5917   0034A6  EC6D  F020         	call	_I2C1_MasterSendTxData
  5918   0034AA                     
  5919                           ;i2c_driver.c: 176:     if (I2C1_MasterIsNack())
  5920   0034AA  EC03  F020         	call	_I2C1_MasterIsNack	;wreg free
  5921   0034AE  0900               	iorlw	0
  5922   0034B0  B4D8               	btfsc	status,2,c
  5923   0034B2  EF5D  F01A         	goto	u5671
  5924   0034B6  EF5F  F01A         	goto	u5670
  5925   0034BA                     u5671:
  5926   0034BA  EF61  F01A         	goto	l6382
  5927   0034BE                     u5670:
  5928   0034BE  EF4F  F01A         	goto	l682
  5929   0034C2                     l6382:
  5930                           
  5931                           ;i2c_driver.c: 178:     *data = (I2C1_MasterGetRxData(0) << 8);
  5932   0034C2  0E00               	movlw	0
  5933   0034C4  ECD9  F01E         	call	_I2C1_MasterGetRxData
  5934   0034C8  6E1B               	movwf	??_i2c_driver_read_2bytes^0,c
  5935   0034CA  501B               	movf	??_i2c_driver_read_2bytes^0,w,c
  5936   0034CC  6E1D               	movwf	(??_i2c_driver_read_2bytes+2)^0,c
  5937   0034CE  6A1C               	clrf	(??_i2c_driver_read_2bytes+1)^0,c
  5938   0034D0  C019  FFD9         	movff	i2c_driver_read_2bytes@data,fsr2l
  5939   0034D4  C01A  FFDA         	movff	i2c_driver_read_2bytes@data+1,fsr2h
  5940   0034D8  C01C  FFDE         	movff	??_i2c_driver_read_2bytes+1,postinc2
  5941   0034DC  C01D  FFDD         	movff	??_i2c_driver_read_2bytes+2,postdec2
  5942                           
  5943                           ;i2c_driver.c: 179:     *data += I2C1_MasterGetRxData(1);
  5944   0034E0  0E01               	movlw	1
  5945   0034E2  ECD9  F01E         	call	_I2C1_MasterGetRxData
  5946   0034E6  6E1B               	movwf	??_i2c_driver_read_2bytes^0,c
  5947   0034E8  501B               	movf	??_i2c_driver_read_2bytes^0,w,c
  5948   0034EA  C019  FFD9         	movff	i2c_driver_read_2bytes@data,fsr2l
  5949   0034EE  C01A  FFDA         	movff	i2c_driver_read_2bytes@data+1,fsr2h
  5950   0034F2  26DE               	addwf	postinc2,f,c
  5951   0034F4  0E00               	movlw	0
  5952   0034F6  22DD               	addwfc	postdec2,f,c
  5953   0034F8                     
  5954                           ;i2c_driver.c: 183:   I2C1_MasterStop();
  5955   0034F8  ECB1  F020         	call	_I2C1_MasterStop	;wreg free
  5956   0034FC  0012               	return		;funcret
  5957   0034FE                     __end_of_i2c_driver_read_2bytes:
  5958                           	callstack 0
  5959                           
  5960 ;; *************** function _AD5593_ADC_convert *****************
  5961 ;; Defined at:
  5962 ;;		line 85 in file "AD5593R.c"
  5963 ;; Parameters:    Size  Location     Type
  5964 ;;  channel         2   26[COMRAM] int 
  5965 ;; Auto vars:     Size  Location     Type
  5966 ;;		None
  5967 ;; Return value:  Size  Location     Type
  5968 ;;                  1    wreg      void 
  5969 ;; Registers used:
  5970 ;;		wreg, status,2, status,0, cstack
  5971 ;; Tracked objects:
  5972 ;;		On entry : 0/0
  5973 ;;		On exit  : 0/0
  5974 ;;		Unchanged: 0/0
  5975 ;; Data sizes:     COMRAM   BANK0   BANK1   BANK2   BANK3   BANK4   BANK5   BANK6   BANK7   BANK8   BANK9  BANK10  BANK1
      +1  BANK12  BANK13  BANK14  BANK15
  5976 ;;      Params:         2       0       0       0       0       0       0       0       0       0       0       0       
      +0       0       0       0       0
  5977 ;;      Locals:         0       0       0       0       0       0       0       0       0       0       0       0       
      +0       0       0       0       0
  5978 ;;      Temps:          2       0       0       0       0       0       0       0       0       0       0       0       
      +0       0       0       0       0
  5979 ;;      Totals:         4       0       0       0       0       0       0       0       0       0       0       0       
      +0       0       0       0       0
  5980 ;;Total ram usage:        4 bytes
  5981 ;; Hardware stack levels used: 1
  5982 ;; Hardware stack levels required when called: 8
  5983 ;; This function calls:
  5984 ;;		_i2c_driver_write_twobytes
  5985 ;; This function is called by:
  5986 ;;		_AD5593_ADC_read
  5987 ;; This function uses a non-reentrant model
  5988 ;;
  5989                           
  5990                           	psect	text45
  5991   0039BC                     __ptext45:
  5992                           	callstack 0
  5993   0039BC                     _AD5593_ADC_convert:
  5994                           	callstack 20
  5995   0039BC                     
  5996                           ;AD5593R.c: 86:     data[0] = 0x00;
  5997   0039BC  0E00               	movlw	0
  5998   0039BE  6E38               	movwf	_data^0,c
  5999   0039C0                     
  6000                           ;AD5593R.c: 87:     data[1] = (1 << channel);
  6001   0039C0  C01B  F01D         	movff	AD5593_ADC_convert@channel,??_AD5593_ADC_convert
  6002   0039C4  0E01               	movlw	1
  6003   0039C6  6E1E               	movwf	(??_AD5593_ADC_convert+1)^0,c
  6004   0039C8  2A1D               	incf	??_AD5593_ADC_convert^0,f,c
  6005   0039CA  EFE9  F01C         	goto	u5794
  6006   0039CE                     u5795:
  6007   0039CE  90D8               	bcf	status,0,c
  6008   0039D0  361E               	rlcf	(??_AD5593_ADC_convert+1)^0,f,c
  6009   0039D2                     u5794:
  6010   0039D2  2E1D               	decfsz	??_AD5593_ADC_convert^0,f,c
  6011   0039D4  EFE7  F01C         	goto	u5795
  6012   0039D8  501E               	movf	(??_AD5593_ADC_convert+1)^0,w,c
  6013   0039DA  6E39               	movwf	(_data+1)^0,c
  6014   0039DC                     
  6015                           ;AD5593R.c: 88:     reg = (data[0] << 8) | data[1];
  6016   0039DC  5039               	movf	(_data+1)^0,w,c
  6017   0039DE  C038  F01D         	movff	_data,??_AD5593_ADC_convert
  6018   0039E2  6A1E               	clrf	(??_AD5593_ADC_convert+1)^0,c
  6019   0039E4  C01D  F01E         	movff	??_AD5593_ADC_convert,??_AD5593_ADC_convert+1
  6020   0039E8  6A1D               	clrf	??_AD5593_ADC_convert^0,c
  6021   0039EA  101D               	iorwf	??_AD5593_ADC_convert^0,w,c
  6022   0039EC  6E3A               	movwf	_reg^0,c
  6023   0039EE  501E               	movf	(??_AD5593_ADC_convert+1)^0,w,c
  6024   0039F0  6E3B               	movwf	(_reg+1)^0,c
  6025   0039F2                     
  6026                           ;AD5593R.c: 89:     i2c_driver_write_twobytes(0x20, 0b0000 << 4 | 0b0010, reg);
  6027   0039F2  0E02               	movlw	2
  6028   0039F4  6E17               	movwf	i2c_driver_write_twobytes@reg^0,c
  6029   0039F6  C03A  F018         	movff	_reg,i2c_driver_write_twobytes@data
  6030   0039FA  C03B  F019         	movff	_reg+1,i2c_driver_write_twobytes@data+1
  6031   0039FE  0E20               	movlw	32
  6032   003A00  EC4D  F018         	call	_i2c_driver_write_twobytes
  6033   003A04  0012               	return		;funcret
  6034   003A06                     __end_of_AD5593_ADC_convert:
  6035                           	callstack 0
  6036                           
  6037 ;; *************** function _ACKframeChecksum *****************
  6038 ;; Defined at:
  6039 ;;		line 391 in file "main.c"
  6040 ;; Parameters:    Size  Location     Type
  6041 ;;  frame           2   98[BANK0 ] PTR unsigned char 
  6042 ;;		 -> Execute@acknowledge_frame(30), 
  6043 ;; Auto vars:     Size  Location     Type
  6044 ;;		None
  6045 ;; Return value:  Size  Location     Type
  6046 ;;                  1    wreg      void 
  6047 ;; Registers used:
  6048 ;;		wreg, fsr1l, fsr1h, fsr2l, fsr2h, status,2, status,0, tblptrl, tblptrh, tblptru, prodl, prodh, cstack
  6049 ;; Tracked objects:
  6050 ;;		On entry : 0/0
  6051 ;;		On exit  : 0/0
  6052 ;;		Unchanged: 0/0
  6053 ;; Data sizes:     COMRAM   BANK0   BANK1   BANK2   BANK3   BANK4   BANK5   BANK6   BANK7   BANK8   BANK9  BANK10  BANK1
      +1  BANK12  BANK13  BANK14  BANK15
  6054 ;;      Params:         0       2       0       0       0       0       0       0       0       0       0       0       
      +0       0       0       0       0
  6055 ;;      Locals:         0       0       0       0       0       0       0       0       0       0       0       0       
      +0       0       0       0       0
  6056 ;;      Temps:          0       0       0       0       0       0       0       0       0       0       0       0       
      +0       0       0       0       0
  6057 ;;      Totals:         0       2       0       0       0       0       0       0       0       0       0       0       
      +0       0       0       0       0
  6058 ;;Total ram usage:        2 bytes
  6059 ;; Hardware stack levels used: 1
  6060 ;; Hardware stack levels required when called: 15
  6061 ;; This function calls:
  6062 ;;		_ChecksumCalc
  6063 ;;		_clear_buffer
  6064 ;;		_sprintf
  6065 ;; This function is called by:
  6066 ;;		_Execute
  6067 ;; This function uses a non-reentrant model
  6068 ;;
  6069                           
  6070                           	psect	text46
  6071   003970                     __ptext46:
  6072                           	callstack 0
  6073   003970                     _ACKframeChecksum:
  6074                           	callstack 14
  6075   003970                     
  6076                           ;main.c: 393:     clear_buffer(fullAckFrame);
  6077   003970  0E64               	movlw	low _fullAckFrame
  6078   003972  6E1A               	movwf	clear_buffer@buffer^0,c
  6079   003974  0E01               	movlw	high _fullAckFrame
  6080   003976  6E1B               	movwf	(clear_buffer@buffer+1)^0,c
  6081   003978  EC90  F01D         	call	_clear_buffer	;wreg free
  6082   00397C                     
  6083                           ;main.c: 395:     ChecksumCalc(frame);
  6084   00397C  C0C2  F0BD         	movff	ACKframeChecksum@frame,ChecksumCalc@dataString
  6085   003980  C0C3  F0BE         	movff	ACKframeChecksum@frame+1,ChecksumCalc@dataString+1
  6086   003984  EC7D  F019         	call	_ChecksumCalc	;wreg free
  6087   003988                     
  6088                           ;main.c: 397:     sprintf(fullAckFrame, "%s%c%c%c\0",frame,CRCresult[0],CRCresult[1],'*'
      +                          );
  6089   003988  0E64               	movlw	low _fullAckFrame
  6090   00398A  0100               	movlb	0	; () banked
  6091   00398C  6FA4               	movwf	sprintf@s& (0+255),b
  6092   00398E  0E01               	movlw	high _fullAckFrame
  6093   003990  6FA5               	movwf	(sprintf@s+1)& (0+255),b
  6094   003992  0E19               	movlw	low STR_13
  6095   003994  6FA6               	movwf	sprintf@fmt& (0+255),b
  6096   003996  0E10               	movlw	high STR_13
  6097   003998  6FA7               	movwf	(sprintf@fmt+1)& (0+255),b
  6098   00399A  C0C2  F0A8         	movff	ACKframeChecksum@frame,?_sprintf+4
  6099   00399E  C0C3  F0A9         	movff	ACKframeChecksum@frame+1,?_sprintf+5
  6100   0039A2  C197  F0AA         	movff	_CRCresult,?_sprintf+6
  6101   0039A6  6BAB               	clrf	(?_sprintf+7)& (0+255),b
  6102   0039A8  C198  F0AC         	movff	_CRCresult+1,?_sprintf+8
  6103   0039AC  6BAD               	clrf	(?_sprintf+9)& (0+255),b
  6104   0039AE  0E00               	movlw	0
  6105   0039B0  6FAF               	movwf	(?_sprintf+11)& (0+255),b
  6106   0039B2  0E2A               	movlw	42
  6107   0039B4  6FAE               	movwf	(?_sprintf+10)& (0+255),b
  6108   0039B6  EC17  F01C         	call	_sprintf	;wreg free
  6109   0039BA  0012               	return		;funcret
  6110   0039BC                     __end_of_ACKframeChecksum:
  6111                           	callstack 0
  6112                           
  6113 ;; *************** function _ChecksumCalc *****************
  6114 ;; Defined at:
  6115 ;;		line 358 in file "main.c"
  6116 ;; Parameters:    Size  Location     Type
  6117 ;;  dataString      2   93[BANK0 ] PTR unsigned char 
  6118 ;;		 -> Execute@acknowledge_frame(30), TrimmedFrame(20), 
  6119 ;; Auto vars:     Size  Location     Type
  6120 ;;  i               2   96[BANK0 ] int 
  6121 ;;  xorTemp         1   95[BANK0 ] unsigned char 
  6122 ;; Return value:  Size  Location     Type
  6123 ;;                  1    wreg      void 
  6124 ;; Registers used:
  6125 ;;		wreg, fsr1l, fsr1h, fsr2l, fsr2h, status,2, status,0, tblptrl, tblptrh, tblptru, prodl, prodh, cstack
  6126 ;; Tracked objects:
  6127 ;;		On entry : 0/0
  6128 ;;		On exit  : 0/0
  6129 ;;		Unchanged: 0/0
  6130 ;; Data sizes:     COMRAM   BANK0   BANK1   BANK2   BANK3   BANK4   BANK5   BANK6   BANK7   BANK8   BANK9  BANK10  BANK1
      +1  BANK12  BANK13  BANK14  BANK15
  6131 ;;      Params:         0       2       0       0       0       0       0       0       0       0       0       0       
      +0       0       0       0       0
  6132 ;;      Locals:         0       3       0       0       0       0       0       0       0       0       0       0       
      +0       0       0       0       0
  6133 ;;      Temps:          0       0       0       0       0       0       0       0       0       0       0       0       
      +0       0       0       0       0
  6134 ;;      Totals:         0       5       0       0       0       0       0       0       0       0       0       0       
      +0       0       0       0       0
  6135 ;;Total ram usage:        5 bytes
  6136 ;; Hardware stack levels used: 1
  6137 ;; Hardware stack levels required when called: 14
  6138 ;; This function calls:
  6139 ;;		_sprintf
  6140 ;;		_strlen
  6141 ;; This function is called by:
  6142 ;;		_ReceivedFrameChecksum
  6143 ;;		_ACKframeChecksum
  6144 ;; This function uses a non-reentrant model
  6145 ;;
  6146                           
  6147                           	psect	text47
  6148   0032FA                     __ptext47:
  6149                           	callstack 0
  6150   0032FA                     _ChecksumCalc:
  6151                           	callstack 15
  6152   0032FA                     
  6153                           ;main.c: 359:     uint8_t xorTemp;;main.c: 360:     xorTemp = (uint8_t)dataString[0];
  6154   0032FA  C0BD  FFD9         	movff	ChecksumCalc@dataString,fsr2l
  6155   0032FE  C0BE  FFDA         	movff	ChecksumCalc@dataString+1,fsr2h
  6156   003302  50DF               	movf	indf2,w,c
  6157   003304  0100               	movlb	0	; () banked
  6158   003306  6FBF               	movwf	ChecksumCalc@xorTemp& (0+255),b
  6159   003308                     
  6160                           ; BSR set to: 0
  6161                           ;main.c: 361:     for(int i = 1; i < strlen(dataString); i++){
  6162   003308  0E00               	movlw	0
  6163   00330A  6FC1               	movwf	(ChecksumCalc@i+1)& (0+255),b
  6164   00330C  0E01               	movlw	1
  6165   00330E  6FC0               	movwf	ChecksumCalc@i& (0+255),b
  6166   003310  EF94  F019         	goto	l6440
  6167   003314                     l6436:
  6168                           
  6169                           ; BSR set to: 0
  6170                           ;main.c: 362:         xorTemp ^= (uint8_t)dataString[i];
  6171   003314  51C0               	movf	ChecksumCalc@i& (0+255),w,b
  6172   003316  25BD               	addwf	ChecksumCalc@dataString& (0+255),w,b
  6173   003318  6ED9               	movwf	fsr2l,c
  6174   00331A  51C1               	movf	(ChecksumCalc@i+1)& (0+255),w,b
  6175   00331C  21BE               	addwfc	(ChecksumCalc@dataString+1)& (0+255),w,b
  6176   00331E  6EDA               	movwf	fsr2h,c
  6177   003320  50DF               	movf	indf2,w,c
  6178   003322  1BBF               	xorwf	ChecksumCalc@xorTemp& (0+255),f,b
  6179   003324                     
  6180                           ; BSR set to: 0
  6181                           ;main.c: 363:         }
  6182   003324  4BC0               	infsnz	ChecksumCalc@i& (0+255),f,b
  6183   003326  2BC1               	incf	(ChecksumCalc@i+1)& (0+255),f,b
  6184   003328                     l6440:
  6185                           
  6186                           ; BSR set to: 0
  6187   003328  C0BD  F016         	movff	ChecksumCalc@dataString,strlen@s
  6188   00332C  C0BE  F017         	movff	ChecksumCalc@dataString+1,strlen@s+1
  6189   003330  EC68  F01C         	call	_strlen	;wreg free
  6190   003334  5016               	movf	?_strlen^0,w,c
  6191   003336  0100               	movlb	0	; () banked
  6192   003338  5DC0               	subwf	ChecksumCalc@i& (0+255),w,b
  6193   00333A  5017               	movf	(?_strlen+1)^0,w,c
  6194   00333C  59C1               	subwfb	(ChecksumCalc@i+1)& (0+255),w,b
  6195   00333E  A0D8               	btfss	status,0,c
  6196   003340  EFA4  F019         	goto	u5741
  6197   003344  EFA6  F019         	goto	u5740
  6198   003348                     u5741:
  6199   003348  EF8A  F019         	goto	l6436
  6200   00334C                     u5740:
  6201   00334C                     
  6202                           ; BSR set to: 0
  6203                           ;main.c: 364:     sprintf(CRCresult,"%.2X",xorTemp);
  6204   00334C  0E97               	movlw	low _CRCresult
  6205   00334E  6FA4               	movwf	sprintf@s& (0+255),b
  6206   003350  0E01               	movlw	high _CRCresult
  6207   003352  6FA5               	movwf	(sprintf@s+1)& (0+255),b
  6208   003354  0E32               	movlw	low STR_12
  6209   003356  6FA6               	movwf	sprintf@fmt& (0+255),b
  6210   003358  0E10               	movlw	high STR_12
  6211   00335A  6FA7               	movwf	(sprintf@fmt+1)& (0+255),b
  6212   00335C  C0BF  F0A8         	movff	ChecksumCalc@xorTemp,?_sprintf+4
  6213   003360  6BA9               	clrf	(?_sprintf+5)& (0+255),b
  6214   003362  EC17  F01C         	call	_sprintf	;wreg free
  6215   003366  0012               	return		;funcret
  6216   003368                     __end_of_ChecksumCalc:
  6217                           	callstack 0
  6218                           
  6219 ;; *************** function _sprintf *****************
  6220 ;; Defined at:
  6221 ;;		line 9 in file "C:\Program Files\Microchip\xc8\v2.40\pic\sources\c99\common\nf_sprintf.c"
  6222 ;; Parameters:    Size  Location     Type
  6223 ;;  s               2   68[BANK0 ] PTR unsigned char 
  6224 ;;		 -> fullAckFrame(20), Execute@data_ch4(10), Execute@data_ch3(10), Execute@data_ch2(10), 
  6225 ;;		 -> Execute@data_ch1(10), Execute@acknowledge_frame(30), CRCresult(2), 
  6226 ;;  fmt             2   70[BANK0 ] PTR const unsigned char 
  6227 ;;		 -> STR_13(10), STR_12(5), STR_9(3), STR_7(3), 
  6228 ;;		 -> STR_6(6), STR_5(6), STR_4(6), STR_3(6), 
  6229 ;;		 -> STR_2(3), STR_1(9), 
  6230 ;; Auto vars:     Size  Location     Type
  6231 ;;  f              11   82[BANK0 ] struct _IO_FILE
  6232 ;;  ap              2   80[BANK0 ] PTR void [1]
  6233 ;;		 -> ?_sprintf(2), 
  6234 ;;  ret             2    0        int 
  6235 ;; Return value:  Size  Location     Type
  6236 ;;                  2   68[BANK0 ] int 
  6237 ;; Registers used:
  6238 ;;		wreg, fsr1l, fsr1h, fsr2l, fsr2h, status,2, status,0, tblptrl, tblptrh, tblptru, prodl, prodh, cstack
  6239 ;; Tracked objects:
  6240 ;;		On entry : 0/0
  6241 ;;		On exit  : 0/0
  6242 ;;		Unchanged: 0/0
  6243 ;; Data sizes:     COMRAM   BANK0   BANK1   BANK2   BANK3   BANK4   BANK5   BANK6   BANK7   BANK8   BANK9  BANK10  BANK1
      +1  BANK12  BANK13  BANK14  BANK15
  6244 ;;      Params:         0      12       0       0       0       0       0       0       0       0       0       0       
      +0       0       0       0       0
  6245 ;;      Locals:         0      13       0       0       0       0       0       0       0       0       0       0       
      +0       0       0       0       0
  6246 ;;      Temps:          0       0       0       0       0       0       0       0       0       0       0       0       
      +0       0       0       0       0
  6247 ;;      Totals:         0      25       0       0       0       0       0       0       0       0       0       0       
      +0       0       0       0       0
  6248 ;;Total ram usage:       25 bytes
  6249 ;; Hardware stack levels used: 1
  6250 ;; Hardware stack levels required when called: 13
  6251 ;; This function calls:
  6252 ;;		_vfprintf
  6253 ;; This function is called by:
  6254 ;;		_Execute
  6255 ;;		_ChecksumCalc
  6256 ;;		_ACKframeChecksum
  6257 ;; This function uses a non-reentrant model
  6258 ;;
  6259                           
  6260                           	psect	text48
  6261   00382E                     __ptext48:
  6262                           	callstack 0
  6263   00382E                     _sprintf:
  6264                           	callstack 15
  6265   00382E  0EA8               	movlw	low (?_sprintf+4)
  6266   003830  0100               	movlb	0	; () banked
  6267   003832  6FB0               	movwf	sprintf@ap& (0+255),b
  6268   003834  0E00               	movlw	high (?_sprintf+4)
  6269   003836  6FB1               	movwf	(sprintf@ap+1)& (0+255),b
  6270   003838  C0A4  F0B2         	movff	sprintf@s,sprintf@f
  6271   00383C  C0A5  F0B3         	movff	sprintf@s+1,sprintf@f+1
  6272   003840                     
  6273                           ; BSR set to: 0
  6274   003840  0E00               	movlw	0
  6275   003842  6FB6               	movwf	(sprintf@f+4)& (0+255),b
  6276   003844  0E00               	movlw	0
  6277   003846  6FB5               	movwf	(sprintf@f+3)& (0+255),b
  6278   003848                     
  6279                           ; BSR set to: 0
  6280   003848  0E00               	movlw	0
  6281   00384A  6FBC               	movwf	(sprintf@f+10)& (0+255),b
  6282   00384C  0E00               	movlw	0
  6283   00384E  6FBB               	movwf	(sprintf@f+9)& (0+255),b
  6284   003850                     
  6285                           ; BSR set to: 0
  6286   003850  0EB2               	movlw	low sprintf@f
  6287   003852  6F9C               	movwf	vfprintf@fp& (0+255),b
  6288   003854  0E00               	movlw	high sprintf@f
  6289   003856  6F9D               	movwf	(vfprintf@fp+1)& (0+255),b
  6290   003858  C0A6  F09E         	movff	sprintf@fmt,vfprintf@fmt
  6291   00385C  C0A7  F09F         	movff	sprintf@fmt+1,vfprintf@fmt+1
  6292   003860  0EB0               	movlw	low sprintf@ap
  6293   003862  6FA0               	movwf	vfprintf@ap& (0+255),b
  6294   003864  0E00               	movlw	high sprintf@ap
  6295   003866  6FA1               	movwf	(vfprintf@ap+1)& (0+255),b
  6296   003868  ECC4  F01B         	call	_vfprintf	;wreg free
  6297   00386C  0100               	movlb	0	; () banked
  6298   00386E  51B5               	movf	(sprintf@f+3)& (0+255),w,b
  6299   003870  25A4               	addwf	sprintf@s& (0+255),w,b
  6300   003872  6ED9               	movwf	fsr2l,c
  6301   003874  51B6               	movf	(sprintf@f+4)& (0+255),w,b
  6302   003876  21A5               	addwfc	(sprintf@s+1)& (0+255),w,b
  6303   003878  6EDA               	movwf	fsr2h,c
  6304   00387A  0E00               	movlw	0
  6305   00387C  6EDF               	movwf	indf2,c
  6306   00387E                     
  6307                           ; BSR set to: 0
  6308   00387E  0012               	return		;funcret
  6309   003880                     __end_of_sprintf:
  6310                           	callstack 0
  6311                           
  6312 ;; *************** function _vfprintf *****************
  6313 ;; Defined at:
  6314 ;;		line 1520 in file "C:\Program Files\Microchip\xc8\v2.40\pic\sources\c99\common\doprnt.c"
  6315 ;; Parameters:    Size  Location     Type
  6316 ;;  fp              2   60[BANK0 ] PTR struct _IO_FILE
  6317 ;;		 -> sprintf@f(11), 
  6318 ;;  fmt             2   62[BANK0 ] PTR const unsigned char 
  6319 ;;		 -> STR_13(10), STR_12(5), STR_9(3), STR_7(3), 
  6320 ;;		 -> STR_6(6), STR_5(6), STR_4(6), STR_3(6), 
  6321 ;;		 -> STR_2(3), STR_1(9), 
  6322 ;;  ap              2   64[BANK0 ] PTR PTR void 
  6323 ;;		 -> sprintf@ap(2), 
  6324 ;; Auto vars:     Size  Location     Type
  6325 ;;  cfmt            2   66[BANK0 ] PTR unsigned char 
  6326 ;;		 -> STR_13(10), STR_12(5), STR_9(3), STR_7(3), 
  6327 ;;		 -> STR_6(6), STR_5(6), STR_4(6), STR_3(6), 
  6328 ;;		 -> STR_2(3), STR_1(9), 
  6329 ;; Return value:  Size  Location     Type
  6330 ;;                  2   60[BANK0 ] int 
  6331 ;; Registers used:
  6332 ;;		wreg, fsr1l, fsr1h, fsr2l, fsr2h, status,2, status,0, tblptrl, tblptrh, tblptru, prodl, prodh, cstack
  6333 ;; Tracked objects:
  6334 ;;		On entry : 0/0
  6335 ;;		On exit  : 0/0
  6336 ;;		Unchanged: 0/0
  6337 ;; Data sizes:     COMRAM   BANK0   BANK1   BANK2   BANK3   BANK4   BANK5   BANK6   BANK7   BANK8   BANK9  BANK10  BANK1
      +1  BANK12  BANK13  BANK14  BANK15
  6338 ;;      Params:         0       6       0       0       0       0       0       0       0       0       0       0       
      +0       0       0       0       0
  6339 ;;      Locals:         0       2       0       0       0       0       0       0       0       0       0       0       
      +0       0       0       0       0
  6340 ;;      Temps:          0       0       0       0       0       0       0       0       0       0       0       0       
      +0       0       0       0       0
  6341 ;;      Totals:         0       8       0       0       0       0       0       0       0       0       0       0       
      +0       0       0       0       0
  6342 ;;Total ram usage:        8 bytes
  6343 ;; Hardware stack levels used: 1
  6344 ;; Hardware stack levels required when called: 12
  6345 ;; This function calls:
  6346 ;;		_vfpfcnvrt
  6347 ;; This function is called by:
  6348 ;;		_sprintf
  6349 ;; This function uses a non-reentrant model
  6350 ;;
  6351                           
  6352                           	psect	text49
  6353   003788                     __ptext49:
  6354                           	callstack 0
  6355   003788                     _vfprintf:
  6356                           	callstack 15
  6357   003788                     
  6358                           ;C:\Program Files\Microchip\xc8\v2.40\pic\sources\c99\common\doprnt.c: 1520: int vfprint
      +                          f(FILE *fp, const char *fmt, va_list ap);C:\Program Files\Microchip\xc8\v2.40\pic\source
      +                          s\c99\common\doprnt.c: 1521: {;C:\Program Files\Microchip\xc8\v2.40\pic\sources\c99\comm
      +                          on\doprnt.c: 1523:     char *cfmt;;C:\Program Files\Microchip\xc8\v2.40\pic\sources\c99\
      +                          common\doprnt.c: 1525:     cfmt = (char *)fmt;
  6359   003788  C09E  F0A2         	movff	vfprintf@fmt,vfprintf@cfmt
  6360   00378C  C09F  F0A3         	movff	vfprintf@fmt+1,vfprintf@cfmt+1
  6361                           
  6362                           ;C:\Program Files\Microchip\xc8\v2.40\pic\sources\c99\common\doprnt.c: 1529:     while (
      +                          *cfmt) {
  6363   003790  EFD9  F01B         	goto	l6274
  6364   003794                     l6272:
  6365                           
  6366                           ;C:\Program Files\Microchip\xc8\v2.40\pic\sources\c99\common\doprnt.c: 1533:    vfpfcnvr
      +                          t(fp, &cfmt, ap);
  6367   003794  C09C  F083         	movff	vfprintf@fp,vfpfcnvrt@fp
  6368   003798  C09D  F084         	movff	vfprintf@fp+1,vfpfcnvrt@fp+1
  6369   00379C  0EA2               	movlw	low vfprintf@cfmt
  6370   00379E  0100               	movlb	0	; () banked
  6371   0037A0  6F85               	movwf	vfpfcnvrt@fmt& (0+255),b
  6372   0037A2  0E00               	movlw	high vfprintf@cfmt
  6373   0037A4  6F86               	movwf	(vfpfcnvrt@fmt+1)& (0+255),b
  6374   0037A6  C0A0  F087         	movff	vfprintf@ap,vfpfcnvrt@ap
  6375   0037AA  C0A1  F088         	movff	vfprintf@ap+1,vfpfcnvrt@ap+1
  6376   0037AE  EC25  F008         	call	_vfpfcnvrt	;wreg free
  6377   0037B2                     l6274:
  6378                           
  6379                           ;C:\Program Files\Microchip\xc8\v2.40\pic\sources\c99\common\doprnt.c: 1529:     while (
      +                          *cfmt) {
  6380   0037B2  C0A2  FFF6         	movff	vfprintf@cfmt,tblptrl
  6381   0037B6  C0A3  FFF7         	movff	vfprintf@cfmt+1,tblptrh
  6382   0037BA                     	if	1	;Program memory is < 0x10000, tblptru is always zero
  6383   0037BA  6AF8               	clrf	tblptru,c
  6384   0037BC                     	endif
  6385   0037BC                     	if	0	;tblptru may be non-zero
  6386   0037BC                     	endif
  6387   0037BC  0008               	tblrd		*
  6388   0037BE  50F5               	movf	tablat,w,c
  6389   0037C0  0900               	iorlw	0
  6390   0037C2  A4D8               	btfss	status,2,c
  6391   0037C4  EFE6  F01B         	goto	u5501
  6392   0037C8  EFE8  F01B         	goto	u5500
  6393   0037CC                     u5501:
  6394   0037CC  EFCA  F01B         	goto	l6272
  6395   0037D0                     u5500:
  6396   0037D0                     
  6397                           ;C:\Program Files\Microchip\xc8\v2.40\pic\sources\c99\common\doprnt.c: 1538:  return 0;
  6398   0037D0  0E00               	movlw	0
  6399   0037D2  0100               	movlb	0	; () banked
  6400   0037D4  6F9D               	movwf	(?_vfprintf+1)& (0+255),b
  6401   0037D6  0E00               	movlw	0
  6402   0037D8  6F9C               	movwf	?_vfprintf& (0+255),b
  6403   0037DA                     
  6404                           ; BSR set to: 0
  6405   0037DA  0012               	return		;funcret
  6406   0037DC                     __end_of_vfprintf:
  6407                           	callstack 0
  6408                           
  6409 ;; *************** function _vfpfcnvrt *****************
  6410 ;; Defined at:
  6411 ;;		line 1007 in file "C:\Program Files\Microchip\xc8\v2.40\pic\sources\c99\common\doprnt.c"
  6412 ;; Parameters:    Size  Location     Type
  6413 ;;  fp              2   35[BANK0 ] PTR struct _IO_FILE
  6414 ;;		 -> sprintf@f(11), 
  6415 ;;  fmt             2   37[BANK0 ] PTR PTR unsigned char 
  6416 ;;		 -> vfprintf@cfmt(2), 
  6417 ;;  ap              2   39[BANK0 ] PTR PTR void 
  6418 ;;		 -> sprintf@ap(2), 
  6419 ;; Auto vars:     Size  Location     Type
  6420 ;;  convarg         8   50[BANK0 ] struct .
  6421 ;;  cp              2   58[BANK0 ] PTR unsigned char 
  6422 ;;		 -> STR_13(10), STR_12(5), STR_9(3), STR_7(3), 
  6423 ;;		 -> STR_6(6), STR_5(6), STR_4(6), STR_3(6), 
  6424 ;;		 -> STR_2(3), STR_1(9), 
  6425 ;;  done            2   46[BANK0 ] int 
  6426 ;;  i               2    0        int 
  6427 ;;  c               1   45[BANK0 ] unsigned char 
  6428 ;; Return value:  Size  Location     Type
  6429 ;;                  1    wreg      void 
  6430 ;; Registers used:
  6431 ;;		wreg, fsr1l, fsr1h, fsr2l, fsr2h, status,2, status,0, tblptrl, tblptrh, tblptru, prodl, prodh, cstack
  6432 ;; Tracked objects:
  6433 ;;		On entry : 0/0
  6434 ;;		On exit  : 0/0
  6435 ;;		Unchanged: 0/0
  6436 ;; Data sizes:     COMRAM   BANK0   BANK1   BANK2   BANK3   BANK4   BANK5   BANK6   BANK7   BANK8   BANK9  BANK10  BANK1
      +1  BANK12  BANK13  BANK14  BANK15
  6437 ;;      Params:         0       6       0       0       0       0       0       0       0       0       0       0       
      +0       0       0       0       0
  6438 ;;      Locals:         0      15       0       0       0       0       0       0       0       0       0       0       
      +0       0       0       0       0
  6439 ;;      Temps:          0       4       0       0       0       0       0       0       0       0       0       0       
      +0       0       0       0       0
  6440 ;;      Totals:         0      25       0       0       0       0       0       0       0       0       0       0       
      +0       0       0       0       0
  6441 ;;Total ram usage:       25 bytes
  6442 ;; Hardware stack levels used: 1
  6443 ;; Hardware stack levels required when called: 11
  6444 ;; This function calls:
  6445 ;;		_atoi
  6446 ;;		_ctoa
  6447 ;;		_dtoa
  6448 ;;		_fputc
  6449 ;;		_isdigit
  6450 ;;		_stoa
  6451 ;;		_strncmp
  6452 ;;		_xtoa
  6453 ;; This function is called by:
  6454 ;;		_vfprintf
  6455 ;; This function uses a non-reentrant model
  6456 ;;
  6457                           
  6458                           	psect	text50
  6459   00104A                     __ptext50:
  6460                           	callstack 0
  6461   00104A                     _vfpfcnvrt:
  6462                           	callstack 15
  6463   00104A                     
  6464                           ;C:\Program Files\Microchip\xc8\v2.40\pic\sources\c99\common\doprnt.c: 1007: vfpfcnvrt(F
      +                          ILE *fp, char *fmt[], va_list ap);C:\Program Files\Microchip\xc8\v2.40\pic\sources\c99\c
      +                          ommon\doprnt.c: 1008: {;C:\Program Files\Microchip\xc8\v2.40\pic\sources\c99\common\dopr
      +                          nt.c: 1009:     char c, *cp;;C:\Program Files\Microchip\xc8\v2.40\pic\sources\c99\common
      +                          \doprnt.c: 1010:     int done, i;;C:\Program Files\Microchip\xc8\v2.40\pic\sources\c99\c
      +                          ommon\doprnt.c: 1016:  } convarg;;C:\Program Files\Microchip\xc8\v2.40\pic\sources\c99\c
      +                          ommon\doprnt.c: 1019:     if ((*fmt)[0] == '%') {
  6465   00104A  C085  FFD9         	movff	vfpfcnvrt@fmt,fsr2l
  6466   00104E  C086  FFDA         	movff	vfpfcnvrt@fmt+1,fsr2h
  6467   001052  CFDE FFF6          	movff	postinc2,tblptrl
  6468   001056  CFDD FFF7          	movff	postdec2,tblptrh
  6469   00105A                     	if	1	;Program memory is < 0x10000, tblptru is always zero
  6470   00105A  6AF8               	clrf	tblptru,c
  6471   00105C                     	endif
  6472   00105C                     	if	0	;tblptru may be non-zero
  6473   00105C                     	endif
  6474   00105C  0008               	tblrd		*
  6475   00105E  50F5               	movf	tablat,w,c
  6476   001060  0A25               	xorlw	37
  6477   001062  A4D8               	btfss	status,2,c
  6478   001064  EF36  F008         	goto	u5341
  6479   001068  EF38  F008         	goto	u5340
  6480   00106C                     u5341:
  6481   00106C  EF8A  F00A         	goto	l6208
  6482   001070                     u5340:
  6483   001070                     
  6484                           ;C:\Program Files\Microchip\xc8\v2.40\pic\sources\c99\common\doprnt.c: 1020:         ++*
      +                          fmt;
  6485   001070  C085  FFD9         	movff	vfpfcnvrt@fmt,fsr2l
  6486   001074  C086  FFDA         	movff	vfpfcnvrt@fmt+1,fsr2h
  6487   001078  2ADE               	incf	postinc2,f,c
  6488   00107A  0E00               	movlw	0
  6489   00107C  22DD               	addwfc	postdec2,f,c
  6490   00107E                     
  6491                           ;C:\Program Files\Microchip\xc8\v2.40\pic\sources\c99\common\doprnt.c: 1022:         fla
      +                          gs = width = 0;
  6492   00107E  0E00               	movlw	0
  6493   001080  6E35               	movwf	(_width+1)^0,c
  6494   001082  0E00               	movlw	0
  6495   001084  6E34               	movwf	_width^0,c
  6496   001086  C034  F03C         	movff	_width,_flags
  6497   00108A                     
  6498                           ;C:\Program Files\Microchip\xc8\v2.40\pic\sources\c99\common\doprnt.c: 1023:         pre
      +                          c = -1;
  6499   00108A  6836               	setf	_prec^0,c
  6500   00108C  6837               	setf	(_prec+1)^0,c
  6501   00108E                     
  6502                           ;C:\Program Files\Microchip\xc8\v2.40\pic\sources\c99\common\doprnt.c: 1027:         don
      +                          e = 0;
  6503   00108E  0E00               	movlw	0
  6504   001090  0100               	movlb	0	; () banked
  6505   001092  6F8F               	movwf	(vfpfcnvrt@done+1)& (0+255),b
  6506   001094  0E00               	movlw	0
  6507   001096  6F8E               	movwf	vfpfcnvrt@done& (0+255),b
  6508                           
  6509                           ;C:\Program Files\Microchip\xc8\v2.40\pic\sources\c99\common\doprnt.c: 1028:         whi
      +                          le (!done) {
  6510   001098  EF79  F008         	goto	l6136
  6511   00109C                     l6126:
  6512                           
  6513                           ; BSR set to: 0
  6514                           ;C:\Program Files\Microchip\xc8\v2.40\pic\sources\c99\common\doprnt.c: 1038:            
      +                                   flags |= (1 << 1);
  6515   00109C  823C               	bsf	_flags^0,1,c
  6516   00109E                     
  6517                           ; BSR set to: 0
  6518                           ;C:\Program Files\Microchip\xc8\v2.40\pic\sources\c99\common\doprnt.c: 1039:            
      +                                   ++*fmt;
  6519   00109E  C085  FFD9         	movff	vfpfcnvrt@fmt,fsr2l
  6520   0010A2  C086  FFDA         	movff	vfpfcnvrt@fmt+1,fsr2h
  6521   0010A6  2ADE               	incf	postinc2,f,c
  6522   0010A8  0E00               	movlw	0
  6523   0010AA  22DD               	addwfc	postdec2,f,c
  6524                           
  6525                           ;C:\Program Files\Microchip\xc8\v2.40\pic\sources\c99\common\doprnt.c: 1040:            
      +                                   break;
  6526   0010AC  EF79  F008         	goto	l6136
  6527   0010B0                     l6130:
  6528                           
  6529                           ; BSR set to: 0
  6530                           ;C:\Program Files\Microchip\xc8\v2.40\pic\sources\c99\common\doprnt.c: 1061:            
      +                                   done = 1;
  6531   0010B0  0E00               	movlw	0
  6532   0010B2  6F8F               	movwf	(vfpfcnvrt@done+1)& (0+255),b
  6533   0010B4  0E01               	movlw	1
  6534   0010B6  6F8E               	movwf	vfpfcnvrt@done& (0+255),b
  6535                           
  6536                           ;C:\Program Files\Microchip\xc8\v2.40\pic\sources\c99\common\doprnt.c: 1062:            
      +                                   break;
  6537   0010B8  EF79  F008         	goto	l6136
  6538   0010BC                     l6134:
  6539                           
  6540                           ; BSR set to: 0
  6541   0010BC  C085  FFD9         	movff	vfpfcnvrt@fmt,fsr2l
  6542   0010C0  C086  FFDA         	movff	vfpfcnvrt@fmt+1,fsr2h
  6543   0010C4  CFDE FFF6          	movff	postinc2,tblptrl
  6544   0010C8  CFDD FFF7          	movff	postdec2,tblptrh
  6545   0010CC                     	if	1	;Program memory is < 0x10000, tblptru is always zero
  6546   0010CC  6AF8               	clrf	tblptru,c
  6547   0010CE                     	endif
  6548   0010CE                     	if	0	;tblptru may be non-zero
  6549   0010CE                     	endif
  6550   0010CE  0008               	tblrd		*
  6551   0010D0  50F5               	movf	tablat,w,c
  6552   0010D2  6F89               	movwf	??_vfpfcnvrt& (0+255),b
  6553   0010D4  6B8A               	clrf	(??_vfpfcnvrt+1)& (0+255),b
  6554                           
  6555                           ; Switch on 2 bytes has been partitioned into a top level switch of size 1, and 1 sub-sw
      +                          itches
  6556                           ; Switch size 1, requested type "simple"
  6557                           ; Number of cases is 1, Range of values is 0 to 0
  6558                           ; switch strategies available:
  6559                           ; Name         Instructions Cycles
  6560                           ; simple_byte            4     3 (average)
  6561                           ;	Chosen strategy is simple_byte
  6562   0010D6  518A               	movf	(??_vfpfcnvrt+1)& (0+255),w,b
  6563   0010D8  0A00               	xorlw	0	; case 0
  6564   0010DA  B4D8               	btfsc	status,2,c
  6565   0010DC  EF72  F008         	goto	l7312
  6566   0010E0  EF58  F008         	goto	l6130
  6567   0010E4                     l7312:
  6568                           
  6569                           ; BSR set to: 0
  6570                           ; Switch size 1, requested type "simple"
  6571                           ; Number of cases is 1, Range of values is 48 to 48
  6572                           ; switch strategies available:
  6573                           ; Name         Instructions Cycles
  6574                           ; simple_byte            4     3 (average)
  6575                           ;	Chosen strategy is simple_byte
  6576   0010E4  5189               	movf	??_vfpfcnvrt& (0+255),w,b
  6577   0010E6  0A30               	xorlw	48	; case 48
  6578   0010E8  B4D8               	btfsc	status,2,c
  6579   0010EA  EF4E  F008         	goto	l6126
  6580   0010EE  EF58  F008         	goto	l6130
  6581   0010F2                     l6136:
  6582                           
  6583                           ; BSR set to: 0
  6584                           ;C:\Program Files\Microchip\xc8\v2.40\pic\sources\c99\common\doprnt.c: 1028:         whi
      +                          le (!done) {
  6585   0010F2  518E               	movf	vfpfcnvrt@done& (0+255),w,b
  6586   0010F4  118F               	iorwf	(vfpfcnvrt@done+1)& (0+255),w,b
  6587   0010F6  B4D8               	btfsc	status,2,c
  6588   0010F8  EF80  F008         	goto	u5351
  6589   0010FC  EF82  F008         	goto	u5350
  6590   001100                     u5351:
  6591   001100  EF5E  F008         	goto	l6134
  6592   001104                     u5350:
  6593   001104                     
  6594                           ; BSR set to: 0
  6595                           ;C:\Program Files\Microchip\xc8\v2.40\pic\sources\c99\common\doprnt.c: 1091:         if 
      +                          ((*fmt)[0] == '.') {
  6596   001104  C085  FFD9         	movff	vfpfcnvrt@fmt,fsr2l
  6597   001108  C086  FFDA         	movff	vfpfcnvrt@fmt+1,fsr2h
  6598   00110C  CFDE FFF6          	movff	postinc2,tblptrl
  6599   001110  CFDD FFF7          	movff	postdec2,tblptrh
  6600   001114                     	if	1	;Program memory is < 0x10000, tblptru is always zero
  6601   001114  6AF8               	clrf	tblptru,c
  6602   001116                     	endif
  6603   001116                     	if	0	;tblptru may be non-zero
  6604   001116                     	endif
  6605   001116  0008               	tblrd		*
  6606   001118  50F5               	movf	tablat,w,c
  6607   00111A  0A2E               	xorlw	46
  6608   00111C  A4D8               	btfss	status,2,c
  6609   00111E  EF93  F008         	goto	u5361
  6610   001122  EF95  F008         	goto	u5360
  6611   001126                     u5361:
  6612   001126  EF05  F009         	goto	l6156
  6613   00112A                     u5360:
  6614   00112A                     
  6615                           ; BSR set to: 0
  6616                           ;C:\Program Files\Microchip\xc8\v2.40\pic\sources\c99\common\doprnt.c: 1092:            
      +                           prec = 0;
  6617   00112A  0E00               	movlw	0
  6618   00112C  6E37               	movwf	(_prec+1)^0,c
  6619   00112E  0E00               	movlw	0
  6620   001130  6E36               	movwf	_prec^0,c
  6621   001132                     
  6622                           ; BSR set to: 0
  6623                           ;C:\Program Files\Microchip\xc8\v2.40\pic\sources\c99\common\doprnt.c: 1093:            
      +                           ++*fmt;
  6624   001132  C085  FFD9         	movff	vfpfcnvrt@fmt,fsr2l
  6625   001136  C086  FFDA         	movff	vfpfcnvrt@fmt+1,fsr2h
  6626   00113A  2ADE               	incf	postinc2,f,c
  6627   00113C  0E00               	movlw	0
  6628   00113E  22DD               	addwfc	postdec2,f,c
  6629   001140                     
  6630                           ; BSR set to: 0
  6631                           ;C:\Program Files\Microchip\xc8\v2.40\pic\sources\c99\common\doprnt.c: 1094:            
      +                           if ((*fmt)[0] == '*') {
  6632   001140  C085  FFD9         	movff	vfpfcnvrt@fmt,fsr2l
  6633   001144  C086  FFDA         	movff	vfpfcnvrt@fmt+1,fsr2h
  6634   001148  CFDE FFF6          	movff	postinc2,tblptrl
  6635   00114C  CFDD FFF7          	movff	postdec2,tblptrh
  6636   001150                     	if	1	;Program memory is < 0x10000, tblptru is always zero
  6637   001150  6AF8               	clrf	tblptru,c
  6638   001152                     	endif
  6639   001152                     	if	0	;tblptru may be non-zero
  6640   001152                     	endif
  6641   001152  0008               	tblrd		*
  6642   001154  50F5               	movf	tablat,w,c
  6643   001156  0A2A               	xorlw	42
  6644   001158  A4D8               	btfss	status,2,c
  6645   00115A  EFB1  F008         	goto	u5371
  6646   00115E  EFB3  F008         	goto	u5370
  6647   001162                     u5371:
  6648   001162  EFD0  F008         	goto	l6148
  6649   001166                     u5370:
  6650   001166                     
  6651                           ; BSR set to: 0
  6652                           ;C:\Program Files\Microchip\xc8\v2.40\pic\sources\c99\common\doprnt.c: 1095:            
      +                               ++*fmt;
  6653   001166  C085  FFD9         	movff	vfpfcnvrt@fmt,fsr2l
  6654   00116A  C086  FFDA         	movff	vfpfcnvrt@fmt+1,fsr2h
  6655   00116E  2ADE               	incf	postinc2,f,c
  6656   001170  0E00               	movlw	0
  6657   001172  22DD               	addwfc	postdec2,f,c
  6658                           
  6659                           ;C:\Program Files\Microchip\xc8\v2.40\pic\sources\c99\common\doprnt.c: 1096:            
      +                               prec = (*(int *)__va_arg(*(int **)ap, (int)0));
  6660   001174  C087  FFD9         	movff	vfpfcnvrt@ap,fsr2l
  6661   001178  C088  FFDA         	movff	vfpfcnvrt@ap+1,fsr2h
  6662   00117C  CFDF F089          	movff	indf2,??_vfpfcnvrt
  6663   001180  0E02               	movlw	2
  6664   001182  26DE               	addwf	postinc2,f,c
  6665   001184  CFDF F08A          	movff	indf2,??_vfpfcnvrt+1
  6666   001188  0E00               	movlw	0
  6667   00118A  22DD               	addwfc	postdec2,f,c
  6668   00118C  C089  FFD9         	movff	??_vfpfcnvrt,fsr2l
  6669   001190  C08A  FFDA         	movff	??_vfpfcnvrt+1,fsr2h
  6670   001194  CFDE F036          	movff	postinc2,_prec
  6671   001198  CFDD F037          	movff	postdec2,_prec+1
  6672                           
  6673                           ;C:\Program Files\Microchip\xc8\v2.40\pic\sources\c99\common\doprnt.c: 1097:            
      +                           } else {
  6674   00119C  EF05  F009         	goto	l6156
  6675   0011A0                     l6148:
  6676                           
  6677                           ; BSR set to: 0
  6678                           ;C:\Program Files\Microchip\xc8\v2.40\pic\sources\c99\common\doprnt.c: 1098:            
      +                               prec = atoi(*fmt);
  6679   0011A0  C085  FFD9         	movff	vfpfcnvrt@fmt,fsr2l
  6680   0011A4  C086  FFDA         	movff	vfpfcnvrt@fmt+1,fsr2h
  6681   0011A8  CFDE F01C          	movff	postinc2,atoi@s
  6682   0011AC  CFDD F01D          	movff	postdec2,atoi@s+1
  6683   0011B0  EC56  F012         	call	_atoi	;wreg free
  6684   0011B4  C01C  F036         	movff	?_atoi,_prec
  6685   0011B8  C01D  F037         	movff	?_atoi+1,_prec+1
  6686                           
  6687                           ;C:\Program Files\Microchip\xc8\v2.40\pic\sources\c99\common\doprnt.c: 1099:            
      +                               while ((0 && isdigit((*fmt)[0]), ((unsigned)((*fmt)[0])-'0') < 10)) {
  6688   0011BC  EFE7  F008         	goto	l6154
  6689   0011C0                     l6150:
  6690                           
  6691                           ; BSR set to: 0
  6692                           ;C:\Program Files\Microchip\xc8\v2.40\pic\sources\c99\common\doprnt.c: 1100:            
      +                                   ++*fmt;
  6693   0011C0  C085  FFD9         	movff	vfpfcnvrt@fmt,fsr2l
  6694   0011C4  C086  FFDA         	movff	vfpfcnvrt@fmt+1,fsr2h
  6695   0011C8  2ADE               	incf	postinc2,f,c
  6696   0011CA  0E00               	movlw	0
  6697   0011CC  22DD               	addwfc	postdec2,f,c
  6698   0011CE                     l6154:
  6699   0011CE  C085  FFD9         	movff	vfpfcnvrt@fmt,fsr2l
  6700   0011D2  C086  FFDA         	movff	vfpfcnvrt@fmt+1,fsr2h
  6701   0011D6  CFDE FFF6          	movff	postinc2,tblptrl
  6702   0011DA  CFDD FFF7          	movff	postdec2,tblptrh
  6703   0011DE                     	if	1	;Program memory is < 0x10000, tblptru is always zero
  6704   0011DE  6AF8               	clrf	tblptru,c
  6705   0011E0                     	endif
  6706   0011E0                     	if	0	;tblptru may be non-zero
  6707   0011E0                     	endif
  6708   0011E0  0008               	tblrd		*
  6709   0011E2  CFF5 F089          	movff	tablat,??_vfpfcnvrt
  6710   0011E6  0ED0               	movlw	208
  6711   0011E8  0100               	movlb	0	; () banked
  6712   0011EA  2589               	addwf	??_vfpfcnvrt& (0+255),w,b
  6713   0011EC  6F8A               	movwf	(??_vfpfcnvrt+1)& (0+255),b
  6714   0011EE  6B8B               	clrf	(??_vfpfcnvrt+2)& (0+255),b
  6715   0011F0  0EFF               	movlw	255
  6716   0011F2  238B               	addwfc	(??_vfpfcnvrt+2)& (0+255),f,b
  6717   0011F4  518B               	movf	(??_vfpfcnvrt+2)& (0+255),w,b
  6718   0011F6  E109               	bnz	u5380
  6719   0011F8  0E0A               	movlw	10
  6720   0011FA  5D8A               	subwf	(??_vfpfcnvrt+1)& (0+255),w,b
  6721   0011FC  A0D8               	btfss	status,0,c
  6722   0011FE  EF03  F009         	goto	u5381
  6723   001202  EF05  F009         	goto	u5380
  6724   001206                     u5381:
  6725   001206  EFE0  F008         	goto	l6150
  6726   00120A                     u5380:
  6727   00120A                     l6156:
  6728                           
  6729                           ; BSR set to: 0
  6730                           ;C:\Program Files\Microchip\xc8\v2.40\pic\sources\c99\common\doprnt.c: 1108:         if 
      +                          (*fmt[0] == 'c') {
  6731   00120A  C085  FFD9         	movff	vfpfcnvrt@fmt,fsr2l
  6732   00120E  C086  FFDA         	movff	vfpfcnvrt@fmt+1,fsr2h
  6733   001212  CFDE FFF6          	movff	postinc2,tblptrl
  6734   001216  CFDD FFF7          	movff	postdec2,tblptrh
  6735   00121A                     	if	1	;Program memory is < 0x10000, tblptru is always zero
  6736   00121A  6AF8               	clrf	tblptru,c
  6737   00121C                     	endif
  6738   00121C                     	if	0	;tblptru may be non-zero
  6739   00121C                     	endif
  6740   00121C  0008               	tblrd		*
  6741   00121E  50F5               	movf	tablat,w,c
  6742   001220  0A63               	xorlw	99
  6743   001222  A4D8               	btfss	status,2,c
  6744   001224  EF16  F009         	goto	u5391
  6745   001228  EF18  F009         	goto	u5390
  6746   00122C                     u5391:
  6747   00122C  EF3B  F009         	goto	l6164
  6748   001230                     u5390:
  6749   001230                     
  6750                           ; BSR set to: 0
  6751                           ;C:\Program Files\Microchip\xc8\v2.40\pic\sources\c99\common\doprnt.c: 1109:            
      +                           ++*fmt;
  6752   001230  C085  FFD9         	movff	vfpfcnvrt@fmt,fsr2l
  6753   001234  C086  FFDA         	movff	vfpfcnvrt@fmt+1,fsr2h
  6754   001238  2ADE               	incf	postinc2,f,c
  6755   00123A  0E00               	movlw	0
  6756   00123C  22DD               	addwfc	postdec2,f,c
  6757                           
  6758                           ;C:\Program Files\Microchip\xc8\v2.40\pic\sources\c99\common\doprnt.c: 1110:            
      +                           c = (unsigned char)(*(int *)__va_arg(*(int **)ap, (int)0));
  6759   00123E  C087  FFD9         	movff	vfpfcnvrt@ap,fsr2l
  6760   001242  C088  FFDA         	movff	vfpfcnvrt@ap+1,fsr2h
  6761   001246  CFDF F089          	movff	indf2,??_vfpfcnvrt
  6762   00124A  0E02               	movlw	2
  6763   00124C  26DE               	addwf	postinc2,f,c
  6764   00124E  CFDF F08A          	movff	indf2,??_vfpfcnvrt+1
  6765   001252  0E00               	movlw	0
  6766   001254  22DD               	addwfc	postdec2,f,c
  6767   001256  C089  FFD9         	movff	??_vfpfcnvrt,fsr2l
  6768   00125A  C08A  FFDA         	movff	??_vfpfcnvrt+1,fsr2h
  6769   00125E  50DF               	movf	indf2,w,c
  6770   001260  6F8D               	movwf	vfpfcnvrt@c& (0+255),b
  6771   001262                     
  6772                           ; BSR set to: 0
  6773                           ;C:\Program Files\Microchip\xc8\v2.40\pic\sources\c99\common\doprnt.c: 1111:            
      +                           return (void) ctoa(fp, c);;	Return value of _vfpfcnvrt is never used
  6774   001262  C083  F021         	movff	vfpfcnvrt@fp,ctoa@fp
  6775   001266  C084  F022         	movff	vfpfcnvrt@fp+1,ctoa@fp+1
  6776   00126A  C08D  F023         	movff	vfpfcnvrt@c,ctoa@c
  6777   00126E  EC77  F017         	call	_ctoa	;wreg free
  6778   001272  EF9F  F00A         	goto	l1757
  6779   001276                     l6164:
  6780                           
  6781                           ; BSR set to: 0
  6782                           ;C:\Program Files\Microchip\xc8\v2.40\pic\sources\c99\common\doprnt.c: 1117:   cp = *fmt
      +                          ;
  6783   001276  C085  FFD9         	movff	vfpfcnvrt@fmt,fsr2l
  6784   00127A  C086  FFDA         	movff	vfpfcnvrt@fmt+1,fsr2h
  6785   00127E  CFDE F09A          	movff	postinc2,vfpfcnvrt@cp
  6786   001282  CFDD F09B          	movff	postdec2,vfpfcnvrt@cp+1
  6787   001286                     
  6788                           ; BSR set to: 0
  6789                           ;C:\Program Files\Microchip\xc8\v2.40\pic\sources\c99\common\doprnt.c: 1187:   if (*cp =
      +                          = 'd' || *cp == 'i') {
  6790   001286  C09A  FFF6         	movff	vfpfcnvrt@cp,tblptrl
  6791   00128A  C09B  FFF7         	movff	vfpfcnvrt@cp+1,tblptrh
  6792   00128E                     	if	1	;Program memory is < 0x10000, tblptru is always zero
  6793   00128E  6AF8               	clrf	tblptru,c
  6794   001290                     	endif
  6795   001290                     	if	0	;tblptru may be non-zero
  6796   001290                     	endif
  6797   001290  0008               	tblrd		*
  6798   001292  50F5               	movf	tablat,w,c
  6799   001294  0A64               	xorlw	100
  6800   001296  B4D8               	btfsc	status,2,c
  6801   001298  EF50  F009         	goto	u5401
  6802   00129C  EF52  F009         	goto	u5400
  6803   0012A0                     u5401:
  6804   0012A0  EF61  F009         	goto	l6170
  6805   0012A4                     u5400:
  6806   0012A4                     
  6807                           ; BSR set to: 0
  6808   0012A4  C09A  FFF6         	movff	vfpfcnvrt@cp,tblptrl
  6809   0012A8  C09B  FFF7         	movff	vfpfcnvrt@cp+1,tblptrh
  6810   0012AC                     	if	1	;Program memory is < 0x10000, tblptru is always zero
  6811   0012AC  6AF8               	clrf	tblptru,c
  6812   0012AE                     	endif
  6813   0012AE                     	if	0	;tblptru may be non-zero
  6814   0012AE                     	endif
  6815   0012AE  0008               	tblrd		*
  6816   0012B0  50F5               	movf	tablat,w,c
  6817   0012B2  0A69               	xorlw	105
  6818   0012B4  A4D8               	btfss	status,2,c
  6819   0012B6  EF5F  F009         	goto	u5411
  6820   0012BA  EF61  F009         	goto	u5410
  6821   0012BE                     u5411:
  6822   0012BE  EFA4  F009         	goto	l6176
  6823   0012C2                     u5410:
  6824   0012C2                     l6170:
  6825                           
  6826                           ; BSR set to: 0
  6827                           ;C:\Program Files\Microchip\xc8\v2.40\pic\sources\c99\common\doprnt.c: 1230:    convarg.
      +                          ll = (long long)(int)(*(int *)__va_arg(*(int **)ap, (int)0));
  6828   0012C2  C087  FFD9         	movff	vfpfcnvrt@ap,fsr2l
  6829   0012C6  C088  FFDA         	movff	vfpfcnvrt@ap+1,fsr2h
  6830   0012CA  CFDF F089          	movff	indf2,??_vfpfcnvrt
  6831   0012CE  0E02               	movlw	2
  6832   0012D0  26DE               	addwf	postinc2,f,c
  6833   0012D2  CFDF F08A          	movff	indf2,??_vfpfcnvrt+1
  6834   0012D6  0E00               	movlw	0
  6835   0012D8  22DD               	addwfc	postdec2,f,c
  6836   0012DA  C089  FFD9         	movff	??_vfpfcnvrt,fsr2l
  6837   0012DE  C08A  FFDA         	movff	??_vfpfcnvrt+1,fsr2h
  6838   0012E2  CFDE F092          	movff	postinc2,vfpfcnvrt@convarg
  6839   0012E6  CFDD F093          	movff	postdec2,vfpfcnvrt@convarg+1
  6840   0012EA  0E00               	movlw	0
  6841   0012EC  BF93               	btfsc	(vfpfcnvrt@convarg+1)& (0+255),7,b
  6842   0012EE  0EFF               	movlw	-1
  6843   0012F0  6F94               	movwf	(vfpfcnvrt@convarg+2)& (0+255),b
  6844   0012F2  6F95               	movwf	(vfpfcnvrt@convarg+3)& (0+255),b
  6845   0012F4  6F96               	movwf	(vfpfcnvrt@convarg+4)& (0+255),b
  6846   0012F6  6F97               	movwf	(vfpfcnvrt@convarg+5)& (0+255),b
  6847   0012F8  6F98               	movwf	(vfpfcnvrt@convarg+6)& (0+255),b
  6848   0012FA  6F99               	movwf	(vfpfcnvrt@convarg+7)& (0+255),b
  6849                           
  6850                           ;C:\Program Files\Microchip\xc8\v2.40\pic\sources\c99\common\doprnt.c: 1232:    *fmt = c
      +                          p+1;
  6851   0012FC  0E01               	movlw	1
  6852   0012FE  259A               	addwf	vfpfcnvrt@cp& (0+255),w,b
  6853   001300  6F89               	movwf	??_vfpfcnvrt& (0+255),b
  6854   001302  0E00               	movlw	0
  6855   001304  219B               	addwfc	(vfpfcnvrt@cp+1)& (0+255),w,b
  6856   001306  6F8A               	movwf	(??_vfpfcnvrt+1)& (0+255),b
  6857   001308  C085  FFD9         	movff	vfpfcnvrt@fmt,fsr2l
  6858   00130C  C086  FFDA         	movff	vfpfcnvrt@fmt+1,fsr2h
  6859   001310  C089  FFDE         	movff	??_vfpfcnvrt,postinc2
  6860   001314  C08A  FFDD         	movff	??_vfpfcnvrt+1,postdec2
  6861   001318                     
  6862                           ; BSR set to: 0
  6863                           ;C:\Program Files\Microchip\xc8\v2.40\pic\sources\c99\common\doprnt.c: 1233:    return (
      +                          void) dtoa(fp, convarg.ll);;	Return value of _vfpfcnvrt is never used
  6864   001318  C083  F060         	movff	vfpfcnvrt@fp,dtoa@fp
  6865   00131C  C084  F061         	movff	vfpfcnvrt@fp+1,dtoa@fp+1
  6866   001320  C092  F062         	movff	vfpfcnvrt@convarg,dtoa@d
  6867   001324  C093  F063         	movff	vfpfcnvrt@convarg+1,dtoa@d+1
  6868   001328  C094  F064         	movff	vfpfcnvrt@convarg+2,dtoa@d+2
  6869   00132C  C095  F065         	movff	vfpfcnvrt@convarg+3,dtoa@d+3
  6870   001330  C096  F066         	movff	vfpfcnvrt@convarg+4,dtoa@d+4
  6871   001334  C097  F067         	movff	vfpfcnvrt@convarg+5,dtoa@d+5
  6872   001338  C098  F068         	movff	vfpfcnvrt@convarg+6,dtoa@d+6
  6873   00133C  C099  F069         	movff	vfpfcnvrt@convarg+7,dtoa@d+7
  6874   001340  EC9A  F00E         	call	_dtoa	;wreg free
  6875   001344  EF9F  F00A         	goto	l1757
  6876   001348                     l6176:
  6877                           
  6878                           ; BSR set to: 0
  6879   001348  C09A  FFF6         	movff	vfpfcnvrt@cp,tblptrl
  6880   00134C  C09B  FFF7         	movff	vfpfcnvrt@cp+1,tblptrh
  6881   001350                     	if	1	;Program memory is < 0x10000, tblptru is always zero
  6882   001350  6AF8               	clrf	tblptru,c
  6883   001352                     	endif
  6884   001352                     	if	0	;tblptru may be non-zero
  6885   001352                     	endif
  6886   001352  0008               	tblrd		*
  6887   001354  50F5               	movf	tablat,w,c
  6888   001356  0A58               	xorlw	88
  6889   001358  A4D8               	btfss	status,2,c
  6890   00135A  EFB1  F009         	goto	u5421
  6891   00135E  EFB3  F009         	goto	u5420
  6892   001362                     u5421:
  6893   001362  EF10  F00A         	goto	l6188
  6894   001366                     u5420:
  6895   001366                     
  6896                           ; BSR set to: 0
  6897                           ;C:\Program Files\Microchip\xc8\v2.40\pic\sources\c99\common\doprnt.c: 1252:     ) {;C:\
      +                          Program Files\Microchip\xc8\v2.40\pic\sources\c99\common\doprnt.c: 1295:    convarg.llu 
      +                          = (unsigned long long)(unsigned int)(*(unsigned int *)__va_arg(*(unsigned int **)ap, (un
      +                          signed int)0));
  6898   001366  C087  FFD9         	movff	vfpfcnvrt@ap,fsr2l
  6899   00136A  C088  FFDA         	movff	vfpfcnvrt@ap+1,fsr2h
  6900   00136E  CFDF F089          	movff	indf2,??_vfpfcnvrt
  6901   001372  0E02               	movlw	2
  6902   001374  26DE               	addwf	postinc2,f,c
  6903   001376  CFDF F08A          	movff	indf2,??_vfpfcnvrt+1
  6904   00137A  0E00               	movlw	0
  6905   00137C  22DD               	addwfc	postdec2,f,c
  6906   00137E  C089  FFD9         	movff	??_vfpfcnvrt,fsr2l
  6907   001382  C08A  FFDA         	movff	??_vfpfcnvrt+1,fsr2h
  6908   001386  CFDE F08B          	movff	postinc2,??_vfpfcnvrt+2
  6909   00138A  CFDD F08C          	movff	postdec2,??_vfpfcnvrt+3
  6910   00138E  C08B  F092         	movff	??_vfpfcnvrt+2,vfpfcnvrt@convarg
  6911   001392  C08C  F093         	movff	??_vfpfcnvrt+3,vfpfcnvrt@convarg+1
  6912   001396  6B94               	clrf	(vfpfcnvrt@convarg+2)& (0+255),b
  6913   001398  6B95               	clrf	(vfpfcnvrt@convarg+3)& (0+255),b
  6914   00139A  6B96               	clrf	(vfpfcnvrt@convarg+4)& (0+255),b
  6915   00139C  6B97               	clrf	(vfpfcnvrt@convarg+5)& (0+255),b
  6916   00139E  6B98               	clrf	(vfpfcnvrt@convarg+6)& (0+255),b
  6917   0013A0  6B99               	clrf	(vfpfcnvrt@convarg+7)& (0+255),b
  6918                           
  6919                           ;C:\Program Files\Microchip\xc8\v2.40\pic\sources\c99\common\doprnt.c: 1297:    *fmt = c
      +                          p+1;
  6920   0013A2  0E01               	movlw	1
  6921   0013A4  259A               	addwf	vfpfcnvrt@cp& (0+255),w,b
  6922   0013A6  6F89               	movwf	??_vfpfcnvrt& (0+255),b
  6923   0013A8  0E00               	movlw	0
  6924   0013AA  219B               	addwfc	(vfpfcnvrt@cp+1)& (0+255),w,b
  6925   0013AC  6F8A               	movwf	(??_vfpfcnvrt+1)& (0+255),b
  6926   0013AE  C085  FFD9         	movff	vfpfcnvrt@fmt,fsr2l
  6927   0013B2  C086  FFDA         	movff	vfpfcnvrt@fmt+1,fsr2h
  6928   0013B6  C089  FFDE         	movff	??_vfpfcnvrt,postinc2
  6929   0013BA  C08A  FFDD         	movff	??_vfpfcnvrt+1,postdec2
  6930                           
  6931                           ;C:\Program Files\Microchip\xc8\v2.40\pic\sources\c99\common\doprnt.c: 1298:    switch (
      +                          *cp) {
  6932   0013BE  EFF9  F009         	goto	l6186
  6933   0013C2                     l6180:
  6934                           
  6935                           ; BSR set to: 0
  6936                           ;C:\Program Files\Microchip\xc8\v2.40\pic\sources\c99\common\doprnt.c: 1314:      return
      +                           (void) xtoa(fp,convarg.llu);;	Return value of _vfpfcnvrt is never used
  6937   0013C2  C083  F060         	movff	vfpfcnvrt@fp,xtoa@fp
  6938   0013C6  C084  F061         	movff	vfpfcnvrt@fp+1,xtoa@fp+1
  6939   0013CA  C092  F062         	movff	vfpfcnvrt@convarg,xtoa@d
  6940   0013CE  C093  F063         	movff	vfpfcnvrt@convarg+1,xtoa@d+1
  6941   0013D2  C094  F064         	movff	vfpfcnvrt@convarg+2,xtoa@d+2
  6942   0013D6  C095  F065         	movff	vfpfcnvrt@convarg+3,xtoa@d+3
  6943   0013DA  C096  F066         	movff	vfpfcnvrt@convarg+4,xtoa@d+4
  6944   0013DE  C097  F067         	movff	vfpfcnvrt@convarg+5,xtoa@d+5
  6945   0013E2  C098  F068         	movff	vfpfcnvrt@convarg+6,xtoa@d+6
  6946   0013E6  C099  F069         	movff	vfpfcnvrt@convarg+7,xtoa@d+7
  6947   0013EA  ECF7  F00F         	call	_xtoa	;wreg free
  6948   0013EE  EF9F  F00A         	goto	l1757
  6949   0013F2                     l6186:
  6950                           
  6951                           ; BSR set to: 0
  6952   0013F2  C09A  FFF6         	movff	vfpfcnvrt@cp,tblptrl
  6953   0013F6  C09B  FFF7         	movff	vfpfcnvrt@cp+1,tblptrh
  6954   0013FA                     	if	1	;Program memory is < 0x10000, tblptru is always zero
  6955   0013FA  6AF8               	clrf	tblptru,c
  6956   0013FC                     	endif
  6957   0013FC                     	if	0	;tblptru may be non-zero
  6958   0013FC                     	endif
  6959   0013FC  0008               	tblrd		*
  6960   0013FE  50F5               	movf	tablat,w,c
  6961   001400  6F89               	movwf	??_vfpfcnvrt& (0+255),b
  6962   001402  6B8A               	clrf	(??_vfpfcnvrt+1)& (0+255),b
  6963                           
  6964                           ; Switch on 2 bytes has been partitioned into a top level switch of size 1, and 1 sub-sw
      +                          itches
  6965                           ; Switch size 1, requested type "simple"
  6966                           ; Number of cases is 1, Range of values is 0 to 0
  6967                           ; switch strategies available:
  6968                           ; Name         Instructions Cycles
  6969                           ; simple_byte            4     3 (average)
  6970                           ;	Chosen strategy is simple_byte
  6971   001404  518A               	movf	(??_vfpfcnvrt+1)& (0+255),w,b
  6972   001406  0A00               	xorlw	0	; case 0
  6973   001408  B4D8               	btfsc	status,2,c
  6974   00140A  EF09  F00A         	goto	l7314
  6975   00140E  EF10  F00A         	goto	l6188
  6976   001412                     l7314:
  6977                           
  6978                           ; BSR set to: 0
  6979                           ; Switch size 1, requested type "simple"
  6980                           ; Number of cases is 1, Range of values is 88 to 88
  6981                           ; switch strategies available:
  6982                           ; Name         Instructions Cycles
  6983                           ; simple_byte            4     3 (average)
  6984                           ;	Chosen strategy is simple_byte
  6985   001412  5189               	movf	??_vfpfcnvrt& (0+255),w,b
  6986   001414  0A58               	xorlw	88	; case 88
  6987   001416  B4D8               	btfsc	status,2,c
  6988   001418  EFE1  F009         	goto	l6180
  6989   00141C  EF10  F00A         	goto	l6188
  6990   001420                     l6188:
  6991                           
  6992                           ; BSR set to: 0
  6993                           ;C:\Program Files\Microchip\xc8\v2.40\pic\sources\c99\common\doprnt.c: 1383:         if 
      +                          (*fmt[0] == 's' || !strncmp(*fmt, "lls", ((sizeof("lls")/sizeof("lls"[0]))-1))) {
  6994   001420  C085  FFD9         	movff	vfpfcnvrt@fmt,fsr2l
  6995   001424  C086  FFDA         	movff	vfpfcnvrt@fmt+1,fsr2h
  6996   001428  CFDE FFF6          	movff	postinc2,tblptrl
  6997   00142C  CFDD FFF7          	movff	postdec2,tblptrh
  6998   001430                     	if	1	;Program memory is < 0x10000, tblptru is always zero
  6999   001430  6AF8               	clrf	tblptru,c
  7000   001432                     	endif
  7001   001432                     	if	0	;tblptru may be non-zero
  7002   001432                     	endif
  7003   001432  0008               	tblrd		*
  7004   001434  50F5               	movf	tablat,w,c
  7005   001436  0A73               	xorlw	115
  7006   001438  B4D8               	btfsc	status,2,c
  7007   00143A  EF21  F00A         	goto	u5431
  7008   00143E  EF23  F00A         	goto	u5430
  7009   001442                     u5431:
  7010   001442  EF3E  F00A         	goto	l6192
  7011   001446                     u5430:
  7012   001446                     
  7013                           ; BSR set to: 0
  7014   001446  C085  FFD9         	movff	vfpfcnvrt@fmt,fsr2l
  7015   00144A  C086  FFDA         	movff	vfpfcnvrt@fmt+1,fsr2h
  7016   00144E  CFDE F016          	movff	postinc2,strncmp@_l
  7017   001452  CFDD F017          	movff	postdec2,strncmp@_l+1
  7018   001456  0E37               	movlw	low STR_15
  7019   001458  6E18               	movwf	strncmp@_r^0,c
  7020   00145A  0E10               	movlw	high STR_15
  7021   00145C  6E19               	movwf	(strncmp@_r+1)^0,c
  7022   00145E  0E00               	movlw	0
  7023   001460  6E1B               	movwf	(strncmp@n+1)^0,c
  7024   001462  0E03               	movlw	3
  7025   001464  6E1A               	movwf	strncmp@n^0,c
  7026   001466  ECA2  F013         	call	_strncmp	;wreg free
  7027   00146A  5016               	movf	?_strncmp^0,w,c
  7028   00146C  1017               	iorwf	(?_strncmp+1)^0,w,c
  7029   00146E  A4D8               	btfss	status,2,c
  7030   001470  EF3C  F00A         	goto	u5441
  7031   001474  EF3E  F00A         	goto	u5440
  7032   001478                     u5441:
  7033   001478  EF81  F00A         	goto	l6204
  7034   00147C                     u5440:
  7035   00147C                     l6192:
  7036                           
  7037                           ;C:\Program Files\Microchip\xc8\v2.40\pic\sources\c99\common\doprnt.c: 1385:    *fmt += 
      +                          *fmt[0] == 's' ? 1 : ((sizeof("lls")/sizeof("lls"[0]))-1);
  7038   00147C  C085  FFD9         	movff	vfpfcnvrt@fmt,fsr2l
  7039   001480  C086  FFDA         	movff	vfpfcnvrt@fmt+1,fsr2h
  7040   001484  CFDE FFF6          	movff	postinc2,tblptrl
  7041   001488  CFDD FFF7          	movff	postdec2,tblptrh
  7042   00148C                     	if	1	;Program memory is < 0x10000, tblptru is always zero
  7043   00148C  6AF8               	clrf	tblptru,c
  7044   00148E                     	endif
  7045   00148E                     	if	0	;tblptru may be non-zero
  7046   00148E                     	endif
  7047   00148E  0008               	tblrd		*
  7048   001490  50F5               	movf	tablat,w,c
  7049   001492  0A73               	xorlw	115
  7050   001494  B4D8               	btfsc	status,2,c
  7051   001496  EF4F  F00A         	goto	u5451
  7052   00149A  EF51  F00A         	goto	u5450
  7053   00149E                     u5451:
  7054   00149E  EF58  F00A         	goto	l6196
  7055   0014A2                     u5450:
  7056   0014A2  0E00               	movlw	0
  7057   0014A4  0100               	movlb	0	; () banked
  7058   0014A6  6F91               	movwf	(_vfpfcnvrt$2934+1)& (0+255),b
  7059   0014A8  0E03               	movlw	3
  7060   0014AA  6F90               	movwf	_vfpfcnvrt$2934& (0+255),b
  7061   0014AC  EF5D  F00A         	goto	l6198
  7062   0014B0                     l6196:
  7063   0014B0  0E00               	movlw	0
  7064   0014B2  0100               	movlb	0	; () banked
  7065   0014B4  6F91               	movwf	(_vfpfcnvrt$2934+1)& (0+255),b
  7066   0014B6  0E01               	movlw	1
  7067   0014B8  6F90               	movwf	_vfpfcnvrt$2934& (0+255),b
  7068   0014BA                     l6198:
  7069                           
  7070                           ; BSR set to: 0
  7071   0014BA  C085  FFD9         	movff	vfpfcnvrt@fmt,fsr2l
  7072   0014BE  C086  FFDA         	movff	vfpfcnvrt@fmt+1,fsr2h
  7073   0014C2  5190               	movf	_vfpfcnvrt$2934& (0+255),w,b
  7074   0014C4  26DE               	addwf	postinc2,f,c
  7075   0014C6  5191               	movf	(_vfpfcnvrt$2934+1)& (0+255),w,b
  7076   0014C8  22DD               	addwfc	postdec2,f,c
  7077   0014CA                     
  7078                           ; BSR set to: 0
  7079                           ;C:\Program Files\Microchip\xc8\v2.40\pic\sources\c99\common\doprnt.c: 1386:            
      +                           return (void) stoa(fp, (*(char * *)__va_arg(*(char * **)ap, (char *)0)));;	Return value
      +                           of _vfpfcnvrt is never used
  7080   0014CA  C083  F021         	movff	vfpfcnvrt@fp,stoa@fp
  7081   0014CE  C084  F022         	movff	vfpfcnvrt@fp+1,stoa@fp+1
  7082   0014D2  C087  FFD9         	movff	vfpfcnvrt@ap,fsr2l
  7083   0014D6  C088  FFDA         	movff	vfpfcnvrt@ap+1,fsr2h
  7084   0014DA  CFDF F089          	movff	indf2,??_vfpfcnvrt
  7085   0014DE  0E02               	movlw	2
  7086   0014E0  26DE               	addwf	postinc2,f,c
  7087   0014E2  CFDF F08A          	movff	indf2,??_vfpfcnvrt+1
  7088   0014E6  0E00               	movlw	0
  7089   0014E8  22DD               	addwfc	postdec2,f,c
  7090   0014EA  C089  FFD9         	movff	??_vfpfcnvrt,fsr2l
  7091   0014EE  C08A  FFDA         	movff	??_vfpfcnvrt+1,fsr2h
  7092   0014F2  CFDE F023          	movff	postinc2,stoa@s
  7093   0014F6  CFDD F024          	movff	postdec2,stoa@s+1
  7094   0014FA  EC00  F013         	call	_stoa	;wreg free
  7095   0014FE  EF9F  F00A         	goto	l1757
  7096   001502                     l6204:
  7097                           
  7098                           ;C:\Program Files\Microchip\xc8\v2.40\pic\sources\c99\common\doprnt.c: 1509:         ++*
      +                          fmt;
  7099   001502  C085  FFD9         	movff	vfpfcnvrt@fmt,fsr2l
  7100   001506  C086  FFDA         	movff	vfpfcnvrt@fmt+1,fsr2h
  7101   00150A  2ADE               	incf	postinc2,f,c
  7102   00150C  0E00               	movlw	0
  7103   00150E  22DD               	addwfc	postdec2,f,c
  7104   001510  EF9F  F00A         	goto	l1757
  7105   001514                     l6208:
  7106                           
  7107                           ;C:\Program Files\Microchip\xc8\v2.40\pic\sources\c99\common\doprnt.c: 1514:     fputc((
      +                          int)(*fmt)[0], fp);
  7108   001514  C085  FFD9         	movff	vfpfcnvrt@fmt,fsr2l
  7109   001518  C086  FFDA         	movff	vfpfcnvrt@fmt+1,fsr2h
  7110   00151C  CFDE FFF6          	movff	postinc2,tblptrl
  7111   001520  CFDD FFF7          	movff	postdec2,tblptrh
  7112   001524                     	if	1	;Program memory is < 0x10000, tblptru is always zero
  7113   001524  6AF8               	clrf	tblptru,c
  7114   001526                     	endif
  7115   001526                     	if	0	;tblptru may be non-zero
  7116   001526                     	endif
  7117   001526  0008               	tblrd		*
  7118   001528  50F5               	movf	tablat,w,c
  7119   00152A  6E18               	movwf	fputc@c^0,c
  7120   00152C  6A19               	clrf	(fputc@c+1)^0,c
  7121   00152E  C083  F01A         	movff	vfpfcnvrt@fp,fputc@fp
  7122   001532  C084  F01B         	movff	vfpfcnvrt@fp+1,fputc@fp+1
  7123   001536  EC50  F015         	call	_fputc	;wreg free
  7124   00153A  EF81  F00A         	goto	l6204
  7125   00153E                     l1757:
  7126   00153E  0012               	return		;funcret
  7127   001540                     __end_of_vfpfcnvrt:
  7128                           	callstack 0
  7129                           
  7130 ;; *************** function _xtoa *****************
  7131 ;; Defined at:
  7132 ;;		line 934 in file "C:\Program Files\Microchip\xc8\v2.40\pic\sources\c99\common\doprnt.c"
  7133 ;; Parameters:    Size  Location     Type
  7134 ;;  fp              2    0[BANK0 ] PTR struct _IO_FILE
  7135 ;;		 -> sprintf@f(11), 
  7136 ;;  d               8    2[BANK0 ] unsigned long long 
  7137 ;; Auto vars:     Size  Location     Type
  7138 ;;  n               8   24[BANK0 ] unsigned long long 
  7139 ;;  i               2   32[BANK0 ] int 
  7140 ;;  w               2   22[BANK0 ] int 
  7141 ;;  p               2   20[BANK0 ] int 
  7142 ;;  c               1   34[BANK0 ] unsigned char 
  7143 ;; Return value:  Size  Location     Type
  7144 ;;                  1    wreg      void 
  7145 ;; Registers used:
  7146 ;;		wreg, fsr1l, fsr1h, fsr2l, fsr2h, status,2, status,0, cstack
  7147 ;; Tracked objects:
  7148 ;;		On entry : 0/0
  7149 ;;		On exit  : 0/0
  7150 ;;		Unchanged: 0/0
  7151 ;; Data sizes:     COMRAM   BANK0   BANK1   BANK2   BANK3   BANK4   BANK5   BANK6   BANK7   BANK8   BANK9  BANK10  BANK1
      +1  BANK12  BANK13  BANK14  BANK15
  7152 ;;      Params:         0      10       0       0       0       0       0       0       0       0       0       0       
      +0       0       0       0       0
  7153 ;;      Locals:         0      17       0       0       0       0       0       0       0       0       0       0       
      +0       0       0       0       0
  7154 ;;      Temps:          0       8       0       0       0       0       0       0       0       0       0       0       
      +0       0       0       0       0
  7155 ;;      Totals:         0      35       0       0       0       0       0       0       0       0       0       0       
      +0       0       0       0       0
  7156 ;;Total ram usage:       35 bytes
  7157 ;; Hardware stack levels used: 1
  7158 ;; Hardware stack levels required when called: 10
  7159 ;; This function calls:
  7160 ;;		_pad
  7161 ;; This function is called by:
  7162 ;;		_vfpfcnvrt
  7163 ;; This function uses a non-reentrant model
  7164 ;;
  7165                           
  7166                           	psect	text51
  7167   001FEE                     __ptext51:
  7168                           	callstack 0
  7169   001FEE                     _xtoa:
  7170                           	callstack 15
  7171   001FEE                     
  7172                           ;C:\Program Files\Microchip\xc8\v2.40\pic\sources\c99\common\doprnt.c: 934: static void 
      +                          xtoa(FILE *fp, unsigned long long d);C:\Program Files\Microchip\xc8\v2.40\pic\sources\c9
      +                          9\common\doprnt.c: 937: {;C:\Program Files\Microchip\xc8\v2.40\pic\sources\c99\common\do
      +                          prnt.c: 938:  char c;;C:\Program Files\Microchip\xc8\v2.40\pic\sources\c99\common\doprnt
      +                          .c: 939:     int i, p, w;;C:\Program Files\Microchip\xc8\v2.40\pic\sources\c99\common\do
      +                          prnt.c: 940:     unsigned long long n;;C:\Program Files\Microchip\xc8\v2.40\pic\sources\
      +                          c99\common\doprnt.c: 944:     if (!(prec < 0)) {
  7173   001FEE  BE37               	btfsc	(_prec+1)^0,7,c
  7174   001FF0  EFFC  F00F         	goto	u5141
  7175   001FF4  EFFE  F00F         	goto	u5140
  7176   001FF8                     u5141:
  7177   001FF8  EFFF  F00F         	goto	l6008
  7178   001FFC                     u5140:
  7179   001FFC                     
  7180                           ;C:\Program Files\Microchip\xc8\v2.40\pic\sources\c99\common\doprnt.c: 945:         flag
      +                          s &= ~(1 << 1);
  7181   001FFC  923C               	bcf	_flags^0,1,c
  7182   001FFE                     l6008:
  7183                           
  7184                           ;C:\Program Files\Microchip\xc8\v2.40\pic\sources\c99\common\doprnt.c: 948:     p = (0 <
      +                           prec) ? prec : 1;
  7185   001FFE  BE37               	btfsc	(_prec+1)^0,7,c
  7186   002000  EF0C  F010         	goto	u5150
  7187   002004  5037               	movf	(_prec+1)^0,w,c
  7188   002006  E106               	bnz	u5151
  7189   002008  0436               	decf	_prec^0,w,c
  7190   00200A  B0D8               	btfsc	status,0,c
  7191   00200C  EF0A  F010         	goto	u5151
  7192   002010  EF0C  F010         	goto	u5150
  7193   002014                     u5151:
  7194   002014  EF13  F010         	goto	l1723
  7195   002018                     u5150:
  7196   002018  0E00               	movlw	0
  7197   00201A  0100               	movlb	0	; () banked
  7198   00201C  6F75               	movwf	(xtoa@p+1)& (0+255),b
  7199   00201E  0E01               	movlw	1
  7200   002020  6F74               	movwf	xtoa@p& (0+255),b
  7201   002022  EF17  F010         	goto	l1725
  7202   002026                     l1723:
  7203   002026  C036  F074         	movff	_prec,xtoa@p
  7204   00202A  C037  F075         	movff	_prec+1,xtoa@p+1
  7205   00202E                     l1725:
  7206                           
  7207                           ;C:\Program Files\Microchip\xc8\v2.40\pic\sources\c99\common\doprnt.c: 949:     w = widt
      +                          h;
  7208   00202E  C034  F076         	movff	_width,xtoa@w
  7209   002032  C035  F077         	movff	_width+1,xtoa@w+1
  7210                           
  7211                           ;C:\Program Files\Microchip\xc8\v2.40\pic\sources\c99\common\doprnt.c: 957:     n = d;
  7212   002036  C062  F078         	movff	xtoa@d,xtoa@n
  7213   00203A  C063  F079         	movff	xtoa@d+1,xtoa@n+1
  7214   00203E  C064  F07A         	movff	xtoa@d+2,xtoa@n+2
  7215   002042  C065  F07B         	movff	xtoa@d+3,xtoa@n+3
  7216   002046  C066  F07C         	movff	xtoa@d+4,xtoa@n+4
  7217   00204A  C067  F07D         	movff	xtoa@d+5,xtoa@n+5
  7218   00204E  C068  F07E         	movff	xtoa@d+6,xtoa@n+6
  7219   002052  C069  F07F         	movff	xtoa@d+7,xtoa@n+7
  7220   002056                     
  7221                           ;C:\Program Files\Microchip\xc8\v2.40\pic\sources\c99\common\doprnt.c: 958:     i = size
      +                          of(dbuf) - 1;
  7222   002056  0E00               	movlw	0
  7223   002058  0100               	movlb	0	; () banked
  7224   00205A  6F81               	movwf	(xtoa@i+1)& (0+255),b
  7225   00205C  0E1F               	movlw	31
  7226   00205E  6F80               	movwf	xtoa@i& (0+255),b
  7227   002060                     
  7228                           ; BSR set to: 0
  7229                           ;C:\Program Files\Microchip\xc8\v2.40\pic\sources\c99\common\doprnt.c: 959:     dbuf[i] 
      +                          = '\0';
  7230   002060  0E00               	movlw	0
  7231   002062  0101               	movlb	1	; () banked
  7232   002064  6F4F               	movwf	(_dbuf+31)& (0+255),b
  7233                           
  7234                           ;C:\Program Files\Microchip\xc8\v2.40\pic\sources\c99\common\doprnt.c: 960:     while (!
      +                          (i < 2) && (n || (0 < p)
  7235   002066  EF90  F010         	goto	l6036
  7236   00206A                     l6016:
  7237                           
  7238                           ; BSR set to: 0
  7239                           ;C:\Program Files\Microchip\xc8\v2.40\pic\sources\c99\common\doprnt.c: 964:     )) {;C:\
      +                          Program Files\Microchip\xc8\v2.40\pic\sources\c99\common\doprnt.c: 965:         --i;
  7240   00206A  0780               	decf	xtoa@i& (0+255),f,b
  7241   00206C  A0D8               	btfss	status,0,c
  7242   00206E  0781               	decf	(xtoa@i+1)& (0+255),f,b
  7243   002070                     
  7244                           ; BSR set to: 0
  7245                           ;C:\Program Files\Microchip\xc8\v2.40\pic\sources\c99\common\doprnt.c: 966:         c = 
      +                          n & 0x0f;
  7246   002070  5178               	movf	xtoa@n& (0+255),w,b
  7247   002072  0B0F               	andlw	15
  7248   002074  6F82               	movwf	xtoa@c& (0+255),b
  7249   002076                     
  7250                           ; BSR set to: 0
  7251                           ;C:\Program Files\Microchip\xc8\v2.40\pic\sources\c99\common\doprnt.c: 975:         c = 
      +                          (c < 10) ? (int)'0' + c : (int)'A' + (c - 10);
  7252   002076  0E09               	movlw	9
  7253   002078  6582               	cpfsgt	xtoa@c& (0+255),b
  7254   00207A  EF41  F010         	goto	u5161
  7255   00207E  EF43  F010         	goto	u5160
  7256   002082                     u5161:
  7257   002082  EF4B  F010         	goto	l6024
  7258   002086                     u5160:
  7259   002086                     
  7260                           ; BSR set to: 0
  7261   002086  0E37               	movlw	55
  7262   002088  2582               	addwf	xtoa@c& (0+255),w,b
  7263   00208A  6F72               	movwf	_xtoa$2914& (0+255),b
  7264   00208C  6B73               	clrf	(_xtoa$2914+1)& (0+255),b
  7265   00208E  0E00               	movlw	0
  7266   002090  2373               	addwfc	(_xtoa$2914+1)& (0+255),f,b
  7267   002092  EF51  F010         	goto	l6026
  7268   002096                     l6024:
  7269                           
  7270                           ; BSR set to: 0
  7271   002096  0E30               	movlw	48
  7272   002098  2582               	addwf	xtoa@c& (0+255),w,b
  7273   00209A  6F72               	movwf	_xtoa$2914& (0+255),b
  7274   00209C  6B73               	clrf	(_xtoa$2914+1)& (0+255),b
  7275   00209E  0E00               	movlw	0
  7276   0020A0  2373               	addwfc	(_xtoa$2914+1)& (0+255),f,b
  7277   0020A2                     l6026:
  7278                           
  7279                           ; BSR set to: 0
  7280   0020A2  C072  F082         	movff	_xtoa$2914,xtoa@c
  7281   0020A6                     
  7282                           ; BSR set to: 0
  7283                           ;C:\Program Files\Microchip\xc8\v2.40\pic\sources\c99\common\doprnt.c: 977:         dbuf
      +                          [i] = (char)c;
  7284   0020A6  0E30               	movlw	low _dbuf
  7285   0020A8  2580               	addwf	xtoa@i& (0+255),w,b
  7286   0020AA  6ED9               	movwf	fsr2l,c
  7287   0020AC  0E01               	movlw	high _dbuf
  7288   0020AE  2181               	addwfc	(xtoa@i+1)& (0+255),w,b
  7289   0020B0  6EDA               	movwf	fsr2h,c
  7290   0020B2  C082  FFDF         	movff	xtoa@c,indf2
  7291   0020B6                     
  7292                           ; BSR set to: 0
  7293                           ;C:\Program Files\Microchip\xc8\v2.40\pic\sources\c99\common\doprnt.c: 978:         --p;
  7294   0020B6  0774               	decf	xtoa@p& (0+255),f,b
  7295   0020B8  A0D8               	btfss	status,0,c
  7296   0020BA  0775               	decf	(xtoa@p+1)& (0+255),f,b
  7297   0020BC                     
  7298                           ; BSR set to: 0
  7299                           ;C:\Program Files\Microchip\xc8\v2.40\pic\sources\c99\common\doprnt.c: 979:         --w;
  7300   0020BC  0776               	decf	xtoa@w& (0+255),f,b
  7301   0020BE  A0D8               	btfss	status,0,c
  7302   0020C0  0777               	decf	(xtoa@w+1)& (0+255),f,b
  7303   0020C2                     
  7304                           ; BSR set to: 0
  7305                           ;C:\Program Files\Microchip\xc8\v2.40\pic\sources\c99\common\doprnt.c: 980:         n = 
      +                          n >> 4;
  7306   0020C2  C078  F06A         	movff	xtoa@n,??_xtoa
  7307   0020C6  C079  F06B         	movff	xtoa@n+1,??_xtoa+1
  7308   0020CA  C07A  F06C         	movff	xtoa@n+2,??_xtoa+2
  7309   0020CE  C07B  F06D         	movff	xtoa@n+3,??_xtoa+3
  7310   0020D2  C07C  F06E         	movff	xtoa@n+4,??_xtoa+4
  7311   0020D6  C07D  F06F         	movff	xtoa@n+5,??_xtoa+5
  7312   0020DA  C07E  F070         	movff	xtoa@n+6,??_xtoa+6
  7313   0020DE  C07F  F071         	movff	xtoa@n+7,??_xtoa+7
  7314   0020E2  0E05               	movlw	5
  7315   0020E4  EF7D  F010         	goto	u5170
  7316   0020E8                     u5175:
  7317   0020E8  90D8               	bcf	status,0,c
  7318   0020EA  3371               	rrcf	(??_xtoa+7)& (0+255),f,b
  7319   0020EC  3370               	rrcf	(??_xtoa+6)& (0+255),f,b
  7320   0020EE  336F               	rrcf	(??_xtoa+5)& (0+255),f,b
  7321   0020F0  336E               	rrcf	(??_xtoa+4)& (0+255),f,b
  7322   0020F2  336D               	rrcf	(??_xtoa+3)& (0+255),f,b
  7323   0020F4  336C               	rrcf	(??_xtoa+2)& (0+255),f,b
  7324   0020F6  336B               	rrcf	(??_xtoa+1)& (0+255),f,b
  7325   0020F8  336A               	rrcf	??_xtoa& (0+255),f,b
  7326   0020FA                     u5170:
  7327   0020FA  2EE8               	decfsz	wreg,f,c
  7328   0020FC  EF74  F010         	goto	u5175
  7329   002100  C06A  F078         	movff	??_xtoa,xtoa@n
  7330   002104  C06B  F079         	movff	??_xtoa+1,xtoa@n+1
  7331   002108  C06C  F07A         	movff	??_xtoa+2,xtoa@n+2
  7332   00210C  C06D  F07B         	movff	??_xtoa+3,xtoa@n+3
  7333   002110  C06E  F07C         	movff	??_xtoa+4,xtoa@n+4
  7334   002114  C06F  F07D         	movff	??_xtoa+5,xtoa@n+5
  7335   002118  C070  F07E         	movff	??_xtoa+6,xtoa@n+6
  7336   00211C  C071  F07F         	movff	??_xtoa+7,xtoa@n+7
  7337   002120                     l6036:
  7338                           
  7339                           ;C:\Program Files\Microchip\xc8\v2.40\pic\sources\c99\common\doprnt.c: 960:     while (!
      +                          (i < 2) && (n || (0 < p)
  7340   002120  0100               	movlb	0	; () banked
  7341   002122  BF81               	btfsc	(xtoa@i+1)& (0+255),7,b
  7342   002124  EF9D  F010         	goto	u5181
  7343   002128  5181               	movf	(xtoa@i+1)& (0+255),w,b
  7344   00212A  E109               	bnz	u5180
  7345   00212C  0E02               	movlw	2
  7346   00212E  5D80               	subwf	xtoa@i& (0+255),w,b
  7347   002130  A0D8               	btfss	status,0,c
  7348   002132  EF9D  F010         	goto	u5181
  7349   002136  EF9F  F010         	goto	u5180
  7350   00213A                     u5181:
  7351   00213A  EFCF  F010         	goto	l6046
  7352   00213E                     u5180:
  7353   00213E                     
  7354                           ; BSR set to: 0
  7355   00213E  5178               	movf	xtoa@n& (0+255),w,b
  7356   002140  1179               	iorwf	(xtoa@n+1)& (0+255),w,b
  7357   002142  117A               	iorwf	(xtoa@n+2)& (0+255),w,b
  7358   002144  117B               	iorwf	(xtoa@n+3)& (0+255),w,b
  7359   002146  117C               	iorwf	(xtoa@n+4)& (0+255),w,b
  7360   002148  117D               	iorwf	(xtoa@n+5)& (0+255),w,b
  7361   00214A  117E               	iorwf	(xtoa@n+6)& (0+255),w,b
  7362   00214C  117F               	iorwf	(xtoa@n+7)& (0+255),w,b
  7363   00214E  A4D8               	btfss	status,2,c
  7364   002150  EFAC  F010         	goto	u5191
  7365   002154  EFAE  F010         	goto	u5190
  7366   002158                     u5191:
  7367   002158  EF35  F010         	goto	l6016
  7368   00215C                     u5190:
  7369   00215C                     
  7370                           ; BSR set to: 0
  7371   00215C  BF75               	btfsc	(xtoa@p+1)& (0+255),7,b
  7372   00215E  EFBB  F010         	goto	u5200
  7373   002162  5175               	movf	(xtoa@p+1)& (0+255),w,b
  7374   002164  E106               	bnz	u5201
  7375   002166  0574               	decf	xtoa@p& (0+255),w,b
  7376   002168  B0D8               	btfsc	status,0,c
  7377   00216A  EFB9  F010         	goto	u5201
  7378   00216E  EFBB  F010         	goto	u5200
  7379   002172                     u5201:
  7380   002172  EF35  F010         	goto	l6016
  7381   002176                     u5200:
  7382   002176                     
  7383                           ; BSR set to: 0
  7384   002176  BF77               	btfsc	(xtoa@w+1)& (0+255),7,b
  7385   002178  EFC6  F010         	goto	u5211
  7386   00217C  5177               	movf	(xtoa@w+1)& (0+255),w,b
  7387   00217E  E108               	bnz	u5210
  7388   002180  0576               	decf	xtoa@w& (0+255),w,b
  7389   002182  A0D8               	btfss	status,0,c
  7390   002184  EFC6  F010         	goto	u5211
  7391   002188  EFC8  F010         	goto	u5210
  7392   00218C                     u5211:
  7393   00218C  EFCF  F010         	goto	l6046
  7394   002190                     u5210:
  7395   002190                     
  7396                           ; BSR set to: 0
  7397   002190  B23C               	btfsc	_flags^0,1,c
  7398   002192  EFCD  F010         	goto	u5221
  7399   002196  EFCF  F010         	goto	u5220
  7400   00219A                     u5221:
  7401   00219A  EF35  F010         	goto	l6016
  7402   00219E                     u5220:
  7403   00219E                     l6046:
  7404                           
  7405                           ; BSR set to: 0
  7406                           ;C:\Program Files\Microchip\xc8\v2.40\pic\sources\c99\common\doprnt.c: 1000:     return 
      +                          (void) pad(fp, &dbuf[i], w);
  7407   00219E  C060  F028         	movff	xtoa@fp,pad@fp
  7408   0021A2  C061  F029         	movff	xtoa@fp+1,pad@fp+1
  7409   0021A6  0E30               	movlw	low _dbuf
  7410   0021A8  2580               	addwf	xtoa@i& (0+255),w,b
  7411   0021AA  6E2A               	movwf	pad@buf^0,c
  7412   0021AC  0E01               	movlw	high _dbuf
  7413   0021AE  2181               	addwfc	(xtoa@i+1)& (0+255),w,b
  7414   0021B0  6E2B               	movwf	(pad@buf+1)^0,c
  7415   0021B2  C076  F02C         	movff	xtoa@w,pad@p
  7416   0021B6  C077  F02D         	movff	xtoa@w+1,pad@p+1
  7417   0021BA  ECCF  F018         	call	_pad	;wreg free
  7418   0021BE  0012               	return		;funcret
  7419   0021C0                     __end_of_xtoa:
  7420                           	callstack 0
  7421                           
  7422 ;; *************** function _strncmp *****************
  7423 ;; Defined at:
  7424 ;;		line 3 in file "C:\Program Files\Microchip\xc8\v2.40\pic\sources\c99\common\strncmp.c"
  7425 ;; Parameters:    Size  Location     Type
  7426 ;;  _l              2   21[COMRAM] PTR const unsigned char 
  7427 ;;		 -> STR_13(10), STR_12(5), STR_9(3), STR_7(3), 
  7428 ;;		 -> STR_6(6), STR_5(6), STR_4(6), STR_3(6), 
  7429 ;;		 -> STR_2(3), STR_1(9), 
  7430 ;;  _r              2   23[COMRAM] PTR const unsigned char 
  7431 ;;		 -> STR_17(4), 
  7432 ;;  n               2   25[COMRAM] unsigned int 
  7433 ;; Auto vars:     Size  Location     Type
  7434 ;;  r               2   30[COMRAM] PTR const unsigned char 
  7435 ;;		 -> STR_17(4), 
  7436 ;;  l               2   28[COMRAM] PTR const unsigned char 
  7437 ;;		 -> STR_13(10), STR_12(5), STR_9(3), STR_7(3), 
  7438 ;;		 -> STR_6(6), STR_5(6), STR_4(6), STR_3(6), 
  7439 ;;		 -> STR_2(3), STR_1(9), 
  7440 ;; Return value:  Size  Location     Type
  7441 ;;                  2   21[COMRAM] int 
  7442 ;; Registers used:
  7443 ;;		wreg, status,2, status,0, tblptrl, tblptrh, tblptru
  7444 ;; Tracked objects:
  7445 ;;		On entry : 0/0
  7446 ;;		On exit  : 0/0
  7447 ;;		Unchanged: 0/0
  7448 ;; Data sizes:     COMRAM   BANK0   BANK1   BANK2   BANK3   BANK4   BANK5   BANK6   BANK7   BANK8   BANK9  BANK10  BANK1
      +1  BANK12  BANK13  BANK14  BANK15
  7449 ;;      Params:         6       0       0       0       0       0       0       0       0       0       0       0       
      +0       0       0       0       0
  7450 ;;      Locals:         4       0       0       0       0       0       0       0       0       0       0       0       
      +0       0       0       0       0
  7451 ;;      Temps:          1       0       0       0       0       0       0       0       0       0       0       0       
      +0       0       0       0       0
  7452 ;;      Totals:        11       0       0       0       0       0       0       0       0       0       0       0       
      +0       0       0       0       0
  7453 ;;Total ram usage:       11 bytes
  7454 ;; Hardware stack levels used: 1
  7455 ;; Hardware stack levels required when called: 5
  7456 ;; This function calls:
  7457 ;;		Nothing
  7458 ;; This function is called by:
  7459 ;;		_vfpfcnvrt
  7460 ;; This function uses a non-reentrant model
  7461 ;;
  7462                           
  7463                           	psect	text52
  7464   002744                     __ptext52:
  7465                           	callstack 0
  7466   002744                     _strncmp:
  7467                           	callstack 20
  7468   002744  C016  F01D         	movff	strncmp@_l,strncmp@l
  7469   002748  C017  F01E         	movff	strncmp@_l+1,strncmp@l+1
  7470   00274C  C018  F01F         	movff	strncmp@_r,strncmp@r
  7471   002750  C019  F020         	movff	strncmp@_r+1,strncmp@r+1
  7472   002754  061A               	decf	strncmp@n^0,f,c
  7473   002756  A0D8               	btfss	status,0,c
  7474   002758  061B               	decf	(strncmp@n+1)^0,f,c
  7475   00275A  281A               	incf	strncmp@n^0,w,c
  7476   00275C  E106               	bnz	u5271
  7477   00275E  281B               	incf	(strncmp@n+1)^0,w,c
  7478   002760  A4D8               	btfss	status,2,c
  7479   002762  EFB5  F013         	goto	u5271
  7480   002766  EFB7  F013         	goto	u5270
  7481   00276A                     u5271:
  7482   00276A  EFC4  F013         	goto	l6090
  7483   00276E                     u5270:
  7484   00276E  0E00               	movlw	0
  7485   002770  6E17               	movwf	(?_strncmp+1)^0,c
  7486   002772  0E00               	movlw	0
  7487   002774  6E16               	movwf	?_strncmp^0,c
  7488   002776  EF16  F014         	goto	l1855
  7489   00277A                     l6088:
  7490   00277A  4A1D               	infsnz	strncmp@l^0,f,c
  7491   00277C  2A1E               	incf	(strncmp@l+1)^0,f,c
  7492   00277E  4A1F               	infsnz	strncmp@r^0,f,c
  7493   002780  2A20               	incf	(strncmp@r+1)^0,f,c
  7494   002782  061A               	decf	strncmp@n^0,f,c
  7495   002784  A0D8               	btfss	status,0,c
  7496   002786  061B               	decf	(strncmp@n+1)^0,f,c
  7497   002788                     l6090:
  7498   002788  C01D  FFF6         	movff	strncmp@l,tblptrl
  7499   00278C  C01E  FFF7         	movff	strncmp@l+1,tblptrh
  7500   002790                     	if	1	;Program memory is < 0x10000, tblptru is always zero
  7501   002790  6AF8               	clrf	tblptru,c
  7502   002792                     	endif
  7503   002792                     	if	0	;tblptru may be non-zero
  7504   002792                     	endif
  7505   002792  0008               	tblrd		*
  7506   002794  50F5               	movf	tablat,w,c
  7507   002796  0900               	iorlw	0
  7508   002798  B4D8               	btfsc	status,2,c
  7509   00279A  EFD1  F013         	goto	u5281
  7510   00279E  EFD3  F013         	goto	u5280
  7511   0027A2                     u5281:
  7512   0027A2  EF02  F014         	goto	l6098
  7513   0027A6                     u5280:
  7514   0027A6  C01F  FFF6         	movff	strncmp@r,tblptrl
  7515   0027AA  C020  FFF7         	movff	strncmp@r+1,tblptrh
  7516   0027AE                     	if	1	;Program memory is < 0x10000, tblptru is always zero
  7517   0027AE  6AF8               	clrf	tblptru,c
  7518   0027B0                     	endif
  7519   0027B0                     	if	0	;tblptru may be non-zero
  7520   0027B0                     	endif
  7521   0027B0  0008               	tblrd		*
  7522   0027B2  50F5               	movf	tablat,w,c
  7523   0027B4  0900               	iorlw	0
  7524   0027B6  B4D8               	btfsc	status,2,c
  7525   0027B8  EFE0  F013         	goto	u5291
  7526   0027BC  EFE2  F013         	goto	u5290
  7527   0027C0                     u5291:
  7528   0027C0  EF02  F014         	goto	l6098
  7529   0027C4                     u5290:
  7530   0027C4  501A               	movf	strncmp@n^0,w,c
  7531   0027C6  101B               	iorwf	(strncmp@n+1)^0,w,c
  7532   0027C8  B4D8               	btfsc	status,2,c
  7533   0027CA  EFE9  F013         	goto	u5301
  7534   0027CE  EFEB  F013         	goto	u5300
  7535   0027D2                     u5301:
  7536   0027D2  EF02  F014         	goto	l6098
  7537   0027D6                     u5300:
  7538   0027D6  C01D  FFF6         	movff	strncmp@l,tblptrl
  7539   0027DA  C01E  FFF7         	movff	strncmp@l+1,tblptrh
  7540   0027DE                     	if	1	;Program memory is < 0x10000, tblptru is always zero
  7541   0027DE  6AF8               	clrf	tblptru,c
  7542   0027E0                     	endif
  7543   0027E0                     	if	0	;tblptru may be non-zero
  7544   0027E0                     	endif
  7545   0027E0  0008               	tblrd		*
  7546   0027E2  CFF5 F01C          	movff	tablat,??_strncmp
  7547   0027E6  C01F  FFF6         	movff	strncmp@r,tblptrl
  7548   0027EA  C020  FFF7         	movff	strncmp@r+1,tblptrh
  7549   0027EE                     	if	1	;Program memory is < 0x10000, tblptru is always zero
  7550   0027EE  6AF8               	clrf	tblptru,c
  7551   0027F0                     	endif
  7552   0027F0                     	if	0	;tblptru may be non-zero
  7553   0027F0                     	endif
  7554   0027F0  0008               	tblrd		*
  7555   0027F2  50F5               	movf	tablat,w,c
  7556   0027F4  181C               	xorwf	??_strncmp^0,w,c
  7557   0027F6  B4D8               	btfsc	status,2,c
  7558   0027F8  EF00  F014         	goto	u5311
  7559   0027FC  EF02  F014         	goto	u5310
  7560   002800                     u5311:
  7561   002800  EFBD  F013         	goto	l6088
  7562   002804                     u5310:
  7563   002804                     l6098:
  7564   002804  C01D  FFF6         	movff	strncmp@l,tblptrl
  7565   002808  C01E  FFF7         	movff	strncmp@l+1,tblptrh
  7566   00280C                     	if	1	;Program memory is < 0x10000, tblptru is always zero
  7567   00280C  6AF8               	clrf	tblptru,c
  7568   00280E                     	endif
  7569   00280E                     	if	0	;tblptru may be non-zero
  7570   00280E                     	endif
  7571   00280E  0008               	tblrd		*
  7572   002810  CFF5 F01C          	movff	tablat,??_strncmp
  7573   002814  C01F  FFF6         	movff	strncmp@r,tblptrl
  7574   002818  C020  FFF7         	movff	strncmp@r+1,tblptrh
  7575   00281C                     	if	1	;Program memory is < 0x10000, tblptru is always zero
  7576   00281C  6AF8               	clrf	tblptru,c
  7577   00281E                     	endif
  7578   00281E                     	if	0	;tblptru may be non-zero
  7579   00281E                     	endif
  7580   00281E  0008               	tblrd		*
  7581   002820  50F5               	movf	tablat,w,c
  7582   002822  5C1C               	subwf	??_strncmp^0,w,c
  7583   002824  6E16               	movwf	?_strncmp^0,c
  7584   002826  6A17               	clrf	(?_strncmp+1)^0,c
  7585   002828  A0D8               	btfss	status,0,c
  7586   00282A  0617               	decf	(?_strncmp+1)^0,f,c
  7587   00282C                     l1855:
  7588   00282C  0012               	return		;funcret
  7589   00282E                     __end_of_strncmp:
  7590                           	callstack 0
  7591                           
  7592 ;; *************** function _stoa *****************
  7593 ;; Defined at:
  7594 ;;		line 839 in file "C:\Program Files\Microchip\xc8\v2.40\pic\sources\c99\common\doprnt.c"
  7595 ;; Parameters:    Size  Location     Type
  7596 ;;  fp              2   32[COMRAM] PTR struct _IO_FILE
  7597 ;;		 -> sprintf@f(11), 
  7598 ;;  s               2   34[COMRAM] PTR unsigned char 
  7599 ;;		 -> ?_sprintf(2), STR_10(3), STR_8(3), Execute@acknowledge_frame(30), 
  7600 ;;		 -> NULL(0), TrimmedFrame(20), 
  7601 ;; Auto vars:     Size  Location     Type
  7602 ;;  nuls            7    0[BANK0 ] unsigned char [7]
  7603 ;;  p               2   15[BANK0 ] int 
  7604 ;;  l               2   13[BANK0 ] int 
  7605 ;;  cp              2   11[BANK0 ] PTR unsigned char 
  7606 ;;		 -> stoa@nuls(7), ?_sprintf(2), STR_10(3), STR_8(3), 
  7607 ;;		 -> Execute@acknowledge_frame(30), NULL(0), TrimmedFrame(20), 
  7608 ;;  i               2    9[BANK0 ] int 
  7609 ;;  w               2    7[BANK0 ] int 
  7610 ;; Return value:  Size  Location     Type
  7611 ;;                  1    wreg      void 
  7612 ;; Registers used:
  7613 ;;		wreg, fsr1l, fsr1h, fsr2l, fsr2h, status,2, status,0, tblptrl, tblptrh, tblptru, cstack
  7614 ;; Tracked objects:
  7615 ;;		On entry : 0/0
  7616 ;;		On exit  : 0/0
  7617 ;;		Unchanged: 0/0
  7618 ;; Data sizes:     COMRAM   BANK0   BANK1   BANK2   BANK3   BANK4   BANK5   BANK6   BANK7   BANK8   BANK9  BANK10  BANK1
      +1  BANK12  BANK13  BANK14  BANK15
  7619 ;;      Params:         4       0       0       0       0       0       0       0       0       0       0       0       
      +0       0       0       0       0
  7620 ;;      Locals:         0      17       0       0       0       0       0       0       0       0       0       0       
      +0       0       0       0       0
  7621 ;;      Temps:          1       0       0       0       0       0       0       0       0       0       0       0       
      +0       0       0       0       0
  7622 ;;      Totals:         5      17       0       0       0       0       0       0       0       0       0       0       
      +0       0       0       0       0
  7623 ;;Total ram usage:       22 bytes
  7624 ;; Hardware stack levels used: 1
  7625 ;; Hardware stack levels required when called: 8
  7626 ;; This function calls:
  7627 ;;		_fputc
  7628 ;;		_strlen
  7629 ;; This function is called by:
  7630 ;;		_vfpfcnvrt
  7631 ;; This function uses a non-reentrant model
  7632 ;;
  7633                           
  7634                           	psect	text53
  7635   002600                     __ptext53:
  7636                           	callstack 0
  7637   002600                     _stoa:
  7638                           	callstack 17
  7639   002600                     
  7640                           ;C:\Program Files\Microchip\xc8\v2.40\pic\sources\c99\common\doprnt.c: 839: static void 
      +                          stoa(FILE *fp, char *s);C:\Program Files\Microchip\xc8\v2.40\pic\sources\c99\common\dopr
      +                          nt.c: 840: {;C:\Program Files\Microchip\xc8\v2.40\pic\sources\c99\common\doprnt.c: 841: 
      +                              char *cp, nuls[] = "(null)";
  7641   002600  EE21  F0A5         	lfsr	2,stoa@F1157
  7642   002604  EE10  F060         	lfsr	1,stoa@nuls
  7643   002608  0E06               	movlw	6
  7644   00260A                     u5071:
  7645   00260A  CFDB FFE3          	movff	plusw2,plusw1
  7646   00260E  06E8               	decf	wreg,f,c
  7647   002610  E2FC               	bc	u5071
  7648   002612                     
  7649                           ;C:\Program Files\Microchip\xc8\v2.40\pic\sources\c99\common\doprnt.c: 842:     int i, l
      +                          , p, w;;C:\Program Files\Microchip\xc8\v2.40\pic\sources\c99\common\doprnt.c: 845:     c
      +                          p = s;
  7650   002612  C023  F06B         	movff	stoa@s,stoa@cp
  7651   002616  C024  F06C         	movff	stoa@s+1,stoa@cp+1
  7652   00261A                     
  7653                           ;C:\Program Files\Microchip\xc8\v2.40\pic\sources\c99\common\doprnt.c: 846:     if (!cp)
      +                           {
  7654   00261A  0100               	movlb	0	; () banked
  7655   00261C  516B               	movf	stoa@cp& (0+255),w,b
  7656   00261E  116C               	iorwf	(stoa@cp+1)& (0+255),w,b
  7657   002620  A4D8               	btfss	status,2,c
  7658   002622  EF15  F013         	goto	u5081
  7659   002626  EF17  F013         	goto	u5080
  7660   00262A                     u5081:
  7661   00262A  EF1B  F013         	goto	l5980
  7662   00262E                     u5080:
  7663   00262E                     
  7664                           ; BSR set to: 0
  7665                           ;C:\Program Files\Microchip\xc8\v2.40\pic\sources\c99\common\doprnt.c: 847:         cp =
      +                           nuls;
  7666   00262E  0E60               	movlw	low stoa@nuls
  7667   002630  6F6B               	movwf	stoa@cp& (0+255),b
  7668   002632  0E00               	movlw	high stoa@nuls
  7669   002634  6F6C               	movwf	(stoa@cp+1)& (0+255),b
  7670   002636                     l5980:
  7671                           
  7672                           ; BSR set to: 0
  7673                           ;C:\Program Files\Microchip\xc8\v2.40\pic\sources\c99\common\doprnt.c: 851:     l = (int
      +                          )strlen(cp);
  7674   002636  C06B  F016         	movff	stoa@cp,strlen@s
  7675   00263A  C06C  F017         	movff	stoa@cp+1,strlen@s+1
  7676   00263E  EC68  F01C         	call	_strlen	;wreg free
  7677   002642  C016  F06D         	movff	?_strlen,stoa@l
  7678   002646  C017  F06E         	movff	?_strlen+1,stoa@l+1
  7679   00264A                     
  7680                           ;C:\Program Files\Microchip\xc8\v2.40\pic\sources\c99\common\doprnt.c: 852:     p = prec
      +                          ;
  7681   00264A  C036  F06F         	movff	_prec,stoa@p
  7682   00264E  C037  F070         	movff	_prec+1,stoa@p+1
  7683   002652                     
  7684                           ;C:\Program Files\Microchip\xc8\v2.40\pic\sources\c99\common\doprnt.c: 853:     l = (!(p
      +                           < 0) && (p < l)) ? p : l;
  7685   002652  0100               	movlb	0	; () banked
  7686   002654  BF70               	btfsc	(stoa@p+1)& (0+255),7,b
  7687   002656  EF2F  F013         	goto	u5091
  7688   00265A  EF31  F013         	goto	u5090
  7689   00265E                     u5091:
  7690   00265E  EF46  F013         	goto	l1709
  7691   002662                     u5090:
  7692   002662                     
  7693                           ; BSR set to: 0
  7694   002662  516D               	movf	stoa@l& (0+255),w,b
  7695   002664  5D6F               	subwf	stoa@p& (0+255),w,b
  7696   002666  5170               	movf	(stoa@p+1)& (0+255),w,b
  7697   002668  0A80               	xorlw	128
  7698   00266A  6E25               	movwf	??_stoa^0,c
  7699   00266C  516E               	movf	(stoa@l+1)& (0+255),w,b
  7700   00266E  0A80               	xorlw	128
  7701   002670  5825               	subwfb	??_stoa^0,w,c
  7702   002672  A0D8               	btfss	status,0,c
  7703   002674  EF3E  F013         	goto	u5101
  7704   002678  EF40  F013         	goto	u5100
  7705   00267C                     u5101:
  7706   00267C  EF42  F013         	goto	l1707
  7707   002680                     u5100:
  7708   002680  EF46  F013         	goto	l1709
  7709   002684                     l1707:
  7710                           
  7711                           ; BSR set to: 0
  7712   002684  C06F  F06D         	movff	stoa@p,stoa@l
  7713   002688  C070  F06E         	movff	stoa@p+1,stoa@l+1
  7714   00268C                     l1709:
  7715                           
  7716                           ; BSR set to: 0
  7717                           ;C:\Program Files\Microchip\xc8\v2.40\pic\sources\c99\common\doprnt.c: 854:     p = l;
  7718   00268C  C06D  F06F         	movff	stoa@l,stoa@p
  7719   002690  C06E  F070         	movff	stoa@l+1,stoa@p+1
  7720                           
  7721                           ;C:\Program Files\Microchip\xc8\v2.40\pic\sources\c99\common\doprnt.c: 855:     w = widt
      +                          h;
  7722   002694  C034  F067         	movff	_width,stoa@w
  7723   002698  C035  F068         	movff	_width+1,stoa@w+1
  7724                           
  7725                           ;C:\Program Files\Microchip\xc8\v2.40\pic\sources\c99\common\doprnt.c: 861:         whil
      +                          e (l < w) {
  7726   00269C  EF5D  F013         	goto	l5992
  7727   0026A0                     l5988:
  7728                           
  7729                           ; BSR set to: 0
  7730                           ;C:\Program Files\Microchip\xc8\v2.40\pic\sources\c99\common\doprnt.c: 862:             
      +                          fputc(' ', fp);
  7731   0026A0  0E00               	movlw	0
  7732   0026A2  6E19               	movwf	(fputc@c+1)^0,c
  7733   0026A4  0E20               	movlw	32
  7734   0026A6  6E18               	movwf	fputc@c^0,c
  7735   0026A8  C021  F01A         	movff	stoa@fp,fputc@fp
  7736   0026AC  C022  F01B         	movff	stoa@fp+1,fputc@fp+1
  7737   0026B0  EC50  F015         	call	_fputc	;wreg free
  7738   0026B4                     
  7739                           ;C:\Program Files\Microchip\xc8\v2.40\pic\sources\c99\common\doprnt.c: 863:             
      +                          ++l;
  7740   0026B4  0100               	movlb	0	; () banked
  7741   0026B6  4B6D               	infsnz	stoa@l& (0+255),f,b
  7742   0026B8  2B6E               	incf	(stoa@l+1)& (0+255),f,b
  7743   0026BA                     l5992:
  7744                           
  7745                           ; BSR set to: 0
  7746                           ;C:\Program Files\Microchip\xc8\v2.40\pic\sources\c99\common\doprnt.c: 861:         whil
      +                          e (l < w) {
  7747   0026BA  5167               	movf	stoa@w& (0+255),w,b
  7748   0026BC  5D6D               	subwf	stoa@l& (0+255),w,b
  7749   0026BE  516E               	movf	(stoa@l+1)& (0+255),w,b
  7750   0026C0  0A80               	xorlw	128
  7751   0026C2  6E25               	movwf	??_stoa^0,c
  7752   0026C4  5168               	movf	(stoa@w+1)& (0+255),w,b
  7753   0026C6  0A80               	xorlw	128
  7754   0026C8  5825               	subwfb	??_stoa^0,w,c
  7755   0026CA  A0D8               	btfss	status,0,c
  7756   0026CC  EF6A  F013         	goto	u5111
  7757   0026D0  EF6C  F013         	goto	u5110
  7758   0026D4                     u5111:
  7759   0026D4  EF50  F013         	goto	l5988
  7760   0026D8                     u5110:
  7761   0026D8                     
  7762                           ; BSR set to: 0
  7763                           ;C:\Program Files\Microchip\xc8\v2.40\pic\sources\c99\common\doprnt.c: 870:     i = 0;
  7764   0026D8  0E00               	movlw	0
  7765   0026DA  6F6A               	movwf	(stoa@i+1)& (0+255),b
  7766   0026DC  0E00               	movlw	0
  7767   0026DE  6F69               	movwf	stoa@i& (0+255),b
  7768                           
  7769                           ;C:\Program Files\Microchip\xc8\v2.40\pic\sources\c99\common\doprnt.c: 871:     while (i
      +                           < p) {
  7770   0026E0  EF92  F013         	goto	l6002
  7771   0026E4                     l5996:
  7772                           
  7773                           ; BSR set to: 0
  7774                           ;C:\Program Files\Microchip\xc8\v2.40\pic\sources\c99\common\doprnt.c: 872:         fput
      +                          c(*cp, fp);
  7775   0026E4  C06B  FFF6         	movff	stoa@cp,tblptrl
  7776   0026E8  C06C  FFF7         	movff	stoa@cp+1,tblptrh
  7777   0026EC  0E00               	movlw	low (__smallconst shr (0+16))
  7778   0026EE  6EF8               	movwf	tblptru,c
  7779   0026F0  0E0F               	movlw	(high __ramtop+-1)
  7780   0026F2  64F7               	cpfsgt	tblptrh,c
  7781   0026F4  D003               	bra	u5127
  7782   0026F6  0008               	tblrd		*
  7783   0026F8  50F5               	movf	tablat,w,c
  7784   0026FA  D005               	bra	u5120
  7785   0026FC                     u5127:
  7786   0026FC  CFF6 FFE1          	movff	tblptrl,fsr1l
  7787   002700  CFF7 FFE2          	movff	tblptrh,fsr1h
  7788   002704  50E7               	movf	indf1,w,c
  7789   002706                     u5120:
  7790   002706  6E25               	movwf	??_stoa^0,c
  7791   002708  5025               	movf	??_stoa^0,w,c
  7792   00270A  6E18               	movwf	fputc@c^0,c
  7793   00270C  6A19               	clrf	(fputc@c+1)^0,c
  7794   00270E  C021  F01A         	movff	stoa@fp,fputc@fp
  7795   002712  C022  F01B         	movff	stoa@fp+1,fputc@fp+1
  7796   002716  EC50  F015         	call	_fputc	;wreg free
  7797   00271A                     
  7798                           ;C:\Program Files\Microchip\xc8\v2.40\pic\sources\c99\common\doprnt.c: 873:         ++cp
      +                          ;
  7799   00271A  0100               	movlb	0	; () banked
  7800   00271C  4B6B               	infsnz	stoa@cp& (0+255),f,b
  7801   00271E  2B6C               	incf	(stoa@cp+1)& (0+255),f,b
  7802   002720                     
  7803                           ; BSR set to: 0
  7804                           ;C:\Program Files\Microchip\xc8\v2.40\pic\sources\c99\common\doprnt.c: 874:         ++i;
  7805   002720  4B69               	infsnz	stoa@i& (0+255),f,b
  7806   002722  2B6A               	incf	(stoa@i+1)& (0+255),f,b
  7807   002724                     l6002:
  7808                           
  7809                           ; BSR set to: 0
  7810                           ;C:\Program Files\Microchip\xc8\v2.40\pic\sources\c99\common\doprnt.c: 871:     while (i
      +                           < p) {
  7811   002724  516F               	movf	stoa@p& (0+255),w,b
  7812   002726  5D69               	subwf	stoa@i& (0+255),w,b
  7813   002728  516A               	movf	(stoa@i+1)& (0+255),w,b
  7814   00272A  0A80               	xorlw	128
  7815   00272C  6E25               	movwf	??_stoa^0,c
  7816   00272E  5170               	movf	(stoa@p+1)& (0+255),w,b
  7817   002730  0A80               	xorlw	128
  7818   002732  5825               	subwfb	??_stoa^0,w,c
  7819   002734  A0D8               	btfss	status,0,c
  7820   002736  EF9F  F013         	goto	u5131
  7821   00273A  EFA1  F013         	goto	u5130
  7822   00273E                     u5131:
  7823   00273E  EF72  F013         	goto	l5996
  7824   002742                     u5130:
  7825   002742                     
  7826                           ; BSR set to: 0
  7827   002742  0012               	return		;funcret
  7828   002744                     __end_of_stoa:
  7829                           	callstack 0
  7830                           
  7831 ;; *************** function _dtoa *****************
  7832 ;; Defined at:
  7833 ;;		line 443 in file "C:\Program Files\Microchip\xc8\v2.40\pic\sources\c99\common\doprnt.c"
  7834 ;; Parameters:    Size  Location     Type
  7835 ;;  fp              2    0[BANK0 ] PTR struct _IO_FILE
  7836 ;;		 -> sprintf@f(11), 
  7837 ;;  d               8    2[BANK0 ] long long 
  7838 ;; Auto vars:     Size  Location     Type
  7839 ;;  n               8   24[BANK0 ] long long 
  7840 ;;  i               2   33[BANK0 ] int 
  7841 ;;  w               2   22[BANK0 ] int 
  7842 ;;  p               2   20[BANK0 ] int 
  7843 ;;  s               1   32[BANK0 ] unsigned char 
  7844 ;; Return value:  Size  Location     Type
  7845 ;;                  1    wreg      void 
  7846 ;; Registers used:
  7847 ;;		wreg, fsr1l, fsr1h, fsr2l, fsr2h, status,2, status,0, cstack
  7848 ;; Tracked objects:
  7849 ;;		On entry : 0/0
  7850 ;;		On exit  : 0/0
  7851 ;;		Unchanged: 0/0
  7852 ;; Data sizes:     COMRAM   BANK0   BANK1   BANK2   BANK3   BANK4   BANK5   BANK6   BANK7   BANK8   BANK9  BANK10  BANK1
      +1  BANK12  BANK13  BANK14  BANK15
  7853 ;;      Params:         0      10       0       0       0       0       0       0       0       0       0       0       
      +0       0       0       0       0
  7854 ;;      Locals:         0      17       0       0       0       0       0       0       0       0       0       0       
      +0       0       0       0       0
  7855 ;;      Temps:          0       8       0       0       0       0       0       0       0       0       0       0       
      +0       0       0       0       0
  7856 ;;      Totals:         0      35       0       0       0       0       0       0       0       0       0       0       
      +0       0       0       0       0
  7857 ;;Total ram usage:       35 bytes
  7858 ;; Hardware stack levels used: 1
  7859 ;; Hardware stack levels required when called: 10
  7860 ;; This function calls:
  7861 ;;		___aodiv
  7862 ;;		___aomod
  7863 ;;		_abs
  7864 ;;		_pad
  7865 ;; This function is called by:
  7866 ;;		_vfpfcnvrt
  7867 ;; This function uses a non-reentrant model
  7868 ;;
  7869                           
  7870                           	psect	text54
  7871   001D34                     __ptext54:
  7872                           	callstack 0
  7873   001D34                     _dtoa:
  7874                           	callstack 15
  7875   001D34                     
  7876                           ;C:\Program Files\Microchip\xc8\v2.40\pic\sources\c99\common\doprnt.c: 443: static void 
      +                          dtoa(FILE *fp, long long d);C:\Program Files\Microchip\xc8\v2.40\pic\sources\c99\common\
      +                          doprnt.c: 444: {;C:\Program Files\Microchip\xc8\v2.40\pic\sources\c99\common\doprnt.c: 4
      +                          45:  char s;;C:\Program Files\Microchip\xc8\v2.40\pic\sources\c99\common\doprnt.c: 446: 
      +                              int i, p, w;;C:\Program Files\Microchip\xc8\v2.40\pic\sources\c99\common\doprnt.c: 4
      +                          47:     long long n;;C:\Program Files\Microchip\xc8\v2.40\pic\sources\c99\common\doprnt.
      +                          c: 450:     n = d;
  7877   001D34  C062  F078         	movff	dtoa@d,dtoa@n
  7878   001D38  C063  F079         	movff	dtoa@d+1,dtoa@n+1
  7879   001D3C  C064  F07A         	movff	dtoa@d+2,dtoa@n+2
  7880   001D40  C065  F07B         	movff	dtoa@d+3,dtoa@n+3
  7881   001D44  C066  F07C         	movff	dtoa@d+4,dtoa@n+4
  7882   001D48  C067  F07D         	movff	dtoa@d+5,dtoa@n+5
  7883   001D4C  C068  F07E         	movff	dtoa@d+6,dtoa@n+6
  7884   001D50  C069  F07F         	movff	dtoa@d+7,dtoa@n+7
  7885   001D54                     
  7886                           ;C:\Program Files\Microchip\xc8\v2.40\pic\sources\c99\common\doprnt.c: 451:     s = n < 
      +                          0 ? 1 : 0;
  7887   001D54  0100               	movlb	0	; () banked
  7888   001D56  BF7F               	btfsc	(dtoa@n+7)& (0+255),7,b
  7889   001D58  EFB0  F00E         	goto	u4941
  7890   001D5C  EFB3  F00E         	goto	u4940
  7891   001D60                     u4941:
  7892   001D60  0E01               	movlw	1
  7893   001D62  EFB4  F00E         	goto	u4950
  7894   001D66                     u4940:
  7895   001D66  0E00               	movlw	0
  7896   001D68                     u4950:
  7897   001D68  6F80               	movwf	dtoa@s& (0+255),b
  7898   001D6A                     
  7899                           ; BSR set to: 0
  7900                           ;C:\Program Files\Microchip\xc8\v2.40\pic\sources\c99\common\doprnt.c: 452:     if (s) {
  7901   001D6A  5180               	movf	dtoa@s& (0+255),w,b
  7902   001D6C  B4D8               	btfsc	status,2,c
  7903   001D6E  EFBB  F00E         	goto	u4961
  7904   001D72  EFBD  F00E         	goto	u4960
  7905   001D76                     u4961:
  7906   001D76  EFCD  F00E         	goto	l5920
  7907   001D7A                     u4960:
  7908   001D7A                     
  7909                           ; BSR set to: 0
  7910                           ;C:\Program Files\Microchip\xc8\v2.40\pic\sources\c99\common\doprnt.c: 453:         n = 
      +                          -n;
  7911   001D7A  1F7F               	comf	(dtoa@n+7)& (0+255),f,b
  7912   001D7C  1F7E               	comf	(dtoa@n+6)& (0+255),f,b
  7913   001D7E  1F7D               	comf	(dtoa@n+5)& (0+255),f,b
  7914   001D80  1F7C               	comf	(dtoa@n+4)& (0+255),f,b
  7915   001D82  1F7B               	comf	(dtoa@n+3)& (0+255),f,b
  7916   001D84  1F7A               	comf	(dtoa@n+2)& (0+255),f,b
  7917   001D86  1F79               	comf	(dtoa@n+1)& (0+255),f,b
  7918   001D88  6D78               	negf	dtoa@n& (0+255),b
  7919   001D8A  0E00               	movlw	0
  7920   001D8C  2379               	addwfc	(dtoa@n+1)& (0+255),f,b
  7921   001D8E  237A               	addwfc	(dtoa@n+2)& (0+255),f,b
  7922   001D90  237B               	addwfc	(dtoa@n+3)& (0+255),f,b
  7923   001D92  237C               	addwfc	(dtoa@n+4)& (0+255),f,b
  7924   001D94  237D               	addwfc	(dtoa@n+5)& (0+255),f,b
  7925   001D96  237E               	addwfc	(dtoa@n+6)& (0+255),f,b
  7926   001D98  237F               	addwfc	(dtoa@n+7)& (0+255),f,b
  7927   001D9A                     l5920:
  7928                           
  7929                           ; BSR set to: 0
  7930                           ;C:\Program Files\Microchip\xc8\v2.40\pic\sources\c99\common\doprnt.c: 458:     if (!(pr
      +                          ec < 0)) {
  7931   001D9A  BE37               	btfsc	(_prec+1)^0,7,c
  7932   001D9C  EFD2  F00E         	goto	u4971
  7933   001DA0  EFD4  F00E         	goto	u4970
  7934   001DA4                     u4971:
  7935   001DA4  EFD5  F00E         	goto	l5924
  7936   001DA8                     u4970:
  7937   001DA8                     
  7938                           ; BSR set to: 0
  7939                           ;C:\Program Files\Microchip\xc8\v2.40\pic\sources\c99\common\doprnt.c: 459:         flag
      +                          s &= ~(1 << 1);
  7940   001DA8  923C               	bcf	_flags^0,1,c
  7941   001DAA                     l5924:
  7942                           
  7943                           ; BSR set to: 0
  7944                           ;C:\Program Files\Microchip\xc8\v2.40\pic\sources\c99\common\doprnt.c: 462:     p = (0 <
      +                           prec) ? prec : 1;
  7945   001DAA  BE37               	btfsc	(_prec+1)^0,7,c
  7946   001DAC  EFE2  F00E         	goto	u4980
  7947   001DB0  5037               	movf	(_prec+1)^0,w,c
  7948   001DB2  E106               	bnz	u4981
  7949   001DB4  0436               	decf	_prec^0,w,c
  7950   001DB6  B0D8               	btfsc	status,0,c
  7951   001DB8  EFE0  F00E         	goto	u4981
  7952   001DBC  EFE2  F00E         	goto	u4980
  7953   001DC0                     u4981:
  7954   001DC0  EFE8  F00E         	goto	l1684
  7955   001DC4                     u4980:
  7956   001DC4                     
  7957                           ; BSR set to: 0
  7958   001DC4  0E00               	movlw	0
  7959   001DC6  6F75               	movwf	(dtoa@p+1)& (0+255),b
  7960   001DC8  0E01               	movlw	1
  7961   001DCA  6F74               	movwf	dtoa@p& (0+255),b
  7962   001DCC  EFEC  F00E         	goto	l1686
  7963   001DD0                     l1684:
  7964                           
  7965                           ; BSR set to: 0
  7966   001DD0  C036  F074         	movff	_prec,dtoa@p
  7967   001DD4  C037  F075         	movff	_prec+1,dtoa@p+1
  7968   001DD8                     l1686:
  7969                           
  7970                           ; BSR set to: 0
  7971                           ;C:\Program Files\Microchip\xc8\v2.40\pic\sources\c99\common\doprnt.c: 463:     w = widt
      +                          h;
  7972   001DD8  C034  F076         	movff	_width,dtoa@w
  7973   001DDC  C035  F077         	movff	_width+1,dtoa@w+1
  7974   001DE0                     
  7975                           ; BSR set to: 0
  7976                           ;C:\Program Files\Microchip\xc8\v2.40\pic\sources\c99\common\doprnt.c: 464:     if (s
  7977   001DE0  5180               	movf	dtoa@s& (0+255),w,b
  7978   001DE2  B4D8               	btfsc	status,2,c
  7979   001DE4  EFF6  F00E         	goto	u4991
  7980   001DE8  EFF8  F00E         	goto	u4990
  7981   001DEC                     u4991:
  7982   001DEC  EF0F  F00F         	goto	l1687
  7983   001DF0                     u4990:
  7984   001DF0                     
  7985                           ; BSR set to: 0
  7986                           ;C:\Program Files\Microchip\xc8\v2.40\pic\sources\c99\common\doprnt.c: 468:     ) {;C:\P
      +                          rogram Files\Microchip\xc8\v2.40\pic\sources\c99\common\doprnt.c: 469:         --w;
  7987   001DF0  0776               	decf	dtoa@w& (0+255),f,b
  7988   001DF2  A0D8               	btfss	status,0,c
  7989   001DF4  0777               	decf	(dtoa@w+1)& (0+255),f,b
  7990   001DF6                     
  7991                           ; BSR set to: 0
  7992                           ;C:\Program Files\Microchip\xc8\v2.40\pic\sources\c99\common\doprnt.c: 470:   s = s ? '-
      +                          ' : '+';
  7993   001DF6  5180               	movf	dtoa@s& (0+255),w,b
  7994   001DF8  A4D8               	btfss	status,2,c
  7995   001DFA  EF01  F00F         	goto	u5001
  7996   001DFE  EF03  F00F         	goto	u5000
  7997   001E02                     u5001:
  7998   001E02  EF09  F00F         	goto	l5936
  7999   001E06                     u5000:
  8000   001E06                     
  8001                           ; BSR set to: 0
  8002   001E06  0E00               	movlw	0
  8003   001E08  6F73               	movwf	(_dtoa$2894+1)& (0+255),b
  8004   001E0A  0E2B               	movlw	43
  8005   001E0C  6F72               	movwf	_dtoa$2894& (0+255),b
  8006   001E0E  EF0D  F00F         	goto	l5938
  8007   001E12                     l5936:
  8008                           
  8009                           ; BSR set to: 0
  8010   001E12  0E00               	movlw	0
  8011   001E14  6F73               	movwf	(_dtoa$2894+1)& (0+255),b
  8012   001E16  0E2D               	movlw	45
  8013   001E18  6F72               	movwf	_dtoa$2894& (0+255),b
  8014   001E1A                     l5938:
  8015                           
  8016                           ; BSR set to: 0
  8017   001E1A  C072  F080         	movff	_dtoa$2894,dtoa@s
  8018   001E1E                     l1687:
  8019                           
  8020                           ; BSR set to: 0
  8021                           ;C:\Program Files\Microchip\xc8\v2.40\pic\sources\c99\common\doprnt.c: 480:     i = size
      +                          of(dbuf) - 1;
  8022   001E1E  0E00               	movlw	0
  8023   001E20  6F82               	movwf	(dtoa@i+1)& (0+255),b
  8024   001E22  0E1F               	movlw	31
  8025   001E24  6F81               	movwf	dtoa@i& (0+255),b
  8026   001E26                     
  8027                           ; BSR set to: 0
  8028                           ;C:\Program Files\Microchip\xc8\v2.40\pic\sources\c99\common\doprnt.c: 481:     dbuf[i] 
      +                          = '\0';
  8029   001E26  0E00               	movlw	0
  8030   001E28  0101               	movlb	1	; () banked
  8031   001E2A  6F4F               	movwf	(_dbuf+31)& (0+255),b
  8032                           
  8033                           ;C:\Program Files\Microchip\xc8\v2.40\pic\sources\c99\common\doprnt.c: 482:     while (!
      +                          (i < 1) && (n || (0 < p)
  8034   001E2C  EF95  F00F         	goto	l5952
  8035   001E30                     l5942:
  8036                           
  8037                           ; BSR set to: 0
  8038                           ;C:\Program Files\Microchip\xc8\v2.40\pic\sources\c99\common\doprnt.c: 486:     )) {;C:\
      +                          Program Files\Microchip\xc8\v2.40\pic\sources\c99\common\doprnt.c: 487:         --i;
  8039   001E30  0781               	decf	dtoa@i& (0+255),f,b
  8040   001E32  A0D8               	btfss	status,0,c
  8041   001E34  0782               	decf	(dtoa@i+1)& (0+255),f,b
  8042   001E36                     
  8043                           ; BSR set to: 0
  8044                           ;C:\Program Files\Microchip\xc8\v2.40\pic\sources\c99\common\doprnt.c: 488:         dbuf
      +                          [i] = (char)((int)'0' + abs(n % 10));
  8045   001E36  0E30               	movlw	low _dbuf
  8046   001E38  2581               	addwf	dtoa@i& (0+255),w,b
  8047   001E3A  6ED9               	movwf	fsr2l,c
  8048   001E3C  0E01               	movlw	high _dbuf
  8049   001E3E  2182               	addwfc	(dtoa@i+1)& (0+255),w,b
  8050   001E40  6EDA               	movwf	fsr2h,c
  8051   001E42  C078  F016         	movff	dtoa@n,___aomod@dividend
  8052   001E46  C079  F017         	movff	dtoa@n+1,___aomod@dividend+1
  8053   001E4A  C07A  F018         	movff	dtoa@n+2,___aomod@dividend+2
  8054   001E4E  C07B  F019         	movff	dtoa@n+3,___aomod@dividend+3
  8055   001E52  C07C  F01A         	movff	dtoa@n+4,___aomod@dividend+4
  8056   001E56  C07D  F01B         	movff	dtoa@n+5,___aomod@dividend+5
  8057   001E5A  C07E  F01C         	movff	dtoa@n+6,___aomod@dividend+6
  8058   001E5E  C07F  F01D         	movff	dtoa@n+7,___aomod@dividend+7
  8059   001E62  0E0A               	movlw	10
  8060   001E64  6E1E               	movwf	___aomod@divisor^0,c
  8061   001E66  0E00               	movlw	0
  8062   001E68  6E1F               	movwf	(___aomod@divisor+1)^0,c
  8063   001E6A  0E00               	movlw	0
  8064   001E6C  6E20               	movwf	(___aomod@divisor+2)^0,c
  8065   001E6E  0E00               	movlw	0
  8066   001E70  6E21               	movwf	(___aomod@divisor+3)^0,c
  8067   001E72  0E00               	movlw	0
  8068   001E74  6E22               	movwf	(___aomod@divisor+4)^0,c
  8069   001E76  0E00               	movlw	0
  8070   001E78  6E23               	movwf	(___aomod@divisor+5)^0,c
  8071   001E7A  0E00               	movlw	0
  8072   001E7C  6E24               	movwf	(___aomod@divisor+6)^0,c
  8073   001E7E  0E00               	movlw	0
  8074   001E80  6E25               	movwf	(___aomod@divisor+7)^0,c
  8075   001E82  ECA4  F011         	call	___aomod	;wreg free
  8076   001E86  C016  F06A         	movff	?___aomod,??_dtoa
  8077   001E8A  C017  F06B         	movff	?___aomod+1,??_dtoa+1
  8078   001E8E  C018  F06C         	movff	?___aomod+2,??_dtoa+2
  8079   001E92  C019  F06D         	movff	?___aomod+3,??_dtoa+3
  8080   001E96  C01A  F06E         	movff	?___aomod+4,??_dtoa+4
  8081   001E9A  C01B  F06F         	movff	?___aomod+5,??_dtoa+5
  8082   001E9E  C01C  F070         	movff	?___aomod+6,??_dtoa+6
  8083   001EA2  C01D  F071         	movff	?___aomod+7,??_dtoa+7
  8084   001EA6  C06A  F028         	movff	??_dtoa,abs@a
  8085   001EAA  C06B  F029         	movff	??_dtoa+1,abs@a+1
  8086   001EAE  ECF5  F01D         	call	_abs	;wreg free
  8087   001EB2  5028               	movf	?_abs^0,w,c
  8088   001EB4  0F30               	addlw	48
  8089   001EB6  6EDF               	movwf	indf2,c
  8090   001EB8                     
  8091                           ;C:\Program Files\Microchip\xc8\v2.40\pic\sources\c99\common\doprnt.c: 489:         --p;
  8092   001EB8  0100               	movlb	0	; () banked
  8093   001EBA  0774               	decf	dtoa@p& (0+255),f,b
  8094   001EBC  A0D8               	btfss	status,0,c
  8095   001EBE  0775               	decf	(dtoa@p+1)& (0+255),f,b
  8096   001EC0                     
  8097                           ; BSR set to: 0
  8098                           ;C:\Program Files\Microchip\xc8\v2.40\pic\sources\c99\common\doprnt.c: 490:         --w;
  8099   001EC0  0776               	decf	dtoa@w& (0+255),f,b
  8100   001EC2  A0D8               	btfss	status,0,c
  8101   001EC4  0777               	decf	(dtoa@w+1)& (0+255),f,b
  8102   001EC6                     
  8103                           ; BSR set to: 0
  8104                           ;C:\Program Files\Microchip\xc8\v2.40\pic\sources\c99\common\doprnt.c: 491:         n = 
      +                          n / 10;
  8105   001EC6  C078  F016         	movff	dtoa@n,___aodiv@dividend
  8106   001ECA  C079  F017         	movff	dtoa@n+1,___aodiv@dividend+1
  8107   001ECE  C07A  F018         	movff	dtoa@n+2,___aodiv@dividend+2
  8108   001ED2  C07B  F019         	movff	dtoa@n+3,___aodiv@dividend+3
  8109   001ED6  C07C  F01A         	movff	dtoa@n+4,___aodiv@dividend+4
  8110   001EDA  C07D  F01B         	movff	dtoa@n+5,___aodiv@dividend+5
  8111   001EDE  C07E  F01C         	movff	dtoa@n+6,___aodiv@dividend+6
  8112   001EE2  C07F  F01D         	movff	dtoa@n+7,___aodiv@dividend+7
  8113   001EE6  0E0A               	movlw	10
  8114   001EE8  6E1E               	movwf	___aodiv@divisor^0,c
  8115   001EEA  0E00               	movlw	0
  8116   001EEC  6E1F               	movwf	(___aodiv@divisor+1)^0,c
  8117   001EEE  0E00               	movlw	0
  8118   001EF0  6E20               	movwf	(___aodiv@divisor+2)^0,c
  8119   001EF2  0E00               	movlw	0
  8120   001EF4  6E21               	movwf	(___aodiv@divisor+3)^0,c
  8121   001EF6  0E00               	movlw	0
  8122   001EF8  6E22               	movwf	(___aodiv@divisor+4)^0,c
  8123   001EFA  0E00               	movlw	0
  8124   001EFC  6E23               	movwf	(___aodiv@divisor+5)^0,c
  8125   001EFE  0E00               	movlw	0
  8126   001F00  6E24               	movwf	(___aodiv@divisor+6)^0,c
  8127   001F02  0E00               	movlw	0
  8128   001F04  6E25               	movwf	(___aodiv@divisor+7)^0,c
  8129   001F06  ECE0  F010         	call	___aodiv	;wreg free
  8130   001F0A  C016  F078         	movff	?___aodiv,dtoa@n
  8131   001F0E  C017  F079         	movff	?___aodiv+1,dtoa@n+1
  8132   001F12  C018  F07A         	movff	?___aodiv+2,dtoa@n+2
  8133   001F16  C019  F07B         	movff	?___aodiv+3,dtoa@n+3
  8134   001F1A  C01A  F07C         	movff	?___aodiv+4,dtoa@n+4
  8135   001F1E  C01B  F07D         	movff	?___aodiv+5,dtoa@n+5
  8136   001F22  C01C  F07E         	movff	?___aodiv+6,dtoa@n+6
  8137   001F26  C01D  F07F         	movff	?___aodiv+7,dtoa@n+7
  8138   001F2A                     l5952:
  8139                           
  8140                           ;C:\Program Files\Microchip\xc8\v2.40\pic\sources\c99\common\doprnt.c: 482:     while (!
      +                          (i < 1) && (n || (0 < p)
  8141   001F2A  0100               	movlb	0	; () banked
  8142   001F2C  BF82               	btfsc	(dtoa@i+1)& (0+255),7,b
  8143   001F2E  EFA1  F00F         	goto	u5011
  8144   001F32  5182               	movf	(dtoa@i+1)& (0+255),w,b
  8145   001F34  E108               	bnz	u5010
  8146   001F36  0581               	decf	dtoa@i& (0+255),w,b
  8147   001F38  A0D8               	btfss	status,0,c
  8148   001F3A  EFA1  F00F         	goto	u5011
  8149   001F3E  EFA3  F00F         	goto	u5010
  8150   001F42                     u5011:
  8151   001F42  EFD3  F00F         	goto	l5962
  8152   001F46                     u5010:
  8153   001F46                     
  8154                           ; BSR set to: 0
  8155   001F46  5178               	movf	dtoa@n& (0+255),w,b
  8156   001F48  1179               	iorwf	(dtoa@n+1)& (0+255),w,b
  8157   001F4A  117A               	iorwf	(dtoa@n+2)& (0+255),w,b
  8158   001F4C  117B               	iorwf	(dtoa@n+3)& (0+255),w,b
  8159   001F4E  117C               	iorwf	(dtoa@n+4)& (0+255),w,b
  8160   001F50  117D               	iorwf	(dtoa@n+5)& (0+255),w,b
  8161   001F52  117E               	iorwf	(dtoa@n+6)& (0+255),w,b
  8162   001F54  117F               	iorwf	(dtoa@n+7)& (0+255),w,b
  8163   001F56  A4D8               	btfss	status,2,c
  8164   001F58  EFB0  F00F         	goto	u5021
  8165   001F5C  EFB2  F00F         	goto	u5020
  8166   001F60                     u5021:
  8167   001F60  EF18  F00F         	goto	l5942
  8168   001F64                     u5020:
  8169   001F64                     
  8170                           ; BSR set to: 0
  8171   001F64  BF75               	btfsc	(dtoa@p+1)& (0+255),7,b
  8172   001F66  EFBF  F00F         	goto	u5030
  8173   001F6A  5175               	movf	(dtoa@p+1)& (0+255),w,b
  8174   001F6C  E106               	bnz	u5031
  8175   001F6E  0574               	decf	dtoa@p& (0+255),w,b
  8176   001F70  B0D8               	btfsc	status,0,c
  8177   001F72  EFBD  F00F         	goto	u5031
  8178   001F76  EFBF  F00F         	goto	u5030
  8179   001F7A                     u5031:
  8180   001F7A  EF18  F00F         	goto	l5942
  8181   001F7E                     u5030:
  8182   001F7E                     
  8183                           ; BSR set to: 0
  8184   001F7E  BF77               	btfsc	(dtoa@w+1)& (0+255),7,b
  8185   001F80  EFCA  F00F         	goto	u5041
  8186   001F84  5177               	movf	(dtoa@w+1)& (0+255),w,b
  8187   001F86  E108               	bnz	u5040
  8188   001F88  0576               	decf	dtoa@w& (0+255),w,b
  8189   001F8A  A0D8               	btfss	status,0,c
  8190   001F8C  EFCA  F00F         	goto	u5041
  8191   001F90  EFCC  F00F         	goto	u5040
  8192   001F94                     u5041:
  8193   001F94  EFD3  F00F         	goto	l5962
  8194   001F98                     u5040:
  8195   001F98                     
  8196                           ; BSR set to: 0
  8197   001F98  B23C               	btfsc	_flags^0,1,c
  8198   001F9A  EFD1  F00F         	goto	u5051
  8199   001F9E  EFD3  F00F         	goto	u5050
  8200   001FA2                     u5051:
  8201   001FA2  EF18  F00F         	goto	l5942
  8202   001FA6                     u5050:
  8203   001FA6                     l5962:
  8204                           
  8205                           ; BSR set to: 0
  8206                           ;C:\Program Files\Microchip\xc8\v2.40\pic\sources\c99\common\doprnt.c: 495:     if (s !=
      +                           0) {
  8207   001FA6  5180               	movf	dtoa@s& (0+255),w,b
  8208   001FA8  B4D8               	btfsc	status,2,c
  8209   001FAA  EFD9  F00F         	goto	u5061
  8210   001FAE  EFDB  F00F         	goto	u5060
  8211   001FB2                     u5061:
  8212   001FB2  EFE6  F00F         	goto	l5968
  8213   001FB6                     u5060:
  8214   001FB6                     
  8215                           ; BSR set to: 0
  8216                           ;C:\Program Files\Microchip\xc8\v2.40\pic\sources\c99\common\doprnt.c: 496:         --i;
  8217   001FB6  0781               	decf	dtoa@i& (0+255),f,b
  8218   001FB8  A0D8               	btfss	status,0,c
  8219   001FBA  0782               	decf	(dtoa@i+1)& (0+255),f,b
  8220   001FBC                     
  8221                           ; BSR set to: 0
  8222                           ;C:\Program Files\Microchip\xc8\v2.40\pic\sources\c99\common\doprnt.c: 497:         dbuf
      +                          [i] = s;
  8223   001FBC  0E30               	movlw	low _dbuf
  8224   001FBE  2581               	addwf	dtoa@i& (0+255),w,b
  8225   001FC0  6ED9               	movwf	fsr2l,c
  8226   001FC2  0E01               	movlw	high _dbuf
  8227   001FC4  2182               	addwfc	(dtoa@i+1)& (0+255),w,b
  8228   001FC6  6EDA               	movwf	fsr2h,c
  8229   001FC8  C080  FFDF         	movff	dtoa@s,indf2
  8230   001FCC                     l5968:
  8231                           
  8232                           ; BSR set to: 0
  8233                           ;C:\Program Files\Microchip\xc8\v2.40\pic\sources\c99\common\doprnt.c: 501:     return (
      +                          void) pad(fp, &dbuf[i], w);
  8234   001FCC  C060  F028         	movff	dtoa@fp,pad@fp
  8235   001FD0  C061  F029         	movff	dtoa@fp+1,pad@fp+1
  8236   001FD4  0E30               	movlw	low _dbuf
  8237   001FD6  2581               	addwf	dtoa@i& (0+255),w,b
  8238   001FD8  6E2A               	movwf	pad@buf^0,c
  8239   001FDA  0E01               	movlw	high _dbuf
  8240   001FDC  2182               	addwfc	(dtoa@i+1)& (0+255),w,b
  8241   001FDE  6E2B               	movwf	(pad@buf+1)^0,c
  8242   001FE0  C076  F02C         	movff	dtoa@w,pad@p
  8243   001FE4  C077  F02D         	movff	dtoa@w+1,pad@p+1
  8244   001FE8  ECCF  F018         	call	_pad	;wreg free
  8245   001FEC  0012               	return		;funcret
  8246   001FEE                     __end_of_dtoa:
  8247                           	callstack 0
  8248                           
  8249 ;; *************** function _pad *****************
  8250 ;; Defined at:
  8251 ;;		line 133 in file "C:\Program Files\Microchip\xc8\v2.40\pic\sources\c99\common\doprnt.c"
  8252 ;; Parameters:    Size  Location     Type
  8253 ;;  fp              2   39[COMRAM] PTR struct _IO_FILE
  8254 ;;		 -> sprintf@f(11), 
  8255 ;;  buf             2   41[COMRAM] PTR unsigned char 
  8256 ;;		 -> dbuf(32), 
  8257 ;;  p               2   43[COMRAM] int 
  8258 ;; Auto vars:     Size  Location     Type
  8259 ;;  w               2   48[COMRAM] int 
  8260 ;;  i               2   46[COMRAM] int 
  8261 ;; Return value:  Size  Location     Type
  8262 ;;                  1    wreg      void 
  8263 ;; Registers used:
  8264 ;;		wreg, fsr1l, fsr1h, fsr2l, fsr2h, status,2, status,0, cstack
  8265 ;; Tracked objects:
  8266 ;;		On entry : 0/0
  8267 ;;		On exit  : 0/0
  8268 ;;		Unchanged: 0/0
  8269 ;; Data sizes:     COMRAM   BANK0   BANK1   BANK2   BANK3   BANK4   BANK5   BANK6   BANK7   BANK8   BANK9  BANK10  BANK1
      +1  BANK12  BANK13  BANK14  BANK15
  8270 ;;      Params:         6       0       0       0       0       0       0       0       0       0       0       0       
      +0       0       0       0       0
  8271 ;;      Locals:         4       0       0       0       0       0       0       0       0       0       0       0       
      +0       0       0       0       0
  8272 ;;      Temps:          1       0       0       0       0       0       0       0       0       0       0       0       
      +0       0       0       0       0
  8273 ;;      Totals:        11       0       0       0       0       0       0       0       0       0       0       0       
      +0       0       0       0       0
  8274 ;;Total ram usage:       11 bytes
  8275 ;; Hardware stack levels used: 1
  8276 ;; Hardware stack levels required when called: 9
  8277 ;; This function calls:
  8278 ;;		_fputc
  8279 ;;		_fputs
  8280 ;; This function is called by:
  8281 ;;		_dtoa
  8282 ;;		_xtoa
  8283 ;; This function uses a non-reentrant model
  8284 ;;
  8285                           
  8286                           	psect	text55
  8287   00319E                     __ptext55:
  8288                           	callstack 0
  8289   00319E                     _pad:
  8290                           	callstack 15
  8291   00319E                     
  8292                           ;C:\Program Files\Microchip\xc8\v2.40\pic\sources\c99\common\doprnt.c: 133: static void 
      +                          pad(FILE *fp, char *buf, int p);C:\Program Files\Microchip\xc8\v2.40\pic\sources\c99\com
      +                          mon\doprnt.c: 134: {;C:\Program Files\Microchip\xc8\v2.40\pic\sources\c99\common\doprnt.
      +                          c: 135:     int i, w;;C:\Program Files\Microchip\xc8\v2.40\pic\sources\c99\common\doprnt
      +                          .c: 145:     w = (p < 0) ? 0 : p;
  8293   00319E  BE2D               	btfsc	(pad@p+1)^0,7,c
  8294   0031A0  EFD4  F018         	goto	u4781
  8295   0031A4  EFD6  F018         	goto	u4780
  8296   0031A8                     u4781:
  8297   0031A8  EFDC  F018         	goto	l5852
  8298   0031AC                     u4780:
  8299   0031AC  C02C  F031         	movff	pad@p,pad@w
  8300   0031B0  C02D  F032         	movff	pad@p+1,pad@w+1
  8301   0031B4  EFE0  F018         	goto	l1660
  8302   0031B8                     l5852:
  8303   0031B8  0E00               	movlw	0
  8304   0031BA  6E32               	movwf	(pad@w+1)^0,c
  8305   0031BC  0E00               	movlw	0
  8306   0031BE  6E31               	movwf	pad@w^0,c
  8307   0031C0                     l1660:
  8308                           
  8309                           ;C:\Program Files\Microchip\xc8\v2.40\pic\sources\c99\common\doprnt.c: 146:     i = 0;
  8310   0031C0  0E00               	movlw	0
  8311   0031C2  6E30               	movwf	(pad@i+1)^0,c
  8312   0031C4  0E00               	movlw	0
  8313   0031C6  6E2F               	movwf	pad@i^0,c
  8314                           
  8315                           ;C:\Program Files\Microchip\xc8\v2.40\pic\sources\c99\common\doprnt.c: 147:     while (i
      +                           < w) {
  8316   0031C8  EFF2  F018         	goto	l5858
  8317   0031CC                     l5854:
  8318                           
  8319                           ;C:\Program Files\Microchip\xc8\v2.40\pic\sources\c99\common\doprnt.c: 148:         fput
      +                          c(' ', fp);
  8320   0031CC  0E00               	movlw	0
  8321   0031CE  6E19               	movwf	(fputc@c+1)^0,c
  8322   0031D0  0E20               	movlw	32
  8323   0031D2  6E18               	movwf	fputc@c^0,c
  8324   0031D4  C028  F01A         	movff	pad@fp,fputc@fp
  8325   0031D8  C029  F01B         	movff	pad@fp+1,fputc@fp+1
  8326   0031DC  EC50  F015         	call	_fputc	;wreg free
  8327   0031E0                     
  8328                           ;C:\Program Files\Microchip\xc8\v2.40\pic\sources\c99\common\doprnt.c: 149:         ++i;
  8329   0031E0  4A2F               	infsnz	pad@i^0,f,c
  8330   0031E2  2A30               	incf	(pad@i+1)^0,f,c
  8331   0031E4                     l5858:
  8332                           
  8333                           ;C:\Program Files\Microchip\xc8\v2.40\pic\sources\c99\common\doprnt.c: 147:     while (i
      +                           < w) {
  8334   0031E4  5031               	movf	pad@w^0,w,c
  8335   0031E6  5C2F               	subwf	pad@i^0,w,c
  8336   0031E8  5030               	movf	(pad@i+1)^0,w,c
  8337   0031EA  0A80               	xorlw	128
  8338   0031EC  6E2E               	movwf	??_pad^0,c
  8339   0031EE  5032               	movf	(pad@w+1)^0,w,c
  8340   0031F0  0A80               	xorlw	128
  8341   0031F2  582E               	subwfb	??_pad^0,w,c
  8342   0031F4  A0D8               	btfss	status,0,c
  8343   0031F6  EFFF  F018         	goto	u4791
  8344   0031FA  EF01  F019         	goto	u4790
  8345   0031FE                     u4791:
  8346   0031FE  EFE6  F018         	goto	l5854
  8347   003202                     u4790:
  8348   003202                     
  8349                           ;C:\Program Files\Microchip\xc8\v2.40\pic\sources\c99\common\doprnt.c: 156:         fput
      +                          s((const char *)buf, fp);
  8350   003202  C02A  F021         	movff	pad@buf,fputs@s
  8351   003206  C02B  F022         	movff	pad@buf+1,fputs@s+1
  8352   00320A  C028  F023         	movff	pad@fp,fputs@fp
  8353   00320E  C029  F024         	movff	pad@fp+1,fputs@fp+1
  8354   003212  EC6E  F01D         	call	_fputs	;wreg free
  8355   003216  0012               	return		;funcret
  8356   003218                     __end_of_pad:
  8357                           	callstack 0
  8358                           
  8359 ;; *************** function _fputs *****************
  8360 ;; Defined at:
  8361 ;;		line 8 in file "C:\Program Files\Microchip\xc8\v2.40\pic\sources\c99\common\nf_fputs.c"
  8362 ;; Parameters:    Size  Location     Type
  8363 ;;  s               2   32[COMRAM] PTR const unsigned char 
  8364 ;;		 -> dbuf(32), 
  8365 ;;  fp              2   34[COMRAM] PTR struct _IO_FILE
  8366 ;;		 -> sprintf@f(11), 
  8367 ;; Auto vars:     Size  Location     Type
  8368 ;;  i               2   37[COMRAM] int 
  8369 ;;  c               1   36[COMRAM] unsigned char 
  8370 ;; Return value:  Size  Location     Type
  8371 ;;                  2   32[COMRAM] int 
  8372 ;; Registers used:
  8373 ;;		wreg, fsr1l, fsr1h, fsr2l, fsr2h, status,2, status,0, cstack
  8374 ;; Tracked objects:
  8375 ;;		On entry : 0/0
  8376 ;;		On exit  : 0/0
  8377 ;;		Unchanged: 0/0
  8378 ;; Data sizes:     COMRAM   BANK0   BANK1   BANK2   BANK3   BANK4   BANK5   BANK6   BANK7   BANK8   BANK9  BANK10  BANK1
      +1  BANK12  BANK13  BANK14  BANK15
  8379 ;;      Params:         4       0       0       0       0       0       0       0       0       0       0       0       
      +0       0       0       0       0
  8380 ;;      Locals:         3       0       0       0       0       0       0       0       0       0       0       0       
      +0       0       0       0       0
  8381 ;;      Temps:          0       0       0       0       0       0       0       0       0       0       0       0       
      +0       0       0       0       0
  8382 ;;      Totals:         7       0       0       0       0       0       0       0       0       0       0       0       
      +0       0       0       0       0
  8383 ;;Total ram usage:        7 bytes
  8384 ;; Hardware stack levels used: 1
  8385 ;; Hardware stack levels required when called: 8
  8386 ;; This function calls:
  8387 ;;		_fputc
  8388 ;; This function is called by:
  8389 ;;		_pad
  8390 ;; This function uses a non-reentrant model
  8391 ;;
  8392                           
  8393                           	psect	text56
  8394   003ADC                     __ptext56:
  8395                           	callstack 0
  8396   003ADC                     _fputs:
  8397                           	callstack 15
  8398   003ADC  0E00               	movlw	0
  8399   003ADE  6E27               	movwf	(fputs@i+1)^0,c
  8400   003AE0  0E00               	movlw	0
  8401   003AE2  6E26               	movwf	fputs@i^0,c
  8402   003AE4  EF7F  F01D         	goto	l5750
  8403   003AE8                     l5746:
  8404   003AE8  C025  F018         	movff	fputs@c,fputc@c
  8405   003AEC  6A19               	clrf	(fputc@c+1)^0,c
  8406   003AEE  C023  F01A         	movff	fputs@fp,fputc@fp
  8407   003AF2  C024  F01B         	movff	fputs@fp+1,fputc@fp+1
  8408   003AF6  EC50  F015         	call	_fputc	;wreg free
  8409   003AFA  4A26               	infsnz	fputs@i^0,f,c
  8410   003AFC  2A27               	incf	(fputs@i+1)^0,f,c
  8411   003AFE                     l5750:
  8412   003AFE  5026               	movf	fputs@i^0,w,c
  8413   003B00  2421               	addwf	fputs@s^0,w,c
  8414   003B02  6ED9               	movwf	fsr2l,c
  8415   003B04  5027               	movf	(fputs@i+1)^0,w,c
  8416   003B06  2022               	addwfc	(fputs@s+1)^0,w,c
  8417   003B08  6EDA               	movwf	fsr2h,c
  8418   003B0A  50DF               	movf	indf2,w,c
  8419   003B0C  6E25               	movwf	fputs@c^0,c
  8420   003B0E  5025               	movf	fputs@c^0,w,c
  8421   003B10  A4D8               	btfss	status,2,c
  8422   003B12  EF8D  F01D         	goto	u4621
  8423   003B16  EF8F  F01D         	goto	u4620
  8424   003B1A                     u4621:
  8425   003B1A  EF74  F01D         	goto	l5746
  8426   003B1E                     u4620:
  8427   003B1E  0012               	return		;funcret
  8428   003B20                     __end_of_fputs:
  8429                           	callstack 0
  8430                           
  8431 ;; *************** function _abs *****************
  8432 ;; Defined at:
  8433 ;;		line 1 in file "C:\Program Files\Microchip\xc8\v2.40\pic\sources\c99\common\abs.c"
  8434 ;; Parameters:    Size  Location     Type
  8435 ;;  a               2   39[COMRAM] int 
  8436 ;; Auto vars:     Size  Location     Type
  8437 ;;		None
  8438 ;; Return value:  Size  Location     Type
  8439 ;;                  2   39[COMRAM] int 
  8440 ;; Registers used:
  8441 ;;		wreg, status,2, status,0
  8442 ;; Tracked objects:
  8443 ;;		On entry : 0/0
  8444 ;;		On exit  : 0/0
  8445 ;;		Unchanged: 0/0
  8446 ;; Data sizes:     COMRAM   BANK0   BANK1   BANK2   BANK3   BANK4   BANK5   BANK6   BANK7   BANK8   BANK9  BANK10  BANK1
      +1  BANK12  BANK13  BANK14  BANK15
  8447 ;;      Params:         2       0       0       0       0       0       0       0       0       0       0       0       
      +0       0       0       0       0
  8448 ;;      Locals:         0       0       0       0       0       0       0       0       0       0       0       0       
      +0       0       0       0       0
  8449 ;;      Temps:          2       0       0       0       0       0       0       0       0       0       0       0       
      +0       0       0       0       0
  8450 ;;      Totals:         4       0       0       0       0       0       0       0       0       0       0       0       
      +0       0       0       0       0
  8451 ;;Total ram usage:        4 bytes
  8452 ;; Hardware stack levels used: 1
  8453 ;; Hardware stack levels required when called: 5
  8454 ;; This function calls:
  8455 ;;		Nothing
  8456 ;; This function is called by:
  8457 ;;		_dtoa
  8458 ;; This function uses a non-reentrant model
  8459 ;;
  8460                           
  8461                           	psect	text57
  8462   003BEA                     __ptext57:
  8463                           	callstack 0
  8464   003BEA                     _abs:
  8465                           	callstack 19
  8466   003BEA  BE29               	btfsc	(abs@a+1)^0,7,c
  8467   003BEC  EF02  F01E         	goto	u4800
  8468   003BF0  5029               	movf	(abs@a+1)^0,w,c
  8469   003BF2  E106               	bnz	u4801
  8470   003BF4  0428               	decf	abs@a^0,w,c
  8471   003BF6  B0D8               	btfsc	status,0,c
  8472   003BF8  EF00  F01E         	goto	u4801
  8473   003BFC  EF02  F01E         	goto	u4800
  8474   003C00                     u4801:
  8475   003C00  EF10  F01E         	goto	l1783
  8476   003C04                     u4800:
  8477   003C04  C028  F02A         	movff	abs@a,??_abs
  8478   003C08  C029  F02B         	movff	abs@a+1,??_abs+1
  8479   003C0C  1E2A               	comf	??_abs^0,f,c
  8480   003C0E  1E2B               	comf	(??_abs+1)^0,f,c
  8481   003C10  4A2A               	infsnz	??_abs^0,f,c
  8482   003C12  2A2B               	incf	(??_abs+1)^0,f,c
  8483   003C14  C02A  F028         	movff	??_abs,?_abs
  8484   003C18  C02B  F029         	movff	??_abs+1,?_abs+1
  8485   003C1C  EF14  F01E         	goto	l1786
  8486   003C20                     l1783:
  8487   003C20  C028  F028         	movff	abs@a,?_abs
  8488   003C24  C029  F029         	movff	abs@a+1,?_abs+1
  8489   003C28                     l1786:
  8490   003C28  0012               	return		;funcret
  8491   003C2A                     __end_of_abs:
  8492                           	callstack 0
  8493                           
  8494 ;; *************** function ___aomod *****************
  8495 ;; Defined at:
  8496 ;;		line 9 in file "C:\Program Files\Microchip\xc8\v2.40\pic\sources\c99\common\aomod.c"
  8497 ;; Parameters:    Size  Location     Type
  8498 ;;  dividend        8   21[COMRAM] long long 
  8499 ;;  divisor         8   29[COMRAM] long long 
  8500 ;; Auto vars:     Size  Location     Type
  8501 ;;  sign            1   38[COMRAM] unsigned char 
  8502 ;;  counter         1   37[COMRAM] unsigned char 
  8503 ;; Return value:  Size  Location     Type
  8504 ;;                  8   21[COMRAM] long long 
  8505 ;; Registers used:
  8506 ;;		wreg, status,2, status,0
  8507 ;; Tracked objects:
  8508 ;;		On entry : 0/0
  8509 ;;		On exit  : 0/0
  8510 ;;		Unchanged: 0/0
  8511 ;; Data sizes:     COMRAM   BANK0   BANK1   BANK2   BANK3   BANK4   BANK5   BANK6   BANK7   BANK8   BANK9  BANK10  BANK1
      +1  BANK12  BANK13  BANK14  BANK15
  8512 ;;      Params:        16       0       0       0       0       0       0       0       0       0       0       0       
      +0       0       0       0       0
  8513 ;;      Locals:         2       0       0       0       0       0       0       0       0       0       0       0       
      +0       0       0       0       0
  8514 ;;      Temps:          0       0       0       0       0       0       0       0       0       0       0       0       
      +0       0       0       0       0
  8515 ;;      Totals:        18       0       0       0       0       0       0       0       0       0       0       0       
      +0       0       0       0       0
  8516 ;;Total ram usage:       18 bytes
  8517 ;; Hardware stack levels used: 1
  8518 ;; Hardware stack levels required when called: 5
  8519 ;; This function calls:
  8520 ;;		Nothing
  8521 ;; This function is called by:
  8522 ;;		_dtoa
  8523 ;; This function uses a non-reentrant model
  8524 ;;
  8525                           
  8526                           	psect	text58
  8527   002348                     __ptext58:
  8528                           	callstack 0
  8529   002348                     ___aomod:
  8530                           	callstack 19
  8531   002348  0E00               	movlw	0
  8532   00234A  6E27               	movwf	___aomod@sign^0,c
  8533   00234C  BE1D               	btfsc	(___aomod@dividend+7)^0,7,c
  8534   00234E  EFAD  F011         	goto	u4720
  8535   002352  EFAB  F011         	goto	u4721
  8536   002356                     u4721:
  8537   002356  EFBF  F011         	goto	l5820
  8538   00235A                     u4720:
  8539   00235A  1E1D               	comf	(___aomod@dividend+7)^0,f,c
  8540   00235C  1E1C               	comf	(___aomod@dividend+6)^0,f,c
  8541   00235E  1E1B               	comf	(___aomod@dividend+5)^0,f,c
  8542   002360  1E1A               	comf	(___aomod@dividend+4)^0,f,c
  8543   002362  1E19               	comf	(___aomod@dividend+3)^0,f,c
  8544   002364  1E18               	comf	(___aomod@dividend+2)^0,f,c
  8545   002366  1E17               	comf	(___aomod@dividend+1)^0,f,c
  8546   002368  6C16               	negf	___aomod@dividend^0,c
  8547   00236A  0E00               	movlw	0
  8548   00236C  2217               	addwfc	(___aomod@dividend+1)^0,f,c
  8549   00236E  2218               	addwfc	(___aomod@dividend+2)^0,f,c
  8550   002370  2219               	addwfc	(___aomod@dividend+3)^0,f,c
  8551   002372  221A               	addwfc	(___aomod@dividend+4)^0,f,c
  8552   002374  221B               	addwfc	(___aomod@dividend+5)^0,f,c
  8553   002376  221C               	addwfc	(___aomod@dividend+6)^0,f,c
  8554   002378  221D               	addwfc	(___aomod@dividend+7)^0,f,c
  8555   00237A  0E01               	movlw	1
  8556   00237C  6E27               	movwf	___aomod@sign^0,c
  8557   00237E                     l5820:
  8558   00237E  BE25               	btfsc	(___aomod@divisor+7)^0,7,c
  8559   002380  EFC6  F011         	goto	u4730
  8560   002384  EFC4  F011         	goto	u4731
  8561   002388                     u4731:
  8562   002388  EFD6  F011         	goto	l5824
  8563   00238C                     u4730:
  8564   00238C  1E25               	comf	(___aomod@divisor+7)^0,f,c
  8565   00238E  1E24               	comf	(___aomod@divisor+6)^0,f,c
  8566   002390  1E23               	comf	(___aomod@divisor+5)^0,f,c
  8567   002392  1E22               	comf	(___aomod@divisor+4)^0,f,c
  8568   002394  1E21               	comf	(___aomod@divisor+3)^0,f,c
  8569   002396  1E20               	comf	(___aomod@divisor+2)^0,f,c
  8570   002398  1E1F               	comf	(___aomod@divisor+1)^0,f,c
  8571   00239A  6C1E               	negf	___aomod@divisor^0,c
  8572   00239C  0E00               	movlw	0
  8573   00239E  221F               	addwfc	(___aomod@divisor+1)^0,f,c
  8574   0023A0  2220               	addwfc	(___aomod@divisor+2)^0,f,c
  8575   0023A2  2221               	addwfc	(___aomod@divisor+3)^0,f,c
  8576   0023A4  2222               	addwfc	(___aomod@divisor+4)^0,f,c
  8577   0023A6  2223               	addwfc	(___aomod@divisor+5)^0,f,c
  8578   0023A8  2224               	addwfc	(___aomod@divisor+6)^0,f,c
  8579   0023AA  2225               	addwfc	(___aomod@divisor+7)^0,f,c
  8580   0023AC                     l5824:
  8581   0023AC  501E               	movf	___aomod@divisor^0,w,c
  8582   0023AE  101F               	iorwf	(___aomod@divisor+1)^0,w,c
  8583   0023B0  1020               	iorwf	(___aomod@divisor+2)^0,w,c
  8584   0023B2  1021               	iorwf	(___aomod@divisor+3)^0,w,c
  8585   0023B4  1022               	iorwf	(___aomod@divisor+4)^0,w,c
  8586   0023B6  1023               	iorwf	(___aomod@divisor+5)^0,w,c
  8587   0023B8  1024               	iorwf	(___aomod@divisor+6)^0,w,c
  8588   0023BA  1025               	iorwf	(___aomod@divisor+7)^0,w,c
  8589   0023BC  B4D8               	btfsc	status,2,c
  8590   0023BE  EFE3  F011         	goto	u4741
  8591   0023C2  EFE5  F011         	goto	u4740
  8592   0023C6                     u4741:
  8593   0023C6  EF2D  F012         	goto	l5840
  8594   0023CA                     u4740:
  8595   0023CA  0E01               	movlw	1
  8596   0023CC  6E26               	movwf	___aomod@counter^0,c
  8597   0023CE  EFF3  F011         	goto	l5830
  8598   0023D2                     l5828:
  8599   0023D2  90D8               	bcf	status,0,c
  8600   0023D4  361E               	rlcf	___aomod@divisor^0,f,c
  8601   0023D6  361F               	rlcf	(___aomod@divisor+1)^0,f,c
  8602   0023D8  3620               	rlcf	(___aomod@divisor+2)^0,f,c
  8603   0023DA  3621               	rlcf	(___aomod@divisor+3)^0,f,c
  8604   0023DC  3622               	rlcf	(___aomod@divisor+4)^0,f,c
  8605   0023DE  3623               	rlcf	(___aomod@divisor+5)^0,f,c
  8606   0023E0  3624               	rlcf	(___aomod@divisor+6)^0,f,c
  8607   0023E2  3625               	rlcf	(___aomod@divisor+7)^0,f,c
  8608   0023E4  2A26               	incf	___aomod@counter^0,f,c
  8609   0023E6                     l5830:
  8610   0023E6  AE25               	btfss	(___aomod@divisor+7)^0,7,c
  8611   0023E8  EFF8  F011         	goto	u4751
  8612   0023EC  EFFA  F011         	goto	u4750
  8613   0023F0                     u4751:
  8614   0023F0  EFE9  F011         	goto	l5828
  8615   0023F4                     u4750:
  8616   0023F4                     l5832:
  8617   0023F4  501E               	movf	___aomod@divisor^0,w,c
  8618   0023F6  5C16               	subwf	___aomod@dividend^0,w,c
  8619   0023F8  501F               	movf	(___aomod@divisor+1)^0,w,c
  8620   0023FA  5817               	subwfb	(___aomod@dividend+1)^0,w,c
  8621   0023FC  5020               	movf	(___aomod@divisor+2)^0,w,c
  8622   0023FE  5818               	subwfb	(___aomod@dividend+2)^0,w,c
  8623   002400  5021               	movf	(___aomod@divisor+3)^0,w,c
  8624   002402  5819               	subwfb	(___aomod@dividend+3)^0,w,c
  8625   002404  5022               	movf	(___aomod@divisor+4)^0,w,c
  8626   002406  581A               	subwfb	(___aomod@dividend+4)^0,w,c
  8627   002408  5023               	movf	(___aomod@divisor+5)^0,w,c
  8628   00240A  581B               	subwfb	(___aomod@dividend+5)^0,w,c
  8629   00240C  5024               	movf	(___aomod@divisor+6)^0,w,c
  8630   00240E  581C               	subwfb	(___aomod@dividend+6)^0,w,c
  8631   002410  5025               	movf	(___aomod@divisor+7)^0,w,c
  8632   002412  581D               	subwfb	(___aomod@dividend+7)^0,w,c
  8633   002414  A0D8               	btfss	status,0,c
  8634   002416  EF0F  F012         	goto	u4761
  8635   00241A  EF11  F012         	goto	u4760
  8636   00241E                     u4761:
  8637   00241E  EF21  F012         	goto	l5836
  8638   002422                     u4760:
  8639   002422  501E               	movf	___aomod@divisor^0,w,c
  8640   002424  5E16               	subwf	___aomod@dividend^0,f,c
  8641   002426  501F               	movf	(___aomod@divisor+1)^0,w,c
  8642   002428  5A17               	subwfb	(___aomod@dividend+1)^0,f,c
  8643   00242A  5020               	movf	(___aomod@divisor+2)^0,w,c
  8644   00242C  5A18               	subwfb	(___aomod@dividend+2)^0,f,c
  8645   00242E  5021               	movf	(___aomod@divisor+3)^0,w,c
  8646   002430  5A19               	subwfb	(___aomod@dividend+3)^0,f,c
  8647   002432  5022               	movf	(___aomod@divisor+4)^0,w,c
  8648   002434  5A1A               	subwfb	(___aomod@dividend+4)^0,f,c
  8649   002436  5023               	movf	(___aomod@divisor+5)^0,w,c
  8650   002438  5A1B               	subwfb	(___aomod@dividend+5)^0,f,c
  8651   00243A  5024               	movf	(___aomod@divisor+6)^0,w,c
  8652   00243C  5A1C               	subwfb	(___aomod@dividend+6)^0,f,c
  8653   00243E  5025               	movf	(___aomod@divisor+7)^0,w,c
  8654   002440  5A1D               	subwfb	(___aomod@dividend+7)^0,f,c
  8655   002442                     l5836:
  8656   002442  90D8               	bcf	status,0,c
  8657   002444  3225               	rrcf	(___aomod@divisor+7)^0,f,c
  8658   002446  3224               	rrcf	(___aomod@divisor+6)^0,f,c
  8659   002448  3223               	rrcf	(___aomod@divisor+5)^0,f,c
  8660   00244A  3222               	rrcf	(___aomod@divisor+4)^0,f,c
  8661   00244C  3221               	rrcf	(___aomod@divisor+3)^0,f,c
  8662   00244E  3220               	rrcf	(___aomod@divisor+2)^0,f,c
  8663   002450  321F               	rrcf	(___aomod@divisor+1)^0,f,c
  8664   002452  321E               	rrcf	___aomod@divisor^0,f,c
  8665   002454  2E26               	decfsz	___aomod@counter^0,f,c
  8666   002456  EFFA  F011         	goto	l5832
  8667   00245A                     l5840:
  8668   00245A  5027               	movf	___aomod@sign^0,w,c
  8669   00245C  B4D8               	btfsc	status,2,c
  8670   00245E  EF33  F012         	goto	u4771
  8671   002462  EF35  F012         	goto	u4770
  8672   002466                     u4771:
  8673   002466  EF45  F012         	goto	l5844
  8674   00246A                     u4770:
  8675   00246A  1E1D               	comf	(___aomod@dividend+7)^0,f,c
  8676   00246C  1E1C               	comf	(___aomod@dividend+6)^0,f,c
  8677   00246E  1E1B               	comf	(___aomod@dividend+5)^0,f,c
  8678   002470  1E1A               	comf	(___aomod@dividend+4)^0,f,c
  8679   002472  1E19               	comf	(___aomod@dividend+3)^0,f,c
  8680   002474  1E18               	comf	(___aomod@dividend+2)^0,f,c
  8681   002476  1E17               	comf	(___aomod@dividend+1)^0,f,c
  8682   002478  6C16               	negf	___aomod@dividend^0,c
  8683   00247A  0E00               	movlw	0
  8684   00247C  2217               	addwfc	(___aomod@dividend+1)^0,f,c
  8685   00247E  2218               	addwfc	(___aomod@dividend+2)^0,f,c
  8686   002480  2219               	addwfc	(___aomod@dividend+3)^0,f,c
  8687   002482  221A               	addwfc	(___aomod@dividend+4)^0,f,c
  8688   002484  221B               	addwfc	(___aomod@dividend+5)^0,f,c
  8689   002486  221C               	addwfc	(___aomod@dividend+6)^0,f,c
  8690   002488  221D               	addwfc	(___aomod@dividend+7)^0,f,c
  8691   00248A                     l5844:
  8692   00248A  C016  F016         	movff	___aomod@dividend,?___aomod
  8693   00248E  C017  F017         	movff	___aomod@dividend+1,?___aomod+1
  8694   002492  C018  F018         	movff	___aomod@dividend+2,?___aomod+2
  8695   002496  C019  F019         	movff	___aomod@dividend+3,?___aomod+3
  8696   00249A  C01A  F01A         	movff	___aomod@dividend+4,?___aomod+4
  8697   00249E  C01B  F01B         	movff	___aomod@dividend+5,?___aomod+5
  8698   0024A2  C01C  F01C         	movff	___aomod@dividend+6,?___aomod+6
  8699   0024A6  C01D  F01D         	movff	___aomod@dividend+7,?___aomod+7
  8700   0024AA  0012               	return		;funcret
  8701   0024AC                     __end_of___aomod:
  8702                           	callstack 0
  8703                           
  8704 ;; *************** function ___aodiv *****************
  8705 ;; Defined at:
  8706 ;;		line 9 in file "C:\Program Files\Microchip\xc8\v2.40\pic\sources\c99\common\aodiv.c"
  8707 ;; Parameters:    Size  Location     Type
  8708 ;;  dividend        8   21[COMRAM] long long 
  8709 ;;  divisor         8   29[COMRAM] long long 
  8710 ;; Auto vars:     Size  Location     Type
  8711 ;;  quotient        8   39[COMRAM] long long 
  8712 ;;  sign            1   38[COMRAM] unsigned char 
  8713 ;;  counter         1   37[COMRAM] unsigned char 
  8714 ;; Return value:  Size  Location     Type
  8715 ;;                  8   21[COMRAM] long long 
  8716 ;; Registers used:
  8717 ;;		wreg, fsr2l, fsr2h, status,2, status,0
  8718 ;; Tracked objects:
  8719 ;;		On entry : 0/0
  8720 ;;		On exit  : 0/0
  8721 ;;		Unchanged: 0/0
  8722 ;; Data sizes:     COMRAM   BANK0   BANK1   BANK2   BANK3   BANK4   BANK5   BANK6   BANK7   BANK8   BANK9  BANK10  BANK1
      +1  BANK12  BANK13  BANK14  BANK15
  8723 ;;      Params:        16       0       0       0       0       0       0       0       0       0       0       0       
      +0       0       0       0       0
  8724 ;;      Locals:        10       0       0       0       0       0       0       0       0       0       0       0       
      +0       0       0       0       0
  8725 ;;      Temps:          0       0       0       0       0       0       0       0       0       0       0       0       
      +0       0       0       0       0
  8726 ;;      Totals:        26       0       0       0       0       0       0       0       0       0       0       0       
      +0       0       0       0       0
  8727 ;;Total ram usage:       26 bytes
  8728 ;; Hardware stack levels used: 1
  8729 ;; Hardware stack levels required when called: 5
  8730 ;; This function calls:
  8731 ;;		Nothing
  8732 ;; This function is called by:
  8733 ;;		_dtoa
  8734 ;; This function uses a non-reentrant model
  8735 ;;
  8736                           
  8737                           	psect	text59
  8738   0021C0                     __ptext59:
  8739                           	callstack 0
  8740   0021C0                     ___aodiv:
  8741                           	callstack 19
  8742   0021C0  0E00               	movlw	0
  8743   0021C2  6E27               	movwf	___aodiv@sign^0,c
  8744   0021C4  BE25               	btfsc	(___aodiv@divisor+7)^0,7,c
  8745   0021C6  EFE9  F010         	goto	u4650
  8746   0021CA  EFE7  F010         	goto	u4651
  8747   0021CE                     u4651:
  8748   0021CE  EFFB  F010         	goto	l5776
  8749   0021D2                     u4650:
  8750   0021D2  1E25               	comf	(___aodiv@divisor+7)^0,f,c
  8751   0021D4  1E24               	comf	(___aodiv@divisor+6)^0,f,c
  8752   0021D6  1E23               	comf	(___aodiv@divisor+5)^0,f,c
  8753   0021D8  1E22               	comf	(___aodiv@divisor+4)^0,f,c
  8754   0021DA  1E21               	comf	(___aodiv@divisor+3)^0,f,c
  8755   0021DC  1E20               	comf	(___aodiv@divisor+2)^0,f,c
  8756   0021DE  1E1F               	comf	(___aodiv@divisor+1)^0,f,c
  8757   0021E0  6C1E               	negf	___aodiv@divisor^0,c
  8758   0021E2  0E00               	movlw	0
  8759   0021E4  221F               	addwfc	(___aodiv@divisor+1)^0,f,c
  8760   0021E6  2220               	addwfc	(___aodiv@divisor+2)^0,f,c
  8761   0021E8  2221               	addwfc	(___aodiv@divisor+3)^0,f,c
  8762   0021EA  2222               	addwfc	(___aodiv@divisor+4)^0,f,c
  8763   0021EC  2223               	addwfc	(___aodiv@divisor+5)^0,f,c
  8764   0021EE  2224               	addwfc	(___aodiv@divisor+6)^0,f,c
  8765   0021F0  2225               	addwfc	(___aodiv@divisor+7)^0,f,c
  8766   0021F2  0E01               	movlw	1
  8767   0021F4  6E27               	movwf	___aodiv@sign^0,c
  8768   0021F6                     l5776:
  8769   0021F6  BE1D               	btfsc	(___aodiv@dividend+7)^0,7,c
  8770   0021F8  EF02  F011         	goto	u4660
  8771   0021FC  EF00  F011         	goto	u4661
  8772   002200                     u4661:
  8773   002200  EF14  F011         	goto	l5782
  8774   002204                     u4660:
  8775   002204  1E1D               	comf	(___aodiv@dividend+7)^0,f,c
  8776   002206  1E1C               	comf	(___aodiv@dividend+6)^0,f,c
  8777   002208  1E1B               	comf	(___aodiv@dividend+5)^0,f,c
  8778   00220A  1E1A               	comf	(___aodiv@dividend+4)^0,f,c
  8779   00220C  1E19               	comf	(___aodiv@dividend+3)^0,f,c
  8780   00220E  1E18               	comf	(___aodiv@dividend+2)^0,f,c
  8781   002210  1E17               	comf	(___aodiv@dividend+1)^0,f,c
  8782   002212  6C16               	negf	___aodiv@dividend^0,c
  8783   002214  0E00               	movlw	0
  8784   002216  2217               	addwfc	(___aodiv@dividend+1)^0,f,c
  8785   002218  2218               	addwfc	(___aodiv@dividend+2)^0,f,c
  8786   00221A  2219               	addwfc	(___aodiv@dividend+3)^0,f,c
  8787   00221C  221A               	addwfc	(___aodiv@dividend+4)^0,f,c
  8788   00221E  221B               	addwfc	(___aodiv@dividend+5)^0,f,c
  8789   002220  221C               	addwfc	(___aodiv@dividend+6)^0,f,c
  8790   002222  221D               	addwfc	(___aodiv@dividend+7)^0,f,c
  8791   002224  0E01               	movlw	1
  8792   002226  1A27               	xorwf	___aodiv@sign^0,f,c
  8793   002228                     l5782:
  8794   002228  EE20  F028         	lfsr	2,___aodiv@quotient
  8795   00222C  0E07               	movlw	7
  8796   00222E                     u4671:
  8797   00222E  6ADE               	clrf	postinc2,c
  8798   002230  06E8               	decf	wreg,f,c
  8799   002232  E2FD               	bc	u4671
  8800   002234  501E               	movf	___aodiv@divisor^0,w,c
  8801   002236  101F               	iorwf	(___aodiv@divisor+1)^0,w,c
  8802   002238  1020               	iorwf	(___aodiv@divisor+2)^0,w,c
  8803   00223A  1021               	iorwf	(___aodiv@divisor+3)^0,w,c
  8804   00223C  1022               	iorwf	(___aodiv@divisor+4)^0,w,c
  8805   00223E  1023               	iorwf	(___aodiv@divisor+5)^0,w,c
  8806   002240  1024               	iorwf	(___aodiv@divisor+6)^0,w,c
  8807   002242  1025               	iorwf	(___aodiv@divisor+7)^0,w,c
  8808   002244  B4D8               	btfsc	status,2,c
  8809   002246  EF27  F011         	goto	u4681
  8810   00224A  EF29  F011         	goto	u4680
  8811   00224E                     u4681:
  8812   00224E  EF7B  F011         	goto	l5804
  8813   002252                     u4680:
  8814   002252  0E01               	movlw	1
  8815   002254  6E26               	movwf	___aodiv@counter^0,c
  8816   002256  EF37  F011         	goto	l5790
  8817   00225A                     l5788:
  8818   00225A  90D8               	bcf	status,0,c
  8819   00225C  361E               	rlcf	___aodiv@divisor^0,f,c
  8820   00225E  361F               	rlcf	(___aodiv@divisor+1)^0,f,c
  8821   002260  3620               	rlcf	(___aodiv@divisor+2)^0,f,c
  8822   002262  3621               	rlcf	(___aodiv@divisor+3)^0,f,c
  8823   002264  3622               	rlcf	(___aodiv@divisor+4)^0,f,c
  8824   002266  3623               	rlcf	(___aodiv@divisor+5)^0,f,c
  8825   002268  3624               	rlcf	(___aodiv@divisor+6)^0,f,c
  8826   00226A  3625               	rlcf	(___aodiv@divisor+7)^0,f,c
  8827   00226C  2A26               	incf	___aodiv@counter^0,f,c
  8828   00226E                     l5790:
  8829   00226E  AE25               	btfss	(___aodiv@divisor+7)^0,7,c
  8830   002270  EF3C  F011         	goto	u4691
  8831   002274  EF3E  F011         	goto	u4690
  8832   002278                     u4691:
  8833   002278  EF2D  F011         	goto	l5788
  8834   00227C                     u4690:
  8835   00227C                     l5792:
  8836   00227C  90D8               	bcf	status,0,c
  8837   00227E  3628               	rlcf	___aodiv@quotient^0,f,c
  8838   002280  3629               	rlcf	(___aodiv@quotient+1)^0,f,c
  8839   002282  362A               	rlcf	(___aodiv@quotient+2)^0,f,c
  8840   002284  362B               	rlcf	(___aodiv@quotient+3)^0,f,c
  8841   002286  362C               	rlcf	(___aodiv@quotient+4)^0,f,c
  8842   002288  362D               	rlcf	(___aodiv@quotient+5)^0,f,c
  8843   00228A  362E               	rlcf	(___aodiv@quotient+6)^0,f,c
  8844   00228C  362F               	rlcf	(___aodiv@quotient+7)^0,f,c
  8845   00228E  501E               	movf	___aodiv@divisor^0,w,c
  8846   002290  5C16               	subwf	___aodiv@dividend^0,w,c
  8847   002292  501F               	movf	(___aodiv@divisor+1)^0,w,c
  8848   002294  5817               	subwfb	(___aodiv@dividend+1)^0,w,c
  8849   002296  5020               	movf	(___aodiv@divisor+2)^0,w,c
  8850   002298  5818               	subwfb	(___aodiv@dividend+2)^0,w,c
  8851   00229A  5021               	movf	(___aodiv@divisor+3)^0,w,c
  8852   00229C  5819               	subwfb	(___aodiv@dividend+3)^0,w,c
  8853   00229E  5022               	movf	(___aodiv@divisor+4)^0,w,c
  8854   0022A0  581A               	subwfb	(___aodiv@dividend+4)^0,w,c
  8855   0022A2  5023               	movf	(___aodiv@divisor+5)^0,w,c
  8856   0022A4  581B               	subwfb	(___aodiv@dividend+5)^0,w,c
  8857   0022A6  5024               	movf	(___aodiv@divisor+6)^0,w,c
  8858   0022A8  581C               	subwfb	(___aodiv@dividend+6)^0,w,c
  8859   0022AA  5025               	movf	(___aodiv@divisor+7)^0,w,c
  8860   0022AC  581D               	subwfb	(___aodiv@dividend+7)^0,w,c
  8861   0022AE  A0D8               	btfss	status,0,c
  8862   0022B0  EF5C  F011         	goto	u4701
  8863   0022B4  EF5E  F011         	goto	u4700
  8864   0022B8                     u4701:
  8865   0022B8  EF6F  F011         	goto	l5800
  8866   0022BC                     u4700:
  8867   0022BC  501E               	movf	___aodiv@divisor^0,w,c
  8868   0022BE  5E16               	subwf	___aodiv@dividend^0,f,c
  8869   0022C0  501F               	movf	(___aodiv@divisor+1)^0,w,c
  8870   0022C2  5A17               	subwfb	(___aodiv@dividend+1)^0,f,c
  8871   0022C4  5020               	movf	(___aodiv@divisor+2)^0,w,c
  8872   0022C6  5A18               	subwfb	(___aodiv@dividend+2)^0,f,c
  8873   0022C8  5021               	movf	(___aodiv@divisor+3)^0,w,c
  8874   0022CA  5A19               	subwfb	(___aodiv@dividend+3)^0,f,c
  8875   0022CC  5022               	movf	(___aodiv@divisor+4)^0,w,c
  8876   0022CE  5A1A               	subwfb	(___aodiv@dividend+4)^0,f,c
  8877   0022D0  5023               	movf	(___aodiv@divisor+5)^0,w,c
  8878   0022D2  5A1B               	subwfb	(___aodiv@dividend+5)^0,f,c
  8879   0022D4  5024               	movf	(___aodiv@divisor+6)^0,w,c
  8880   0022D6  5A1C               	subwfb	(___aodiv@dividend+6)^0,f,c
  8881   0022D8  5025               	movf	(___aodiv@divisor+7)^0,w,c
  8882   0022DA  5A1D               	subwfb	(___aodiv@dividend+7)^0,f,c
  8883   0022DC  8028               	bsf	___aodiv@quotient^0,0,c
  8884   0022DE                     l5800:
  8885   0022DE  90D8               	bcf	status,0,c
  8886   0022E0  3225               	rrcf	(___aodiv@divisor+7)^0,f,c
  8887   0022E2  3224               	rrcf	(___aodiv@divisor+6)^0,f,c
  8888   0022E4  3223               	rrcf	(___aodiv@divisor+5)^0,f,c
  8889   0022E6  3222               	rrcf	(___aodiv@divisor+4)^0,f,c
  8890   0022E8  3221               	rrcf	(___aodiv@divisor+3)^0,f,c
  8891   0022EA  3220               	rrcf	(___aodiv@divisor+2)^0,f,c
  8892   0022EC  321F               	rrcf	(___aodiv@divisor+1)^0,f,c
  8893   0022EE  321E               	rrcf	___aodiv@divisor^0,f,c
  8894   0022F0  2E26               	decfsz	___aodiv@counter^0,f,c
  8895   0022F2  EF3E  F011         	goto	l5792
  8896   0022F6                     l5804:
  8897   0022F6  5027               	movf	___aodiv@sign^0,w,c
  8898   0022F8  B4D8               	btfsc	status,2,c
  8899   0022FA  EF81  F011         	goto	u4711
  8900   0022FE  EF83  F011         	goto	u4710
  8901   002302                     u4711:
  8902   002302  EF93  F011         	goto	l5808
  8903   002306                     u4710:
  8904   002306  1E2F               	comf	(___aodiv@quotient+7)^0,f,c
  8905   002308  1E2E               	comf	(___aodiv@quotient+6)^0,f,c
  8906   00230A  1E2D               	comf	(___aodiv@quotient+5)^0,f,c
  8907   00230C  1E2C               	comf	(___aodiv@quotient+4)^0,f,c
  8908   00230E  1E2B               	comf	(___aodiv@quotient+3)^0,f,c
  8909   002310  1E2A               	comf	(___aodiv@quotient+2)^0,f,c
  8910   002312  1E29               	comf	(___aodiv@quotient+1)^0,f,c
  8911   002314  6C28               	negf	___aodiv@quotient^0,c
  8912   002316  0E00               	movlw	0
  8913   002318  2229               	addwfc	(___aodiv@quotient+1)^0,f,c
  8914   00231A  222A               	addwfc	(___aodiv@quotient+2)^0,f,c
  8915   00231C  222B               	addwfc	(___aodiv@quotient+3)^0,f,c
  8916   00231E  222C               	addwfc	(___aodiv@quotient+4)^0,f,c
  8917   002320  222D               	addwfc	(___aodiv@quotient+5)^0,f,c
  8918   002322  222E               	addwfc	(___aodiv@quotient+6)^0,f,c
  8919   002324  222F               	addwfc	(___aodiv@quotient+7)^0,f,c
  8920   002326                     l5808:
  8921   002326  C028  F016         	movff	___aodiv@quotient,?___aodiv
  8922   00232A  C029  F017         	movff	___aodiv@quotient+1,?___aodiv+1
  8923   00232E  C02A  F018         	movff	___aodiv@quotient+2,?___aodiv+2
  8924   002332  C02B  F019         	movff	___aodiv@quotient+3,?___aodiv+3
  8925   002336  C02C  F01A         	movff	___aodiv@quotient+4,?___aodiv+4
  8926   00233A  C02D  F01B         	movff	___aodiv@quotient+5,?___aodiv+5
  8927   00233E  C02E  F01C         	movff	___aodiv@quotient+6,?___aodiv+6
  8928   002342  C02F  F01D         	movff	___aodiv@quotient+7,?___aodiv+7
  8929   002346  0012               	return		;funcret
  8930   002348                     __end_of___aodiv:
  8931                           	callstack 0
  8932                           
  8933 ;; *************** function _ctoa *****************
  8934 ;; Defined at:
  8935 ;;		line 406 in file "C:\Program Files\Microchip\xc8\v2.40\pic\sources\c99\common\doprnt.c"
  8936 ;; Parameters:    Size  Location     Type
  8937 ;;  fp              2   32[COMRAM] PTR struct _IO_FILE
  8938 ;;		 -> sprintf@f(11), 
  8939 ;;  c               1   34[COMRAM] unsigned char 
  8940 ;; Auto vars:     Size  Location     Type
  8941 ;;  w               2   38[COMRAM] int 
  8942 ;;  l               2   36[COMRAM] int 
  8943 ;; Return value:  Size  Location     Type
  8944 ;;                  1    wreg      void 
  8945 ;; Registers used:
  8946 ;;		wreg, fsr1l, fsr1h, fsr2l, fsr2h, status,2, status,0, cstack
  8947 ;; Tracked objects:
  8948 ;;		On entry : 0/0
  8949 ;;		On exit  : 0/0
  8950 ;;		Unchanged: 0/0
  8951 ;; Data sizes:     COMRAM   BANK0   BANK1   BANK2   BANK3   BANK4   BANK5   BANK6   BANK7   BANK8   BANK9  BANK10  BANK1
      +1  BANK12  BANK13  BANK14  BANK15
  8952 ;;      Params:         3       0       0       0       0       0       0       0       0       0       0       0       
      +0       0       0       0       0
  8953 ;;      Locals:         4       0       0       0       0       0       0       0       0       0       0       0       
      +0       0       0       0       0
  8954 ;;      Temps:          1       0       0       0       0       0       0       0       0       0       0       0       
      +0       0       0       0       0
  8955 ;;      Totals:         8       0       0       0       0       0       0       0       0       0       0       0       
      +0       0       0       0       0
  8956 ;;Total ram usage:        8 bytes
  8957 ;; Hardware stack levels used: 1
  8958 ;; Hardware stack levels required when called: 8
  8959 ;; This function calls:
  8960 ;;		_fputc
  8961 ;; This function is called by:
  8962 ;;		_vfpfcnvrt
  8963 ;; This function uses a non-reentrant model
  8964 ;;
  8965                           
  8966                           	psect	text60
  8967   002EEE                     __ptext60:
  8968                           	callstack 0
  8969   002EEE                     _ctoa:
  8970                           	callstack 17
  8971   002EEE                     
  8972                           ;C:\Program Files\Microchip\xc8\v2.40\pic\sources\c99\common\doprnt.c: 406: static void 
      +                          ctoa(FILE *fp, char c);C:\Program Files\Microchip\xc8\v2.40\pic\sources\c99\common\doprn
      +                          t.c: 407: {;C:\Program Files\Microchip\xc8\v2.40\pic\sources\c99\common\doprnt.c: 408:  
      +                             int l,w;;C:\Program Files\Microchip\xc8\v2.40\pic\sources\c99\common\doprnt.c: 411:  
      +                             w = width ? width - 1 : width;
  8973   002EEE  5034               	movf	_width^0,w,c
  8974   002EF0  1035               	iorwf	(_width+1)^0,w,c
  8975   002EF2  A4D8               	btfss	status,2,c
  8976   002EF4  EF7E  F017         	goto	u4911
  8977   002EF8  EF80  F017         	goto	u4910
  8978   002EFC                     u4911:
  8979   002EFC  EF86  F017         	goto	l5898
  8980   002F00                     u4910:
  8981   002F00  C034  F027         	movff	_width,ctoa@w
  8982   002F04  C035  F028         	movff	_width+1,ctoa@w+1
  8983   002F08  EF8C  F017         	goto	l1670
  8984   002F0C                     l5898:
  8985   002F0C  0EFF               	movlw	255
  8986   002F0E  2434               	addwf	_width^0,w,c
  8987   002F10  6E27               	movwf	ctoa@w^0,c
  8988   002F12  0EFF               	movlw	255
  8989   002F14  2035               	addwfc	(_width+1)^0,w,c
  8990   002F16  6E28               	movwf	(ctoa@w+1)^0,c
  8991   002F18                     l1670:
  8992                           
  8993                           ;C:\Program Files\Microchip\xc8\v2.40\pic\sources\c99\common\doprnt.c: 421:     w = (w <
      +                           0) ? 0 : w;
  8994   002F18  BE28               	btfsc	(ctoa@w+1)^0,7,c
  8995   002F1A  EF91  F017         	goto	u4921
  8996   002F1E  EF93  F017         	goto	u4920
  8997   002F22                     u4921:
  8998   002F22  EF95  F017         	goto	l5902
  8999   002F26                     u4920:
  9000   002F26  EF99  F017         	goto	l1674
  9001   002F2A                     l5902:
  9002   002F2A  0E00               	movlw	0
  9003   002F2C  6E28               	movwf	(ctoa@w+1)^0,c
  9004   002F2E  0E00               	movlw	0
  9005   002F30  6E27               	movwf	ctoa@w^0,c
  9006   002F32                     l1674:
  9007                           
  9008                           ;C:\Program Files\Microchip\xc8\v2.40\pic\sources\c99\common\doprnt.c: 422:     l = 0;
  9009   002F32  0E00               	movlw	0
  9010   002F34  6E26               	movwf	(ctoa@l+1)^0,c
  9011   002F36  0E00               	movlw	0
  9012   002F38  6E25               	movwf	ctoa@l^0,c
  9013                           
  9014                           ;C:\Program Files\Microchip\xc8\v2.40\pic\sources\c99\common\doprnt.c: 423:     while (l
      +                           < w) {
  9015   002F3A  EFAB  F017         	goto	l5908
  9016   002F3E                     l5904:
  9017                           
  9018                           ;C:\Program Files\Microchip\xc8\v2.40\pic\sources\c99\common\doprnt.c: 424:         fput
      +                          c(' ', fp);
  9019   002F3E  0E00               	movlw	0
  9020   002F40  6E19               	movwf	(fputc@c+1)^0,c
  9021   002F42  0E20               	movlw	32
  9022   002F44  6E18               	movwf	fputc@c^0,c
  9023   002F46  C021  F01A         	movff	ctoa@fp,fputc@fp
  9024   002F4A  C022  F01B         	movff	ctoa@fp+1,fputc@fp+1
  9025   002F4E  EC50  F015         	call	_fputc	;wreg free
  9026   002F52                     
  9027                           ;C:\Program Files\Microchip\xc8\v2.40\pic\sources\c99\common\doprnt.c: 425:         ++l;
  9028   002F52  4A25               	infsnz	ctoa@l^0,f,c
  9029   002F54  2A26               	incf	(ctoa@l+1)^0,f,c
  9030   002F56                     l5908:
  9031                           
  9032                           ;C:\Program Files\Microchip\xc8\v2.40\pic\sources\c99\common\doprnt.c: 423:     while (l
      +                           < w) {
  9033   002F56  5027               	movf	ctoa@w^0,w,c
  9034   002F58  5C25               	subwf	ctoa@l^0,w,c
  9035   002F5A  5026               	movf	(ctoa@l+1)^0,w,c
  9036   002F5C  0A80               	xorlw	128
  9037   002F5E  6E24               	movwf	??_ctoa^0,c
  9038   002F60  5028               	movf	(ctoa@w+1)^0,w,c
  9039   002F62  0A80               	xorlw	128
  9040   002F64  5824               	subwfb	??_ctoa^0,w,c
  9041   002F66  A0D8               	btfss	status,0,c
  9042   002F68  EFB8  F017         	goto	u4931
  9043   002F6C  EFBA  F017         	goto	u4930
  9044   002F70                     u4931:
  9045   002F70  EF9F  F017         	goto	l5904
  9046   002F74                     u4930:
  9047   002F74                     
  9048                           ;C:\Program Files\Microchip\xc8\v2.40\pic\sources\c99\common\doprnt.c: 431:         fput
      +                          c(c, fp);
  9049   002F74  C023  F018         	movff	ctoa@c,fputc@c
  9050   002F78  6A19               	clrf	(fputc@c+1)^0,c
  9051   002F7A  C021  F01A         	movff	ctoa@fp,fputc@fp
  9052   002F7E  C022  F01B         	movff	ctoa@fp+1,fputc@fp+1
  9053   002F82  EC50  F015         	call	_fputc	;wreg free
  9054   002F86  0012               	return		;funcret
  9055   002F88                     __end_of_ctoa:
  9056                           	callstack 0
  9057                           
  9058 ;; *************** function _fputc *****************
  9059 ;; Defined at:
  9060 ;;		line 8 in file "C:\Program Files\Microchip\xc8\v2.40\pic\sources\c99\common\nf_fputc.c"
  9061 ;; Parameters:    Size  Location     Type
  9062 ;;  c               2   23[COMRAM] int 
  9063 ;;  fp              2   25[COMRAM] PTR struct _IO_FILE
  9064 ;;		 -> sprintf@f(11), 
  9065 ;; Auto vars:     Size  Location     Type
  9066 ;;		None
  9067 ;; Return value:  Size  Location     Type
  9068 ;;                  2   23[COMRAM] int 
  9069 ;; Registers used:
  9070 ;;		wreg, fsr1l, fsr1h, fsr2l, fsr2h, status,2, status,0, cstack
  9071 ;; Tracked objects:
  9072 ;;		On entry : 0/0
  9073 ;;		On exit  : 0/0
  9074 ;;		Unchanged: 0/0
  9075 ;; Data sizes:     COMRAM   BANK0   BANK1   BANK2   BANK3   BANK4   BANK5   BANK6   BANK7   BANK8   BANK9  BANK10  BANK1
      +1  BANK12  BANK13  BANK14  BANK15
  9076 ;;      Params:         4       0       0       0       0       0       0       0       0       0       0       0       
      +0       0       0       0       0
  9077 ;;      Locals:         0       0       0       0       0       0       0       0       0       0       0       0       
      +0       0       0       0       0
  9078 ;;      Temps:          5       0       0       0       0       0       0       0       0       0       0       0       
      +0       0       0       0       0
  9079 ;;      Totals:         9       0       0       0       0       0       0       0       0       0       0       0       
      +0       0       0       0       0
  9080 ;;Total ram usage:        9 bytes
  9081 ;; Hardware stack levels used: 1
  9082 ;; Hardware stack levels required when called: 7
  9083 ;; This function calls:
  9084 ;;		_putch
  9085 ;; This function is called by:
  9086 ;;		_pad
  9087 ;;		_ctoa
  9088 ;;		_stoa
  9089 ;;		_vfpfcnvrt
  9090 ;;		_fputs
  9091 ;; This function uses a non-reentrant model
  9092 ;;
  9093                           
  9094                           	psect	text61
  9095   002AA0                     __ptext61:
  9096                           	callstack 0
  9097   002AA0                     _fputc:
  9098                           	callstack 15
  9099   002AA0  501A               	movf	fputc@fp^0,w,c
  9100   002AA2  101B               	iorwf	(fputc@fp+1)^0,w,c
  9101   002AA4  B4D8               	btfsc	status,2,c
  9102   002AA6  EF57  F015         	goto	u4581
  9103   002AAA  EF59  F015         	goto	u4580
  9104   002AAE                     u4581:
  9105   002AAE  EF62  F015         	goto	l5734
  9106   002AB2                     u4580:
  9107   002AB2  501A               	movf	fputc@fp^0,w,c
  9108   002AB4  101B               	iorwf	(fputc@fp+1)^0,w,c
  9109   002AB6  A4D8               	btfss	status,2,c
  9110   002AB8  EF60  F015         	goto	u4591
  9111   002ABC  EF62  F015         	goto	u4590
  9112   002AC0                     u4591:
  9113   002AC0  EF67  F015         	goto	l5736
  9114   002AC4                     u4590:
  9115   002AC4                     l5734:
  9116   002AC4  5018               	movf	fputc@c^0,w,c
  9117   002AC6  ECAC  F020         	call	_putch
  9118   002ACA  EFB4  F015         	goto	l1837
  9119   002ACE                     l5736:
  9120   002ACE  EE20 F009          	lfsr	2,9
  9121   002AD2  501A               	movf	fputc@fp^0,w,c
  9122   002AD4  26D9               	addwf	fsr2l,f,c
  9123   002AD6  501B               	movf	(fputc@fp+1)^0,w,c
  9124   002AD8  22DA               	addwfc	fsr2h,f,c
  9125   002ADA  50DE               	movf	postinc2,w,c
  9126   002ADC  10DE               	iorwf	postinc2,w,c
  9127   002ADE  B4D8               	btfsc	status,2,c
  9128   002AE0  EF74  F015         	goto	u4601
  9129   002AE4  EF76  F015         	goto	u4600
  9130   002AE8                     u4601:
  9131   002AE8  EF91  F015         	goto	l5740
  9132   002AEC                     u4600:
  9133   002AEC  EE20 F009          	lfsr	2,9
  9134   002AF0  501A               	movf	fputc@fp^0,w,c
  9135   002AF2  26D9               	addwf	fsr2l,f,c
  9136   002AF4  501B               	movf	(fputc@fp+1)^0,w,c
  9137   002AF6  22DA               	addwfc	fsr2h,f,c
  9138   002AF8  EE10 F003          	lfsr	1,3
  9139   002AFC  501A               	movf	fputc@fp^0,w,c
  9140   002AFE  26E1               	addwf	fsr1l,f,c
  9141   002B00  501B               	movf	(fputc@fp+1)^0,w,c
  9142   002B02  22E2               	addwfc	fsr1h,f,c
  9143   002B04  50DE               	movf	postinc2,w,c
  9144   002B06  5CE6               	subwf	postinc1,w,c
  9145   002B08  50E6               	movf	postinc1,w,c
  9146   002B0A  0A80               	xorlw	128
  9147   002B0C  6E20               	movwf	(??_fputc+4)^0,c
  9148   002B0E  50DE               	movf	postinc2,w,c
  9149   002B10  0A80               	xorlw	128
  9150   002B12  5820               	subwfb	(??_fputc+4)^0,w,c
  9151   002B14  B0D8               	btfsc	status,0,c
  9152   002B16  EF8F  F015         	goto	u4611
  9153   002B1A  EF91  F015         	goto	u4610
  9154   002B1E                     u4611:
  9155   002B1E  EFB4  F015         	goto	l1837
  9156   002B22                     u4610:
  9157   002B22                     l5740:
  9158   002B22  EE20 F003          	lfsr	2,3
  9159   002B26  501A               	movf	fputc@fp^0,w,c
  9160   002B28  26D9               	addwf	fsr2l,f,c
  9161   002B2A  501B               	movf	(fputc@fp+1)^0,w,c
  9162   002B2C  22DA               	addwfc	fsr2h,f,c
  9163   002B2E  CFDE F01C          	movff	postinc2,??_fputc
  9164   002B32  CFDD F01D          	movff	postdec2,??_fputc+1
  9165   002B36  C01A  FFD9         	movff	fputc@fp,fsr2l
  9166   002B3A  C01B  FFDA         	movff	fputc@fp+1,fsr2h
  9167   002B3E  CFDE F01E          	movff	postinc2,??_fputc+2
  9168   002B42  CFDD F01F          	movff	postdec2,??_fputc+3
  9169   002B46  501C               	movf	??_fputc^0,w,c
  9170   002B48  241E               	addwf	(??_fputc+2)^0,w,c
  9171   002B4A  6ED9               	movwf	fsr2l,c
  9172   002B4C  501D               	movf	(??_fputc+1)^0,w,c
  9173   002B4E  201F               	addwfc	(??_fputc+3)^0,w,c
  9174   002B50  6EDA               	movwf	fsr2h,c
  9175   002B52  C018  FFDF         	movff	fputc@c,indf2
  9176   002B56  EE20 F003          	lfsr	2,3
  9177   002B5A  501A               	movf	fputc@fp^0,w,c
  9178   002B5C  26D9               	addwf	fsr2l,f,c
  9179   002B5E  501B               	movf	(fputc@fp+1)^0,w,c
  9180   002B60  22DA               	addwfc	fsr2h,f,c
  9181   002B62  2ADE               	incf	postinc2,f,c
  9182   002B64  0E00               	movlw	0
  9183   002B66  22DD               	addwfc	postdec2,f,c
  9184   002B68                     l1837:
  9185   002B68  0012               	return		;funcret
  9186   002B6A                     __end_of_fputc:
  9187                           	callstack 0
  9188                           
  9189 ;; *************** function _putch *****************
  9190 ;; Defined at:
  9191 ;;		line 172 in file "mcc_generated_files/eusart1.c"
  9192 ;; Parameters:    Size  Location     Type
  9193 ;;  txData          1    wreg     unsigned char 
  9194 ;; Auto vars:     Size  Location     Type
  9195 ;;  txData          1   22[COMRAM] unsigned char 
  9196 ;; Return value:  Size  Location     Type
  9197 ;;                  1    wreg      void 
  9198 ;; Registers used:
  9199 ;;		wreg, status,2, cstack
  9200 ;; Tracked objects:
  9201 ;;		On entry : 0/0
  9202 ;;		On exit  : 0/0
  9203 ;;		Unchanged: 0/0
  9204 ;; Data sizes:     COMRAM   BANK0   BANK1   BANK2   BANK3   BANK4   BANK5   BANK6   BANK7   BANK8   BANK9  BANK10  BANK1
      +1  BANK12  BANK13  BANK14  BANK15
  9205 ;;      Params:         0       0       0       0       0       0       0       0       0       0       0       0       
      +0       0       0       0       0
  9206 ;;      Locals:         1       0       0       0       0       0       0       0       0       0       0       0       
      +0       0       0       0       0
  9207 ;;      Temps:          0       0       0       0       0       0       0       0       0       0       0       0       
      +0       0       0       0       0
  9208 ;;      Totals:         1       0       0       0       0       0       0       0       0       0       0       0       
      +0       0       0       0       0
  9209 ;;Total ram usage:        1 bytes
  9210 ;; Hardware stack levels used: 1
  9211 ;; Hardware stack levels required when called: 6
  9212 ;; This function calls:
  9213 ;;		_EUSART1_Write
  9214 ;; This function is called by:
  9215 ;;		_fputc
  9216 ;; This function uses a non-reentrant model
  9217 ;;
  9218                           
  9219                           	psect	text62
  9220   004158                     __ptext62:
  9221                           	callstack 0
  9222   004158                     _putch:
  9223                           	callstack 15
  9224                           
  9225                           ;incstack = 0
  9226                           ;putch@txData stored from wreg
  9227   004158  6E17               	movwf	putch@txData^0,c
  9228   00415A                     
  9229                           ;mcc_generated_files/eusart1.c: 172: void putch(char txData);mcc_generated_files/eusart1
      +                          .c: 173: {;mcc_generated_files/eusart1.c: 174:     EUSART1_Write(txData);
  9230   00415A  5017               	movf	putch@txData^0,w,c
  9231   00415C  EC1A  F020         	call	_EUSART1_Write
  9232   004160  0012               	return		;funcret
  9233   004162                     __end_of_putch:
  9234                           	callstack 0
  9235                           
  9236 ;; *************** function _EUSART1_Write *****************
  9237 ;; Defined at:
  9238 ;;		line 158 in file "mcc_generated_files/eusart1.c"
  9239 ;; Parameters:    Size  Location     Type
  9240 ;;  txData          1    wreg     unsigned char 
  9241 ;; Auto vars:     Size  Location     Type
  9242 ;;  txData          1   21[COMRAM] unsigned char 
  9243 ;; Return value:  Size  Location     Type
  9244 ;;                  1    wreg      void 
  9245 ;; Registers used:
  9246 ;;		wreg
  9247 ;; Tracked objects:
  9248 ;;		On entry : 0/0
  9249 ;;		On exit  : 0/0
  9250 ;;		Unchanged: 0/0
  9251 ;; Data sizes:     COMRAM   BANK0   BANK1   BANK2   BANK3   BANK4   BANK5   BANK6   BANK7   BANK8   BANK9  BANK10  BANK1
      +1  BANK12  BANK13  BANK14  BANK15
  9252 ;;      Params:         0       0       0       0       0       0       0       0       0       0       0       0       
      +0       0       0       0       0
  9253 ;;      Locals:         1       0       0       0       0       0       0       0       0       0       0       0       
      +0       0       0       0       0
  9254 ;;      Temps:          0       0       0       0       0       0       0       0       0       0       0       0       
      +0       0       0       0       0
  9255 ;;      Totals:         1       0       0       0       0       0       0       0       0       0       0       0       
      +0       0       0       0       0
  9256 ;;Total ram usage:        1 bytes
  9257 ;; Hardware stack levels used: 1
  9258 ;; Hardware stack levels required when called: 5
  9259 ;; This function calls:
  9260 ;;		Nothing
  9261 ;; This function is called by:
  9262 ;;		_putch
  9263 ;;		_send_string
  9264 ;; This function uses a non-reentrant model
  9265 ;;
  9266                           
  9267                           	psect	text63
  9268   004034                     __ptext63:
  9269                           	callstack 0
  9270   004034                     _EUSART1_Write:
  9271                           	callstack 15
  9272                           
  9273                           ;incstack = 0
  9274                           ;EUSART1_Write@txData stored from wreg
  9275   004034  6E16               	movwf	EUSART1_Write@txData^0,c
  9276   004036                     
  9277                           ;mcc_generated_files/eusart1.c: 158: void EUSART1_Write(uint8_t txData);mcc_generated_fi
      +                          les/eusart1.c: 159: {;mcc_generated_files/eusart1.c: 160:     TXREG1 = txData;
  9278   004036  C016  FFAD         	movff	EUSART1_Write@txData,4013	;volatile
  9279   00403A                     l133:
  9280                           
  9281                           ;mcc_generated_files/eusart1.c: 161:     while(0 == TXSTA1bits.TRMT)
  9282   00403A  A2AC               	btfss	172,1,c	;volatile
  9283   00403C  EF22  F020         	goto	u4571
  9284   004040  EF24  F020         	goto	u4570
  9285   004044                     u4571:
  9286   004044  EF1D  F020         	goto	l133
  9287   004048                     u4570:
  9288   004048  0012               	return		;funcret
  9289   00404A                     __end_of_EUSART1_Write:
  9290                           	callstack 0
  9291                           
  9292 ;; *************** function _atoi *****************
  9293 ;; Defined at:
  9294 ;;		line 4 in file "C:\Program Files\Microchip\xc8\v2.40\pic\sources\c99\common\atoi.c"
  9295 ;; Parameters:    Size  Location     Type
  9296 ;;  s               2   27[COMRAM] PTR const unsigned char 
  9297 ;;		 -> STR_13(10), STR_12(5), STR_9(3), STR_7(3), 
  9298 ;;		 -> STR_6(6), STR_5(6), STR_4(6), STR_3(6), 
  9299 ;;		 -> STR_2(3), STR_1(9), 
  9300 ;; Auto vars:     Size  Location     Type
  9301 ;;  n               2   34[COMRAM] int 
  9302 ;;  neg             2   32[COMRAM] int 
  9303 ;; Return value:  Size  Location     Type
  9304 ;;                  2   27[COMRAM] int 
  9305 ;; Registers used:
  9306 ;;		wreg, status,2, status,0, tblptrl, tblptrh, tblptru, prodl, prodh, cstack
  9307 ;; Tracked objects:
  9308 ;;		On entry : 0/0
  9309 ;;		On exit  : 0/0
  9310 ;;		Unchanged: 0/0
  9311 ;; Data sizes:     COMRAM   BANK0   BANK1   BANK2   BANK3   BANK4   BANK5   BANK6   BANK7   BANK8   BANK9  BANK10  BANK1
      +1  BANK12  BANK13  BANK14  BANK15
  9312 ;;      Params:         2       0       0       0       0       0       0       0       0       0       0       0       
      +0       0       0       0       0
  9313 ;;      Locals:         4       0       0       0       0       0       0       0       0       0       0       0       
      +0       0       0       0       0
  9314 ;;      Temps:          3       0       0       0       0       0       0       0       0       0       0       0       
      +0       0       0       0       0
  9315 ;;      Totals:         9       0       0       0       0       0       0       0       0       0       0       0       
      +0       0       0       0       0
  9316 ;;Total ram usage:        9 bytes
  9317 ;; Hardware stack levels used: 1
  9318 ;; Hardware stack levels required when called: 6
  9319 ;; This function calls:
  9320 ;;		___wmul
  9321 ;;		_isdigit
  9322 ;;		_isspace
  9323 ;; This function is called by:
  9324 ;;		_vfpfcnvrt
  9325 ;; This function uses a non-reentrant model
  9326 ;;
  9327                           
  9328                           	psect	text64
  9329   0024AC                     __ptext64:
  9330                           	callstack 0
  9331   0024AC                     _atoi:
  9332                           	callstack 19
  9333   0024AC  0E00               	movlw	0
  9334   0024AE  6E24               	movwf	(atoi@n+1)^0,c
  9335   0024B0  0E00               	movlw	0
  9336   0024B2  6E23               	movwf	atoi@n^0,c
  9337   0024B4  0E00               	movlw	0
  9338   0024B6  6E22               	movwf	(atoi@neg+1)^0,c
  9339   0024B8  0E00               	movlw	0
  9340   0024BA  6E21               	movwf	atoi@neg^0,c
  9341   0024BC  EF62  F012         	goto	l6056
  9342   0024C0                     l6052:
  9343   0024C0  4A1C               	infsnz	atoi@s^0,f,c
  9344   0024C2  2A1D               	incf	(atoi@s+1)^0,f,c
  9345   0024C4                     l6056:
  9346   0024C4  C01C  FFF6         	movff	atoi@s,tblptrl
  9347   0024C8  C01D  FFF7         	movff	atoi@s+1,tblptrh
  9348   0024CC                     	if	1	;Program memory is < 0x10000, tblptru is always zero
  9349   0024CC  6AF8               	clrf	tblptru,c
  9350   0024CE                     	endif
  9351   0024CE                     	if	0	;tblptru may be non-zero
  9352   0024CE                     	endif
  9353   0024CE  0008               	tblrd		*
  9354   0024D0  50F5               	movf	tablat,w,c
  9355   0024D2  0A20               	xorlw	32
  9356   0024D4  B4D8               	btfsc	status,2,c
  9357   0024D6  EF6F  F012         	goto	u5231
  9358   0024DA  EF71  F012         	goto	u5230
  9359   0024DE                     u5231:
  9360   0024DE  EF60  F012         	goto	l6052
  9361   0024E2                     u5230:
  9362   0024E2  C01C  FFF6         	movff	atoi@s,tblptrl
  9363   0024E6  C01D  FFF7         	movff	atoi@s+1,tblptrh
  9364   0024EA                     	if	1	;Program memory is < 0x10000, tblptru is always zero
  9365   0024EA  6AF8               	clrf	tblptru,c
  9366   0024EC                     	endif
  9367   0024EC                     	if	0	;tblptru may be non-zero
  9368   0024EC                     	endif
  9369   0024EC  0008               	tblrd		*
  9370   0024EE  CFF5 F01E          	movff	tablat,??_atoi
  9371   0024F2  0EF7               	movlw	247
  9372   0024F4  241E               	addwf	??_atoi^0,w,c
  9373   0024F6  6E1F               	movwf	(??_atoi+1)^0,c
  9374   0024F8  6A20               	clrf	(??_atoi+2)^0,c
  9375   0024FA  0EFF               	movlw	255
  9376   0024FC  2220               	addwfc	(??_atoi+2)^0,f,c
  9377   0024FE  5020               	movf	(??_atoi+2)^0,w,c
  9378   002500  E109               	bnz	u5240
  9379   002502  0E05               	movlw	5
  9380   002504  5C1F               	subwf	(??_atoi+1)^0,w,c
  9381   002506  A0D8               	btfss	status,0,c
  9382   002508  EF88  F012         	goto	u5241
  9383   00250C  EF8A  F012         	goto	u5240
  9384   002510                     u5241:
  9385   002510  EF60  F012         	goto	l6052
  9386   002514                     u5240:
  9387   002514  EF94  F012         	goto	l6064
  9388   002518                     l6060:
  9389   002518  0E00               	movlw	0
  9390   00251A  6E22               	movwf	(atoi@neg+1)^0,c
  9391   00251C  0E01               	movlw	1
  9392   00251E  6E21               	movwf	atoi@neg^0,c
  9393   002520                     l6062:
  9394   002520  4A1C               	infsnz	atoi@s^0,f,c
  9395   002522  2A1D               	incf	(atoi@s+1)^0,f,c
  9396   002524  EFCB  F012         	goto	l6072
  9397   002528                     l6064:
  9398   002528  C01C  FFF6         	movff	atoi@s,tblptrl
  9399   00252C  C01D  FFF7         	movff	atoi@s+1,tblptrh
  9400   002530                     	if	1	;Program memory is < 0x10000, tblptru is always zero
  9401   002530  6AF8               	clrf	tblptru,c
  9402   002532                     	endif
  9403   002532                     	if	0	;tblptru may be non-zero
  9404   002532                     	endif
  9405   002532  0008               	tblrd		*
  9406   002534  50F5               	movf	tablat,w,c
  9407   002536  6E1E               	movwf	??_atoi^0,c
  9408   002538  6A1F               	clrf	(??_atoi+1)^0,c
  9409                           
  9410                           ; Switch on 2 bytes has been partitioned into a top level switch of size 1, and 1 sub-sw
      +                          itches
  9411                           ; Switch size 1, requested type "simple"
  9412                           ; Number of cases is 1, Range of values is 0 to 0
  9413                           ; switch strategies available:
  9414                           ; Name         Instructions Cycles
  9415                           ; simple_byte            4     3 (average)
  9416                           ;	Chosen strategy is simple_byte
  9417   00253A  501F               	movf	(??_atoi+1)^0,w,c
  9418   00253C  0A00               	xorlw	0	; case 0
  9419   00253E  B4D8               	btfsc	status,2,c
  9420   002540  EFA4  F012         	goto	l7316
  9421   002544  EFCB  F012         	goto	l6072
  9422   002548                     l7316:
  9423                           
  9424                           ; Switch size 1, requested type "simple"
  9425                           ; Number of cases is 2, Range of values is 43 to 45
  9426                           ; switch strategies available:
  9427                           ; Name         Instructions Cycles
  9428                           ; simple_byte            7     4 (average)
  9429                           ;	Chosen strategy is simple_byte
  9430   002548  501E               	movf	??_atoi^0,w,c
  9431   00254A  0A2B               	xorlw	43	; case 43
  9432   00254C  B4D8               	btfsc	status,2,c
  9433   00254E  EF90  F012         	goto	l6062
  9434   002552  0A06               	xorlw	6	; case 45
  9435   002554  B4D8               	btfsc	status,2,c
  9436   002556  EF8C  F012         	goto	l6060
  9437   00255A  EFCB  F012         	goto	l6072
  9438   00255E                     l6066:
  9439   00255E  C023  F016         	movff	atoi@n,___wmul@multiplier
  9440   002562  C024  F017         	movff	atoi@n+1,___wmul@multiplier+1
  9441   002566  0E00               	movlw	0
  9442   002568  6E19               	movwf	(___wmul@multiplicand+1)^0,c
  9443   00256A  0E0A               	movlw	10
  9444   00256C  6E18               	movwf	___wmul@multiplicand^0,c
  9445   00256E  ECC2  F01F         	call	___wmul	;wreg free
  9446   002572  C01C  FFF6         	movff	atoi@s,tblptrl
  9447   002576  C01D  FFF7         	movff	atoi@s+1,tblptrh
  9448   00257A                     	if	1	;Program memory is < 0x10000, tblptru is always zero
  9449   00257A  6AF8               	clrf	tblptru,c
  9450   00257C                     	endif
  9451   00257C                     	if	0	;tblptru may be non-zero
  9452   00257C                     	endif
  9453   00257C  0008               	tblrd		*
  9454   00257E  50F5               	movf	tablat,w,c
  9455   002580  5E16               	subwf	?___wmul^0,f,c
  9456   002582  0E00               	movlw	0
  9457   002584  5A17               	subwfb	(?___wmul+1)^0,f,c
  9458   002586  0E30               	movlw	48
  9459   002588  2416               	addwf	?___wmul^0,w,c
  9460   00258A  6E23               	movwf	atoi@n^0,c
  9461   00258C  0E00               	movlw	0
  9462   00258E  2017               	addwfc	(?___wmul+1)^0,w,c
  9463   002590  6E24               	movwf	(atoi@n+1)^0,c
  9464   002592  EF90  F012         	goto	l6062
  9465   002596                     l6072:
  9466   002596  C01C  FFF6         	movff	atoi@s,tblptrl
  9467   00259A  C01D  FFF7         	movff	atoi@s+1,tblptrh
  9468   00259E                     	if	1	;Program memory is < 0x10000, tblptru is always zero
  9469   00259E  6AF8               	clrf	tblptru,c
  9470   0025A0                     	endif
  9471   0025A0                     	if	0	;tblptru may be non-zero
  9472   0025A0                     	endif
  9473   0025A0  0008               	tblrd		*
  9474   0025A2  CFF5 F01E          	movff	tablat,??_atoi
  9475   0025A6  0ED0               	movlw	208
  9476   0025A8  241E               	addwf	??_atoi^0,w,c
  9477   0025AA  6E1F               	movwf	(??_atoi+1)^0,c
  9478   0025AC  6A20               	clrf	(??_atoi+2)^0,c
  9479   0025AE  0EFF               	movlw	255
  9480   0025B0  2220               	addwfc	(??_atoi+2)^0,f,c
  9481   0025B2  5020               	movf	(??_atoi+2)^0,w,c
  9482   0025B4  E109               	bnz	u5250
  9483   0025B6  0E0A               	movlw	10
  9484   0025B8  5C1F               	subwf	(??_atoi+1)^0,w,c
  9485   0025BA  A0D8               	btfss	status,0,c
  9486   0025BC  EFE2  F012         	goto	u5251
  9487   0025C0  EFE4  F012         	goto	u5250
  9488   0025C4                     u5251:
  9489   0025C4  EFAF  F012         	goto	l6066
  9490   0025C8                     u5250:
  9491   0025C8  5021               	movf	atoi@neg^0,w,c
  9492   0025CA  1022               	iorwf	(atoi@neg+1)^0,w,c
  9493   0025CC  A4D8               	btfss	status,2,c
  9494   0025CE  EFEB  F012         	goto	u5261
  9495   0025D2  EFED  F012         	goto	u5260
  9496   0025D6                     u5261:
  9497   0025D6  EFFB  F012         	goto	l1808
  9498   0025DA                     u5260:
  9499   0025DA  C023  F01E         	movff	atoi@n,??_atoi
  9500   0025DE  C024  F01F         	movff	atoi@n+1,??_atoi+1
  9501   0025E2  1E1E               	comf	??_atoi^0,f,c
  9502   0025E4  1E1F               	comf	(??_atoi+1)^0,f,c
  9503   0025E6  4A1E               	infsnz	??_atoi^0,f,c
  9504   0025E8  2A1F               	incf	(??_atoi+1)^0,f,c
  9505   0025EA  C01E  F01C         	movff	??_atoi,?_atoi
  9506   0025EE  C01F  F01D         	movff	??_atoi+1,?_atoi+1
  9507   0025F2  EFFF  F012         	goto	l1811
  9508   0025F6                     l1808:
  9509   0025F6  C023  F01C         	movff	atoi@n,?_atoi
  9510   0025FA  C024  F01D         	movff	atoi@n+1,?_atoi+1
  9511   0025FE                     l1811:
  9512   0025FE  0012               	return		;funcret
  9513   002600                     __end_of_atoi:
  9514                           	callstack 0
  9515                           
  9516 ;; *************** function _isspace *****************
  9517 ;; Defined at:
  9518 ;;		line 5 in file "C:\Program Files\Microchip\xc8\v2.40\pic\sources\c99\common\isspace.c"
  9519 ;; Parameters:    Size  Location     Type
  9520 ;;  c               2   21[COMRAM] int 
  9521 ;; Auto vars:     Size  Location     Type
  9522 ;;		None
  9523 ;; Return value:  Size  Location     Type
  9524 ;;                  2   21[COMRAM] int 
  9525 ;; Registers used:
  9526 ;;		wreg, status,2, status,0
  9527 ;; Tracked objects:
  9528 ;;		On entry : 0/0
  9529 ;;		On exit  : 0/0
  9530 ;;		Unchanged: 0/0
  9531 ;; Data sizes:     COMRAM   BANK0   BANK1   BANK2   BANK3   BANK4   BANK5   BANK6   BANK7   BANK8   BANK9  BANK10  BANK1
      +1  BANK12  BANK13  BANK14  BANK15
  9532 ;;      Params:         2       0       0       0       0       0       0       0       0       0       0       0       
      +0       0       0       0       0
  9533 ;;      Locals:         1       0       0       0       0       0       0       0       0       0       0       0       
      +0       0       0       0       0
  9534 ;;      Temps:          2       0       0       0       0       0       0       0       0       0       0       0       
      +0       0       0       0       0
  9535 ;;      Totals:         5       0       0       0       0       0       0       0       0       0       0       0       
      +0       0       0       0       0
  9536 ;;Total ram usage:        5 bytes
  9537 ;; Hardware stack levels used: 1
  9538 ;; Hardware stack levels required when called: 5
  9539 ;; This function calls:
  9540 ;;		Nothing
  9541 ;; This function is called by:
  9542 ;;		_atoi
  9543 ;;		___strtoxl
  9544 ;; This function uses a non-reentrant model
  9545 ;;
  9546                           
  9547                           	psect	text65
  9548   003A96                     __ptext65:
  9549                           	callstack 0
  9550   003A96                     _isspace:
  9551                           	callstack 22
  9552   003A96  0E01               	movlw	1
  9553   003A98  6E1A               	movwf	_isspace$2971^0,c
  9554   003A9A  0E20               	movlw	32
  9555   003A9C  1816               	xorwf	isspace@c^0,w,c
  9556   003A9E  1017               	iorwf	(isspace@c+1)^0,w,c
  9557   003AA0  B4D8               	btfsc	status,2,c
  9558   003AA2  EF55  F01D         	goto	u4831
  9559   003AA6  EF57  F01D         	goto	u4830
  9560   003AAA                     u4831:
  9561   003AAA  EF6A  F01D         	goto	l5878
  9562   003AAE                     u4830:
  9563   003AAE  0EF7               	movlw	247
  9564   003AB0  2416               	addwf	isspace@c^0,w,c
  9565   003AB2  6E18               	movwf	??_isspace^0,c
  9566   003AB4  0EFF               	movlw	255
  9567   003AB6  2017               	addwfc	(isspace@c+1)^0,w,c
  9568   003AB8  6E19               	movwf	(??_isspace+1)^0,c
  9569   003ABA  5019               	movf	(??_isspace+1)^0,w,c
  9570   003ABC  E109               	bnz	u4840
  9571   003ABE  0E05               	movlw	5
  9572   003AC0  5C18               	subwf	??_isspace^0,w,c
  9573   003AC2  A0D8               	btfss	status,0,c
  9574   003AC4  EF66  F01D         	goto	u4841
  9575   003AC8  EF68  F01D         	goto	u4840
  9576   003ACC                     u4841:
  9577   003ACC  EF6A  F01D         	goto	l5878
  9578   003AD0                     u4840:
  9579   003AD0  0E00               	movlw	0
  9580   003AD2  6E1A               	movwf	_isspace$2971^0,c
  9581   003AD4                     l5878:
  9582   003AD4  C01A  F016         	movff	_isspace$2971,?_isspace
  9583   003AD8  6A17               	clrf	(?_isspace+1)^0,c
  9584   003ADA  0012               	return		;funcret
  9585   003ADC                     __end_of_isspace:
  9586                           	callstack 0
  9587                           
  9588 ;; *************** function _isdigit *****************
  9589 ;; Defined at:
  9590 ;;		line 5 in file "C:\Program Files\Microchip\xc8\v2.40\pic\sources\c99\common\isdigit.c"
  9591 ;; Parameters:    Size  Location     Type
  9592 ;;  c               2   21[COMRAM] int 
  9593 ;; Auto vars:     Size  Location     Type
  9594 ;;		None
  9595 ;; Return value:  Size  Location     Type
  9596 ;;                  2   21[COMRAM] int 
  9597 ;; Registers used:
  9598 ;;		wreg, status,2, status,0
  9599 ;; Tracked objects:
  9600 ;;		On entry : 0/0
  9601 ;;		On exit  : 0/0
  9602 ;;		Unchanged: 0/0
  9603 ;; Data sizes:     COMRAM   BANK0   BANK1   BANK2   BANK3   BANK4   BANK5   BANK6   BANK7   BANK8   BANK9  BANK10  BANK1
      +1  BANK12  BANK13  BANK14  BANK15
  9604 ;;      Params:         2       0       0       0       0       0       0       0       0       0       0       0       
      +0       0       0       0       0
  9605 ;;      Locals:         0       0       0       0       0       0       0       0       0       0       0       0       
      +0       0       0       0       0
  9606 ;;      Temps:          2       0       0       0       0       0       0       0       0       0       0       0       
      +0       0       0       0       0
  9607 ;;      Totals:         4       0       0       0       0       0       0       0       0       0       0       0       
      +0       0       0       0       0
  9608 ;;Total ram usage:        4 bytes
  9609 ;; Hardware stack levels used: 1
  9610 ;; Hardware stack levels required when called: 5
  9611 ;; This function calls:
  9612 ;;		Nothing
  9613 ;; This function is called by:
  9614 ;;		_vfpfcnvrt
  9615 ;;		_atoi
  9616 ;;		___strtoxl
  9617 ;; This function uses a non-reentrant model
  9618 ;;
  9619                           
  9620                           	psect	text66
  9621   003E0E                     __ptext66:
  9622                           	callstack 0
  9623   003E0E                     _isdigit:
  9624                           	callstack 22
  9625   003E0E  0ED0               	movlw	208
  9626   003E10  2416               	addwf	isdigit@c^0,w,c
  9627   003E12  6E18               	movwf	??_isdigit^0,c
  9628   003E14  0EFF               	movlw	255
  9629   003E16  2017               	addwfc	(isdigit@c+1)^0,w,c
  9630   003E18  6E19               	movwf	(??_isdigit+1)^0,c
  9631   003E1A  5019               	movf	(??_isdigit+1)^0,w,c
  9632   003E1C  E10A               	bnz	u4810
  9633   003E1E  0E0A               	movlw	10
  9634   003E20  5C18               	subwf	??_isdigit^0,w,c
  9635   003E22  A0D8               	btfss	status,0,c
  9636   003E24  EF16  F01F         	goto	u4811
  9637   003E28  EF19  F01F         	goto	u4810
  9638   003E2C                     u4811:
  9639   003E2C  0E01               	movlw	1
  9640   003E2E  EF1A  F01F         	goto	u4820
  9641   003E32                     u4810:
  9642   003E32  0E00               	movlw	0
  9643   003E34                     u4820:
  9644   003E34  6E16               	movwf	?_isdigit^0,c
  9645   003E36  6A17               	clrf	(?_isdigit+1)^0,c
  9646   003E38  0012               	return		;funcret
  9647   003E3A                     __end_of_isdigit:
  9648                           	callstack 0
  9649                           
  9650 ;; *************** function _parse_frame_ID *****************
  9651 ;; Defined at:
  9652 ;;		line 353 in file "main.c"
  9653 ;; Parameters:    Size  Location     Type
  9654 ;;		None
  9655 ;; Auto vars:     Size  Location     Type
  9656 ;;		None
  9657 ;; Return value:  Size  Location     Type
  9658 ;;                  2   27[COMRAM] int 
  9659 ;; Registers used:
  9660 ;;		wreg, status,2, status,0, prodl, prodh, cstack
  9661 ;; Tracked objects:
  9662 ;;		On entry : 0/0
  9663 ;;		On exit  : 0/0
  9664 ;;		Unchanged: 0/0
  9665 ;; Data sizes:     COMRAM   BANK0   BANK1   BANK2   BANK3   BANK4   BANK5   BANK6   BANK7   BANK8   BANK9  BANK10  BANK1
      +1  BANK12  BANK13  BANK14  BANK15
  9666 ;;      Params:         2       0       0       0       0       0       0       0       0       0       0       0       
      +0       0       0       0       0
  9667 ;;      Locals:         0       0       0       0       0       0       0       0       0       0       0       0       
      +0       0       0       0       0
  9668 ;;      Temps:          0       0       0       0       0       0       0       0       0       0       0       0       
      +0       0       0       0       0
  9669 ;;      Totals:         2       0       0       0       0       0       0       0       0       0       0       0       
      +0       0       0       0       0
  9670 ;;Total ram usage:        2 bytes
  9671 ;; Hardware stack levels used: 1
  9672 ;; Hardware stack levels required when called: 6
  9673 ;; This function calls:
  9674 ;;		___wmul
  9675 ;; This function is called by:
  9676 ;;		_Decode
  9677 ;; This function uses a non-reentrant model
  9678 ;;
  9679                           
  9680                           	psect	text67
  9681   003FAA                     __ptext67:
  9682                           	callstack 0
  9683   003FAA                     _parse_frame_ID:
  9684                           	callstack 23
  9685   003FAA                     
  9686                           ;main.c: 354:     return add_digit_1 * 10 + add_digit_2;
  9687   003FAA  C12A  F016         	movff	_add_digit_1,___wmul@multiplier
  9688   003FAE  C12B  F017         	movff	_add_digit_1+1,___wmul@multiplier+1
  9689   003FB2  0E00               	movlw	0
  9690   003FB4  6E19               	movwf	(___wmul@multiplicand+1)^0,c
  9691   003FB6  0E0A               	movlw	10
  9692   003FB8  6E18               	movwf	___wmul@multiplicand^0,c
  9693   003FBA  ECC2  F01F         	call	___wmul	;wreg free
  9694   003FBE  0101               	movlb	1	; () banked
  9695   003FC0  5128               	movf	_add_digit_2& (0+255),w,b
  9696   003FC2  2416               	addwf	?___wmul^0,w,c
  9697   003FC4  6E1C               	movwf	?_parse_frame_ID^0,c
  9698   003FC6  5129               	movf	(_add_digit_2+1)& (0+255),w,b
  9699   003FC8  2017               	addwfc	(?___wmul+1)^0,w,c
  9700   003FCA  6E1D               	movwf	(?_parse_frame_ID+1)^0,c
  9701   003FCC                     
  9702                           ; BSR set to: 1
  9703   003FCC  0012               	return		;funcret
  9704   003FCE                     __end_of_parse_frame_ID:
  9705                           	callstack 0
  9706                           
  9707 ;; *************** function ___wmul *****************
  9708 ;; Defined at:
  9709 ;;		line 15 in file "C:\Program Files\Microchip\xc8\v2.40\pic\sources\c99\common\Umul16.c"
  9710 ;; Parameters:    Size  Location     Type
  9711 ;;  multiplier      2   21[COMRAM] unsigned int 
  9712 ;;  multiplicand    2   23[COMRAM] unsigned int 
  9713 ;; Auto vars:     Size  Location     Type
  9714 ;;  product         2   25[COMRAM] unsigned int 
  9715 ;; Return value:  Size  Location     Type
  9716 ;;                  2   21[COMRAM] unsigned int 
  9717 ;; Registers used:
  9718 ;;		wreg, status,2, status,0, prodl, prodh
  9719 ;; Tracked objects:
  9720 ;;		On entry : 0/0
  9721 ;;		On exit  : 0/0
  9722 ;;		Unchanged: 0/0
  9723 ;; Data sizes:     COMRAM   BANK0   BANK1   BANK2   BANK3   BANK4   BANK5   BANK6   BANK7   BANK8   BANK9  BANK10  BANK1
      +1  BANK12  BANK13  BANK14  BANK15
  9724 ;;      Params:         4       0       0       0       0       0       0       0       0       0       0       0       
      +0       0       0       0       0
  9725 ;;      Locals:         2       0       0       0       0       0       0       0       0       0       0       0       
      +0       0       0       0       0
  9726 ;;      Temps:          0       0       0       0       0       0       0       0       0       0       0       0       
      +0       0       0       0       0
  9727 ;;      Totals:         6       0       0       0       0       0       0       0       0       0       0       0       
      +0       0       0       0       0
  9728 ;;Total ram usage:        6 bytes
  9729 ;; Hardware stack levels used: 1
  9730 ;; Hardware stack levels required when called: 5
  9731 ;; This function calls:
  9732 ;;		Nothing
  9733 ;; This function is called by:
  9734 ;;		_parse_frame_ID
  9735 ;;		_atoi
  9736 ;; This function uses a non-reentrant model
  9737 ;;
  9738                           
  9739                           	psect	text68
  9740   003F84                     __ptext68:
  9741                           	callstack 0
  9742   003F84                     ___wmul:
  9743                           	callstack 19
  9744   003F84  5016               	movf	___wmul@multiplier^0,w,c
  9745   003F86  0218               	mulwf	___wmul@multiplicand^0,c
  9746   003F88  CFF3 F01A          	movff	prodl,___wmul@product
  9747   003F8C  CFF4 F01B          	movff	prodh,___wmul@product+1
  9748   003F90  5016               	movf	___wmul@multiplier^0,w,c
  9749   003F92  0219               	mulwf	(___wmul@multiplicand+1)^0,c
  9750   003F94  50F3               	movf	243,w,c
  9751   003F96  261B               	addwf	(___wmul@product+1)^0,f,c
  9752   003F98  5017               	movf	(___wmul@multiplier+1)^0,w,c
  9753   003F9A  0218               	mulwf	___wmul@multiplicand^0,c
  9754   003F9C  50F3               	movf	243,w,c
  9755   003F9E  261B               	addwf	(___wmul@product+1)^0,f,c
  9756   003FA0  C01A  F016         	movff	___wmul@product,?___wmul
  9757   003FA4  C01B  F017         	movff	___wmul@product+1,?___wmul+1
  9758   003FA8  0012               	return		;funcret
  9759   003FAA                     __end_of___wmul:
  9760                           	callstack 0
  9761                           
  9762 ;; *************** function _get_ID *****************
  9763 ;; Defined at:
  9764 ;;		line 348 in file "main.c"
  9765 ;; Parameters:    Size  Location     Type
  9766 ;;		None
  9767 ;; Auto vars:     Size  Location     Type
  9768 ;;		None
  9769 ;; Return value:  Size  Location     Type
  9770 ;;                  2   21[COMRAM] int 
  9771 ;; Registers used:
  9772 ;;		wreg, status,2, status,0
  9773 ;; Tracked objects:
  9774 ;;		On entry : 0/0
  9775 ;;		On exit  : 0/0
  9776 ;;		Unchanged: 0/0
  9777 ;; Data sizes:     COMRAM   BANK0   BANK1   BANK2   BANK3   BANK4   BANK5   BANK6   BANK7   BANK8   BANK9  BANK10  BANK1
      +1  BANK12  BANK13  BANK14  BANK15
  9778 ;;      Params:         2       0       0       0       0       0       0       0       0       0       0       0       
      +0       0       0       0       0
  9779 ;;      Locals:         0       0       0       0       0       0       0       0       0       0       0       0       
      +0       0       0       0       0
  9780 ;;      Temps:         16       0       0       0       0       0       0       0       0       0       0       0       
      +0       0       0       0       0
  9781 ;;      Totals:        18       0       0       0       0       0       0       0       0       0       0       0       
      +0       0       0       0       0
  9782 ;;Total ram usage:       18 bytes
  9783 ;; Hardware stack levels used: 1
  9784 ;; Hardware stack levels required when called: 5
  9785 ;; This function calls:
  9786 ;;		Nothing
  9787 ;; This function is called by:
  9788 ;;		_Decode
  9789 ;; This function uses a non-reentrant model
  9790 ;;
  9791                           
  9792                           	psect	text69
  9793   00282E                     __ptext69:
  9794                           	callstack 0
  9795   00282E                     _get_ID:
  9796                           	callstack 24
  9797   00282E                     
  9798                           ;main.c: 349:     return PORTAbits.RA0 | PORTAbits.RA1 << 1 | PORTAbits.RA2 << 2 | PORTA
      +                          bits.RA3 << 3 | PORTAbits.RA4 << 4;
  9799   00282E  B880               	btfsc	128,4,c	;volatile
  9800   002830  EF1C  F014         	goto	u3931
  9801   002834  EF1F  F014         	goto	u3930
  9802   002838                     u3931:
  9803   002838  0E01               	movlw	1
  9804   00283A  EF20  F014         	goto	u3940
  9805   00283E                     u3930:
  9806   00283E  0E00               	movlw	0
  9807   002840                     u3940:
  9808   002840  6E18               	movwf	??_get_ID^0,c
  9809   002842  6A19               	clrf	(??_get_ID+1)^0,c
  9810   002844  3A18               	swapf	??_get_ID^0,f,c
  9811   002846  3A19               	swapf	(??_get_ID+1)^0,f,c
  9812   002848  0EF0               	movlw	240
  9813   00284A  1619               	andwf	(??_get_ID+1)^0,f,c
  9814   00284C  5018               	movf	??_get_ID^0,w,c
  9815   00284E  0B0F               	andlw	15
  9816   002850  1219               	iorwf	(??_get_ID+1)^0,f,c
  9817   002852  0EF0               	movlw	240
  9818   002854  1618               	andwf	??_get_ID^0,f,c
  9819   002856  B680               	btfsc	128,3,c	;volatile
  9820   002858  EF30  F014         	goto	u3951
  9821   00285C  EF33  F014         	goto	u3950
  9822   002860                     u3951:
  9823   002860  0E01               	movlw	1
  9824   002862  EF34  F014         	goto	u3960
  9825   002866                     u3950:
  9826   002866  0E00               	movlw	0
  9827   002868                     u3960:
  9828   002868  6E1A               	movwf	(??_get_ID+2)^0,c
  9829   00286A  6A1B               	clrf	(??_get_ID+3)^0,c
  9830   00286C  90D8               	bcf	status,0,c
  9831   00286E  361A               	rlcf	(??_get_ID+2)^0,f,c
  9832   002870  361B               	rlcf	(??_get_ID+3)^0,f,c
  9833   002872  90D8               	bcf	status,0,c
  9834   002874  361A               	rlcf	(??_get_ID+2)^0,f,c
  9835   002876  361B               	rlcf	(??_get_ID+3)^0,f,c
  9836   002878  90D8               	bcf	status,0,c
  9837   00287A  361A               	rlcf	(??_get_ID+2)^0,f,c
  9838   00287C  361B               	rlcf	(??_get_ID+3)^0,f,c
  9839   00287E  B480               	btfsc	128,2,c	;volatile
  9840   002880  EF44  F014         	goto	u3971
  9841   002884  EF47  F014         	goto	u3970
  9842   002888                     u3971:
  9843   002888  0E01               	movlw	1
  9844   00288A  EF48  F014         	goto	u3980
  9845   00288E                     u3970:
  9846   00288E  0E00               	movlw	0
  9847   002890                     u3980:
  9848   002890  6E1C               	movwf	(??_get_ID+4)^0,c
  9849   002892  6A1D               	clrf	(??_get_ID+5)^0,c
  9850   002894  90D8               	bcf	status,0,c
  9851   002896  361C               	rlcf	(??_get_ID+4)^0,f,c
  9852   002898  361D               	rlcf	(??_get_ID+5)^0,f,c
  9853   00289A  90D8               	bcf	status,0,c
  9854   00289C  361C               	rlcf	(??_get_ID+4)^0,f,c
  9855   00289E  361D               	rlcf	(??_get_ID+5)^0,f,c
  9856   0028A0  B280               	btfsc	128,1,c	;volatile
  9857   0028A2  EF55  F014         	goto	u3991
  9858   0028A6  EF58  F014         	goto	u3990
  9859   0028AA                     u3991:
  9860   0028AA  0E01               	movlw	1
  9861   0028AC  EF59  F014         	goto	u4000
  9862   0028B0                     u3990:
  9863   0028B0  0E00               	movlw	0
  9864   0028B2                     u4000:
  9865   0028B2  6E1E               	movwf	(??_get_ID+6)^0,c
  9866   0028B4  6A1F               	clrf	(??_get_ID+7)^0,c
  9867   0028B6  90D8               	bcf	status,0,c
  9868   0028B8  361E               	rlcf	(??_get_ID+6)^0,f,c
  9869   0028BA  361F               	rlcf	(??_get_ID+7)^0,f,c
  9870   0028BC  B080               	btfsc	128,0,c	;volatile
  9871   0028BE  EF63  F014         	goto	u4011
  9872   0028C2  EF66  F014         	goto	u4010
  9873   0028C6                     u4011:
  9874   0028C6  0E01               	movlw	1
  9875   0028C8  EF67  F014         	goto	u4020
  9876   0028CC                     u4010:
  9877   0028CC  0E00               	movlw	0
  9878   0028CE                     u4020:
  9879   0028CE  6E20               	movwf	(??_get_ID+8)^0,c
  9880   0028D0  6A21               	clrf	(??_get_ID+9)^0,c
  9881   0028D2  501E               	movf	(??_get_ID+6)^0,w,c
  9882   0028D4  1020               	iorwf	(??_get_ID+8)^0,w,c
  9883   0028D6  6E22               	movwf	(??_get_ID+10)^0,c
  9884   0028D8  501F               	movf	(??_get_ID+7)^0,w,c
  9885   0028DA  1021               	iorwf	(??_get_ID+9)^0,w,c
  9886   0028DC  6E23               	movwf	(??_get_ID+11)^0,c
  9887   0028DE  501C               	movf	(??_get_ID+4)^0,w,c
  9888   0028E0  1022               	iorwf	(??_get_ID+10)^0,w,c
  9889   0028E2  6E24               	movwf	(??_get_ID+12)^0,c
  9890   0028E4  501D               	movf	(??_get_ID+5)^0,w,c
  9891   0028E6  1023               	iorwf	(??_get_ID+11)^0,w,c
  9892   0028E8  6E25               	movwf	(??_get_ID+13)^0,c
  9893   0028EA  501A               	movf	(??_get_ID+2)^0,w,c
  9894   0028EC  1024               	iorwf	(??_get_ID+12)^0,w,c
  9895   0028EE  6E26               	movwf	(??_get_ID+14)^0,c
  9896   0028F0  501B               	movf	(??_get_ID+3)^0,w,c
  9897   0028F2  1025               	iorwf	(??_get_ID+13)^0,w,c
  9898   0028F4  6E27               	movwf	(??_get_ID+15)^0,c
  9899   0028F6  5018               	movf	??_get_ID^0,w,c
  9900   0028F8  1026               	iorwf	(??_get_ID+14)^0,w,c
  9901   0028FA  6E16               	movwf	?_get_ID^0,c
  9902   0028FC  5019               	movf	(??_get_ID+1)^0,w,c
  9903   0028FE  1027               	iorwf	(??_get_ID+15)^0,w,c
  9904   002900  6E17               	movwf	(?_get_ID+1)^0,c
  9905   002902  0012               	return		;funcret
  9906   002904                     __end_of_get_ID:
  9907                           	callstack 0
  9908                           
  9909 ;; *************** function _clear_buffer *****************
  9910 ;; Defined at:
  9911 ;;		line 134 in file "main.c"
  9912 ;; Parameters:    Size  Location     Type
  9913 ;;  buffer          2   25[COMRAM] PTR unsigned char 
  9914 ;;		 -> fullAckFrame(20), FrameCheckSum(3), CRCresult(2), TrimmedFrame(20), 
  9915 ;;		 -> frame_buffer(20), 
  9916 ;; Auto vars:     Size  Location     Type
  9917 ;;  i               2   27[COMRAM] int 
  9918 ;; Return value:  Size  Location     Type
  9919 ;;                  1    wreg      void 
  9920 ;; Registers used:
  9921 ;;		wreg, fsr1l, fsr1h, fsr2l, fsr2h, status,2, status,0, tblptrl, tblptrh, tblptru, cstack
  9922 ;; Tracked objects:
  9923 ;;		On entry : 0/0
  9924 ;;		On exit  : 0/0
  9925 ;;		Unchanged: 0/0
  9926 ;; Data sizes:     COMRAM   BANK0   BANK1   BANK2   BANK3   BANK4   BANK5   BANK6   BANK7   BANK8   BANK9  BANK10  BANK1
      +1  BANK12  BANK13  BANK14  BANK15
  9927 ;;      Params:         2       0       0       0       0       0       0       0       0       0       0       0       
      +0       0       0       0       0
  9928 ;;      Locals:         2       0       0       0       0       0       0       0       0       0       0       0       
      +0       0       0       0       0
  9929 ;;      Temps:          0       0       0       0       0       0       0       0       0       0       0       0       
      +0       0       0       0       0
  9930 ;;      Totals:         4       0       0       0       0       0       0       0       0       0       0       0       
      +0       0       0       0       0
  9931 ;;Total ram usage:        4 bytes
  9932 ;; Hardware stack levels used: 1
  9933 ;; Hardware stack levels required when called: 6
  9934 ;; This function calls:
  9935 ;;		_strlen
  9936 ;; This function is called by:
  9937 ;;		_ReceivedFrameChecksum
  9938 ;;		_Decode
  9939 ;;		_ACKframeChecksum
  9940 ;; This function uses a non-reentrant model
  9941 ;;
  9942                           
  9943                           	psect	text70
  9944   003B20                     __ptext70:
  9945                           	callstack 0
  9946   003B20                     _clear_buffer:
  9947                           	callstack 23
  9948   003B20                     
  9949                           ;main.c: 135:     int i;;main.c: 136:     for(i=0;i<strlen(buffer);i++){
  9950   003B20  0E00               	movlw	0
  9951   003B22  6E1D               	movwf	(clear_buffer@i+1)^0,c
  9952   003B24  0E00               	movlw	0
  9953   003B26  6E1C               	movwf	clear_buffer@i^0,c
  9954   003B28  EFA0  F01D         	goto	l6430
  9955   003B2C                     l6426:
  9956                           
  9957                           ;main.c: 137:         buffer[i] = '\0';
  9958   003B2C  501C               	movf	clear_buffer@i^0,w,c
  9959   003B2E  241A               	addwf	clear_buffer@buffer^0,w,c
  9960   003B30  6ED9               	movwf	fsr2l,c
  9961   003B32  501D               	movf	(clear_buffer@i+1)^0,w,c
  9962   003B34  201B               	addwfc	(clear_buffer@buffer+1)^0,w,c
  9963   003B36  6EDA               	movwf	fsr2h,c
  9964   003B38  0E00               	movlw	0
  9965   003B3A  6EDF               	movwf	indf2,c
  9966   003B3C                     
  9967                           ;main.c: 138:     }
  9968   003B3C  4A1C               	infsnz	clear_buffer@i^0,f,c
  9969   003B3E  2A1D               	incf	(clear_buffer@i+1)^0,f,c
  9970   003B40                     l6430:
  9971   003B40  C01A  F016         	movff	clear_buffer@buffer,strlen@s
  9972   003B44  C01B  F017         	movff	clear_buffer@buffer+1,strlen@s+1
  9973   003B48  EC68  F01C         	call	_strlen	;wreg free
  9974   003B4C  5016               	movf	?_strlen^0,w,c
  9975   003B4E  5C1C               	subwf	clear_buffer@i^0,w,c
  9976   003B50  5017               	movf	(?_strlen+1)^0,w,c
  9977   003B52  581D               	subwfb	(clear_buffer@i+1)^0,w,c
  9978   003B54  A0D8               	btfss	status,0,c
  9979   003B56  EFAF  F01D         	goto	u5731
  9980   003B5A  EFB1  F01D         	goto	u5730
  9981   003B5E                     u5731:
  9982   003B5E  EF96  F01D         	goto	l6426
  9983   003B62                     u5730:
  9984   003B62  0012               	return		;funcret
  9985   003B64                     __end_of_clear_buffer:
  9986                           	callstack 0
  9987                           
  9988 ;; *************** function _strlen *****************
  9989 ;; Defined at:
  9990 ;;		line 5 in file "C:\Program Files\Microchip\xc8\v2.40\pic\sources\c99\common\strlen.c"
  9991 ;; Parameters:    Size  Location     Type
  9992 ;;  s               2   21[COMRAM] PTR const unsigned char 
  9993 ;;		 -> stoa@nuls(7), ?_sprintf(2), STR_14(20), STR_11(2), 
  9994 ;;		 -> fullAckFrame(20), STR_10(3), STR_8(3), Execute@data_ch4(10), 
  9995 ;;		 -> Execute@data_ch3(10), Execute@data_ch2(10), Execute@data_ch1(10), Execute@acknowledge_frame(30), 
  9996 ;;		 -> NULL(0), FrameCheckSum(3), CRCresult(2), TrimmedFrame(20), 
  9997 ;;		 -> frame_buffer(20), 
  9998 ;; Auto vars:     Size  Location     Type
  9999 ;;  a               2   23[COMRAM] PTR const unsigned char 
 10000 ;;		 -> stoa@nuls(7), ?_sprintf(2), STR_14(20), STR_11(2), 
 10001 ;;		 -> fullAckFrame(20), STR_10(3), STR_8(3), Execute@data_ch4(10), 
 10002 ;;		 -> Execute@data_ch3(10), Execute@data_ch2(10), Execute@data_ch1(10), Execute@acknowledge_frame(30), 
 10003 ;;		 -> NULL(0), FrameCheckSum(3), CRCresult(2), TrimmedFrame(20), 
 10004 ;;		 -> frame_buffer(20), 
 10005 ;; Return value:  Size  Location     Type
 10006 ;;                  2   21[COMRAM] unsigned int 
 10007 ;; Registers used:
 10008 ;;		wreg, fsr1l, fsr1h, status,2, status,0, tblptrl, tblptrh, tblptru
 10009 ;; Tracked objects:
 10010 ;;		On entry : 0/0
 10011 ;;		On exit  : 0/0
 10012 ;;		Unchanged: 0/0
 10013 ;; Data sizes:     COMRAM   BANK0   BANK1   BANK2   BANK3   BANK4   BANK5   BANK6   BANK7   BANK8   BANK9  BANK10  BANK1
      +1  BANK12  BANK13  BANK14  BANK15
 10014 ;;      Params:         2       0       0       0       0       0       0       0       0       0       0       0       
      +0       0       0       0       0
 10015 ;;      Locals:         2       0       0       0       0       0       0       0       0       0       0       0       
      +0       0       0       0       0
 10016 ;;      Temps:          0       0       0       0       0       0       0       0       0       0       0       0       
      +0       0       0       0       0
 10017 ;;      Totals:         4       0       0       0       0       0       0       0       0       0       0       0       
      +0       0       0       0       0
 10018 ;;Total ram usage:        4 bytes
 10019 ;; Hardware stack levels used: 1
 10020 ;; Hardware stack levels required when called: 5
 10021 ;; This function calls:
 10022 ;;		Nothing
 10023 ;; This function is called by:
 10024 ;;		_send_string
 10025 ;;		_clear_buffer
 10026 ;;		_Execute
 10027 ;;		_ChecksumCalc
 10028 ;;		_TrimFrame
 10029 ;;		_GetChecksumValue
 10030 ;;		_stoa
 10031 ;; This function uses a non-reentrant model
 10032 ;;
 10033                           
 10034                           	psect	text71
 10035   0038D0                     __ptext71:
 10036                           	callstack 0
 10037   0038D0                     _strlen:
 10038                           	callstack 23
 10039   0038D0  C016  F018         	movff	strlen@s,strlen@a
 10040   0038D4  C017  F019         	movff	strlen@s+1,strlen@a+1
 10041   0038D8  EF70  F01C         	goto	l5756
 10042   0038DC                     l5754:
 10043   0038DC  4A16               	infsnz	strlen@s^0,f,c
 10044   0038DE  2A17               	incf	(strlen@s+1)^0,f,c
 10045   0038E0                     l5756:
 10046   0038E0  C016  FFF6         	movff	strlen@s,tblptrl
 10047   0038E4  C017  FFF7         	movff	strlen@s+1,tblptrh
 10048   0038E8  0E00               	movlw	low (__smallconst shr (0+16))
 10049   0038EA  6EF8               	movwf	tblptru,c
 10050   0038EC  0E0F               	movlw	(high __ramtop+-1)
 10051   0038EE  64F7               	cpfsgt	tblptrh,c
 10052   0038F0  D003               	bra	u4637
 10053   0038F2  0008               	tblrd		*
 10054   0038F4  50F5               	movf	tablat,w,c
 10055   0038F6  D005               	bra	u4630
 10056   0038F8                     u4637:
 10057   0038F8  CFF6 FFE1          	movff	tblptrl,fsr1l
 10058   0038FC  CFF7 FFE2          	movff	tblptrh,fsr1h
 10059   003900  50E7               	movf	indf1,w,c
 10060   003902                     u4630:
 10061   003902  0900               	iorlw	0
 10062   003904  A4D8               	btfss	status,2,c
 10063   003906  EF87  F01C         	goto	u4641
 10064   00390A  EF89  F01C         	goto	u4640
 10065   00390E                     u4641:
 10066   00390E  EF6E  F01C         	goto	l5754
 10067   003912                     u4640:
 10068   003912  5018               	movf	strlen@a^0,w,c
 10069   003914  5C16               	subwf	strlen@s^0,w,c
 10070   003916  6E16               	movwf	?_strlen^0,c
 10071   003918  5019               	movf	(strlen@a+1)^0,w,c
 10072   00391A  5817               	subwfb	(strlen@s+1)^0,w,c
 10073   00391C  6E17               	movwf	(?_strlen+1)^0,c
 10074   00391E  0012               	return		;funcret
 10075   003920                     __end_of_strlen:
 10076                           	callstack 0
 10077                           
 10078 ;; *************** function _AD5593_init_w_EVREF *****************
 10079 ;; Defined at:
 10080 ;;		line 129 in file "AD5593R.c"
 10081 ;; Parameters:    Size  Location     Type
 10082 ;;		None
 10083 ;; Auto vars:     Size  Location     Type
 10084 ;;		None
 10085 ;; Return value:  Size  Location     Type
 10086 ;;                  1    wreg      void 
 10087 ;; Registers used:
 10088 ;;		wreg, fsr2l, fsr2h, status,2, status,0, cstack
 10089 ;; Tracked objects:
 10090 ;;		On entry : 0/0
 10091 ;;		On exit  : 0/0
 10092 ;;		Unchanged: 0/0
 10093 ;; Data sizes:     COMRAM   BANK0   BANK1   BANK2   BANK3   BANK4   BANK5   BANK6   BANK7   BANK8   BANK9  BANK10  BANK1
      +1  BANK12  BANK13  BANK14  BANK15
 10094 ;;      Params:         0       0       0       0       0       0       0       0       0       0       0       0       
      +0       0       0       0       0
 10095 ;;      Locals:         0       0       0       0       0       0       0       0       0       0       0       0       
      +0       0       0       0       0
 10096 ;;      Temps:          0       0       0       0       0       0       0       0       0       0       0       0       
      +0       0       0       0       0
 10097 ;;      Totals:         0       0       0       0       0       0       0       0       0       0       0       0       
      +0       0       0       0       0
 10098 ;;Total ram usage:        0 bytes
 10099 ;; Hardware stack levels used: 1
 10100 ;; Hardware stack levels required when called: 10
 10101 ;; This function calls:
 10102 ;;		_AD5593_reset
 10103 ;;		_ADC_ch_config
 10104 ;;		_set_ADC_BUFF
 10105 ;;		_set_ADC_range
 10106 ;;		_set_VREF
 10107 ;; This function is called by:
 10108 ;;		_main
 10109 ;; This function uses a non-reentrant model
 10110 ;;
 10111                           
 10112                           	psect	text72
 10113   003E8E                     __ptext72:
 10114                           	callstack 0
 10115   003E8E                     _AD5593_init_w_EVREF:
 10116                           	callstack 20
 10117   003E8E                     
 10118                           ;AD5593R.c: 130:     AD5593_reset();
 10119   003E8E  EC4E  F020         	call	_AD5593_reset	;wreg free
 10120   003E92                     
 10121                           ;AD5593R.c: 131:     _delay((unsigned long)((250)*(16000000/4000000.0)));
 10122   003E92  0EC8               	movlw	200
 10123   003E94                     u6617:
 10124   003E94  D000               	nop2	
 10125   003E96  2EE8               	decfsz	wreg,f,c
 10126   003E98  D7FD               	bra	u6617
 10127   003E9A                     
 10128                           ;AD5593R.c: 132:     set_VREF(0);
 10129   003E9A  0E00               	movlw	0
 10130   003E9C  EC0D  F01B         	call	_set_VREF
 10131   003EA0  0E00               	movlw	0
 10132   003EA2  6E21               	movwf	(set_ADC_range@range+1)^0,c
 10133   003EA4  0E00               	movlw	0
 10134   003EA6  6E20               	movwf	set_ADC_range@range^0,c
 10135   003EA8  EC45  F019         	call	_set_ADC_range	;wreg free
 10136   003EAC                     
 10137                           ;AD5593R.c: 134:     set_ADC_BUFF(0);
 10138   003EAC  0E00               	movlw	0
 10139   003EAE  EC3C  F01B         	call	_set_ADC_BUFF
 10140   003EB2                     
 10141                           ;AD5593R.c: 135:     ADC_ch_config();
 10142   003EB2  EC27  F01D         	call	_ADC_ch_config	;wreg free
 10143   003EB6  0012               	return		;funcret
 10144   003EB8                     __end_of_AD5593_init_w_EVREF:
 10145                           	callstack 0
 10146                           
 10147 ;; *************** function _set_VREF *****************
 10148 ;; Defined at:
 10149 ;;		line 15 in file "AD5593R.c"
 10150 ;; Parameters:    Size  Location     Type
 10151 ;;  activate        1    wreg     _Bool 
 10152 ;; Auto vars:     Size  Location     Type
 10153 ;;  activate        1   33[COMRAM] _Bool 
 10154 ;; Return value:  Size  Location     Type
 10155 ;;                  1    wreg      void 
 10156 ;; Registers used:
 10157 ;;		wreg, fsr2l, fsr2h, status,2, status,0, cstack
 10158 ;; Tracked objects:
 10159 ;;		On entry : 0/0
 10160 ;;		On exit  : 0/0
 10161 ;;		Unchanged: 0/0
 10162 ;; Data sizes:     COMRAM   BANK0   BANK1   BANK2   BANK3   BANK4   BANK5   BANK6   BANK7   BANK8   BANK9  BANK10  BANK1
      +1  BANK12  BANK13  BANK14  BANK15
 10163 ;;      Params:         0       0       0       0       0       0       0       0       0       0       0       0       
      +0       0       0       0       0
 10164 ;;      Locals:         1       0       0       0       0       0       0       0       0       0       0       0       
      +0       0       0       0       0
 10165 ;;      Temps:          2       0       0       0       0       0       0       0       0       0       0       0       
      +0       0       0       0       0
 10166 ;;      Totals:         3       0       0       0       0       0       0       0       0       0       0       0       
      +0       0       0       0       0
 10167 ;;Total ram usage:        3 bytes
 10168 ;; Hardware stack levels used: 1
 10169 ;; Hardware stack levels required when called: 9
 10170 ;; This function calls:
 10171 ;;		_i2c_driver_read_twobytes
 10172 ;;		_i2c_driver_write_twobytes
 10173 ;; This function is called by:
 10174 ;;		_AD5593_init_w_EVREF
 10175 ;;		_AD5593_init_w_VREF
 10176 ;; This function uses a non-reentrant model
 10177 ;;
 10178                           
 10179                           	psect	text73
 10180   00361A                     __ptext73:
 10181                           	callstack 0
 10182   00361A                     _set_VREF:
 10183                           	callstack 20
 10184                           
 10185                           ;incstack = 0
 10186                           ;set_VREF@activate stored from wreg
 10187   00361A  6E22               	movwf	set_VREF@activate^0,c
 10188   00361C                     
 10189                           ;AD5593R.c: 16:     i2c_driver_read_twobytes(0x20, 0b0111 << 4 | 0b1011 , reg);
 10190   00361C  0E7B               	movlw	123
 10191   00361E  6E19               	movwf	i2c_driver_read_twobytes@reg^0,c
 10192   003620  C03A  F01A         	movff	_reg,i2c_driver_read_twobytes@data
 10193   003624  C03B  F01B         	movff	_reg+1,i2c_driver_read_twobytes@data+1
 10194   003628  0E20               	movlw	32
 10195   00362A  EC26  F017         	call	_i2c_driver_read_twobytes
 10196   00362E                     
 10197                           ;AD5593R.c: 17:     data[0] = (uint8_t)(reg >> 8);
 10198   00362E  503B               	movf	(_reg+1)^0,w,c
 10199   003630  6E38               	movwf	_data^0,c
 10200   003632                     
 10201                           ;AD5593R.c: 18:     data[1] = (uint8_t)reg;
 10202   003632  C03A  F039         	movff	_reg,_data+1
 10203   003636                     
 10204                           ;AD5593R.c: 19:     if(activate){
 10205   003636  5022               	movf	set_VREF@activate^0,w,c
 10206   003638  B4D8               	btfsc	status,2,c
 10207   00363A  EF21  F01B         	goto	u6171
 10208   00363E  EF23  F01B         	goto	u6170
 10209   003642                     u6171:
 10210   003642  EF26  F01B         	goto	l6764
 10211   003646                     u6170:
 10212   003646                     
 10213                           ;AD5593R.c: 20:         data[0] |= (1 << 1);
 10214   003646  8238               	bsf	_data^0,1,c
 10215                           
 10216                           ;AD5593R.c: 21:     }
 10217   003648  EF27  F01B         	goto	l6766
 10218   00364C                     l6764:
 10219                           
 10220                           ;AD5593R.c: 23:         data[0] &= ~(1 << 1);
 10221   00364C  9238               	bcf	_data^0,1,c
 10222   00364E                     l6766:
 10223                           
 10224                           ;AD5593R.c: 25:     reg = (data[0] << 8) | data[1];
 10225   00364E  5039               	movf	(_data+1)^0,w,c
 10226   003650  C038  F020         	movff	_data,??_set_VREF
 10227   003654  6A21               	clrf	(??_set_VREF+1)^0,c
 10228   003656  C020  F021         	movff	??_set_VREF,??_set_VREF+1
 10229   00365A  6A20               	clrf	??_set_VREF^0,c
 10230   00365C  1020               	iorwf	??_set_VREF^0,w,c
 10231   00365E  6E3A               	movwf	_reg^0,c
 10232   003660  5021               	movf	(??_set_VREF+1)^0,w,c
 10233   003662  6E3B               	movwf	(_reg+1)^0,c
 10234   003664                     
 10235                           ;AD5593R.c: 26:     i2c_driver_write_twobytes(0x20, 0b0000 << 4 | 0b1011, reg);
 10236   003664  0E0B               	movlw	11
 10237   003666  6E17               	movwf	i2c_driver_write_twobytes@reg^0,c
 10238   003668  C03A  F018         	movff	_reg,i2c_driver_write_twobytes@data
 10239   00366C  C03B  F019         	movff	_reg+1,i2c_driver_write_twobytes@data+1
 10240   003670  0E20               	movlw	32
 10241   003672  EC4D  F018         	call	_i2c_driver_write_twobytes
 10242   003676  0012               	return		;funcret
 10243   003678                     __end_of_set_VREF:
 10244                           	callstack 0
 10245                           
 10246 ;; *************** function _set_ADC_range *****************
 10247 ;; Defined at:
 10248 ;;		line 45 in file "AD5593R.c"
 10249 ;; Parameters:    Size  Location     Type
 10250 ;;  range           2   31[COMRAM] int 
 10251 ;; Auto vars:     Size  Location     Type
 10252 ;;		None
 10253 ;; Return value:  Size  Location     Type
 10254 ;;                  1    wreg      void 
 10255 ;; Registers used:
 10256 ;;		wreg, fsr2l, fsr2h, status,2, status,0, cstack
 10257 ;; Tracked objects:
 10258 ;;		On entry : 0/0
 10259 ;;		On exit  : 0/0
 10260 ;;		Unchanged: 0/0
 10261 ;; Data sizes:     COMRAM   BANK0   BANK1   BANK2   BANK3   BANK4   BANK5   BANK6   BANK7   BANK8   BANK9  BANK10  BANK1
      +1  BANK12  BANK13  BANK14  BANK15
 10262 ;;      Params:         2       0       0       0       0       0       0       0       0       0       0       0       
      +0       0       0       0       0
 10263 ;;      Locals:         0       0       0       0       0       0       0       0       0       0       0       0       
      +0       0       0       0       0
 10264 ;;      Temps:          2       0       0       0       0       0       0       0       0       0       0       0       
      +0       0       0       0       0
 10265 ;;      Totals:         4       0       0       0       0       0       0       0       0       0       0       0       
      +0       0       0       0       0
 10266 ;;Total ram usage:        4 bytes
 10267 ;; Hardware stack levels used: 1
 10268 ;; Hardware stack levels required when called: 9
 10269 ;; This function calls:
 10270 ;;		_i2c_driver_read_twobytes
 10271 ;;		_i2c_driver_write_twobytes
 10272 ;; This function is called by:
 10273 ;;		_AD5593_init_w_EVREF
 10274 ;;		_AD5593_init_w_VREF
 10275 ;; This function uses a non-reentrant model
 10276 ;;
 10277                           
 10278                           	psect	text74
 10279   00328A                     __ptext74:
 10280                           	callstack 0
 10281   00328A                     _set_ADC_range:
 10282                           	callstack 20
 10283   00328A                     
 10284                           ;AD5593R.c: 46:     i2c_driver_read_twobytes(0x20, 0b0111 << 4 | 0b0011, reg);
 10285   00328A  0E73               	movlw	115
 10286   00328C  6E19               	movwf	i2c_driver_read_twobytes@reg^0,c
 10287   00328E  C03A  F01A         	movff	_reg,i2c_driver_read_twobytes@data
 10288   003292  C03B  F01B         	movff	_reg+1,i2c_driver_read_twobytes@data+1
 10289   003296  0E20               	movlw	32
 10290   003298  EC26  F017         	call	_i2c_driver_read_twobytes
 10291   00329C                     
 10292                           ;AD5593R.c: 47:     data[0] = (uint8_t)(reg >> 8);
 10293   00329C  503B               	movf	(_reg+1)^0,w,c
 10294   00329E  6E38               	movwf	_data^0,c
 10295   0032A0                     
 10296                           ;AD5593R.c: 48:     data[1] = (uint8_t)reg;
 10297   0032A0  C03A  F039         	movff	_reg,_data+1
 10298   0032A4  5020               	movf	set_ADC_range@range^0,w,c
 10299   0032A6  1021               	iorwf	(set_ADC_range@range+1)^0,w,c
 10300   0032A8  A4D8               	btfss	status,2,c
 10301   0032AA  EF59  F019         	goto	u6191
 10302   0032AE  EF5B  F019         	goto	u6190
 10303   0032B2                     u6191:
 10304   0032B2  EF5E  F019         	goto	l6796
 10305   0032B6                     u6190:
 10306   0032B6                     
 10307                           ;AD5593R.c: 50:         data[1] &= ~(1 << 5);
 10308   0032B6  9A39               	bcf	(_data+1)^0,5,c
 10309                           
 10310                           ;AD5593R.c: 51:     }
 10311   0032B8  EF68  F019         	goto	l6800
 10312   0032BC                     l6796:
 10313   0032BC  0420               	decf	set_ADC_range@range^0,w,c
 10314   0032BE  1021               	iorwf	(set_ADC_range@range+1)^0,w,c
 10315   0032C0  A4D8               	btfss	status,2,c
 10316   0032C2  EF65  F019         	goto	u6201
 10317   0032C6  EF67  F019         	goto	u6200
 10318   0032CA                     u6201:
 10319   0032CA  EF68  F019         	goto	l6800
 10320   0032CE                     u6200:
 10321   0032CE                     
 10322                           ;AD5593R.c: 53:         data[1] |= (1 << 5);
 10323   0032CE  8A39               	bsf	(_data+1)^0,5,c
 10324   0032D0                     l6800:
 10325                           
 10326                           ;AD5593R.c: 55:     reg = (data[0] << 8) | data[1];
 10327   0032D0  5039               	movf	(_data+1)^0,w,c
 10328   0032D2  C038  F022         	movff	_data,??_set_ADC_range
 10329   0032D6  6A23               	clrf	(??_set_ADC_range+1)^0,c
 10330   0032D8  C022  F023         	movff	??_set_ADC_range,??_set_ADC_range+1
 10331   0032DC  6A22               	clrf	??_set_ADC_range^0,c
 10332   0032DE  1022               	iorwf	??_set_ADC_range^0,w,c
 10333   0032E0  6E3A               	movwf	_reg^0,c
 10334   0032E2  5023               	movf	(??_set_ADC_range+1)^0,w,c
 10335   0032E4  6E3B               	movwf	(_reg+1)^0,c
 10336   0032E6                     
 10337                           ;AD5593R.c: 56:     i2c_driver_write_twobytes(0x20, 0b0000 << 4 | 0b0011, reg);
 10338   0032E6  0E03               	movlw	3
 10339   0032E8  6E17               	movwf	i2c_driver_write_twobytes@reg^0,c
 10340   0032EA  C03A  F018         	movff	_reg,i2c_driver_write_twobytes@data
 10341   0032EE  C03B  F019         	movff	_reg+1,i2c_driver_write_twobytes@data+1
 10342   0032F2  0E20               	movlw	32
 10343   0032F4  EC4D  F018         	call	_i2c_driver_write_twobytes
 10344   0032F8  0012               	return		;funcret
 10345   0032FA                     __end_of_set_ADC_range:
 10346                           	callstack 0
 10347                           
 10348 ;; *************** function _set_ADC_BUFF *****************
 10349 ;; Defined at:
 10350 ;;		line 30 in file "AD5593R.c"
 10351 ;; Parameters:    Size  Location     Type
 10352 ;;  activate        1    wreg     _Bool 
 10353 ;; Auto vars:     Size  Location     Type
 10354 ;;  activate        1   33[COMRAM] _Bool 
 10355 ;; Return value:  Size  Location     Type
 10356 ;;                  1    wreg      void 
 10357 ;; Registers used:
 10358 ;;		wreg, fsr2l, fsr2h, status,2, status,0, cstack
 10359 ;; Tracked objects:
 10360 ;;		On entry : 0/0
 10361 ;;		On exit  : 0/0
 10362 ;;		Unchanged: 0/0
 10363 ;; Data sizes:     COMRAM   BANK0   BANK1   BANK2   BANK3   BANK4   BANK5   BANK6   BANK7   BANK8   BANK9  BANK10  BANK1
      +1  BANK12  BANK13  BANK14  BANK15
 10364 ;;      Params:         0       0       0       0       0       0       0       0       0       0       0       0       
      +0       0       0       0       0
 10365 ;;      Locals:         1       0       0       0       0       0       0       0       0       0       0       0       
      +0       0       0       0       0
 10366 ;;      Temps:          2       0       0       0       0       0       0       0       0       0       0       0       
      +0       0       0       0       0
 10367 ;;      Totals:         3       0       0       0       0       0       0       0       0       0       0       0       
      +0       0       0       0       0
 10368 ;;Total ram usage:        3 bytes
 10369 ;; Hardware stack levels used: 1
 10370 ;; Hardware stack levels required when called: 9
 10371 ;; This function calls:
 10372 ;;		_i2c_driver_read_twobytes
 10373 ;;		_i2c_driver_write_twobytes
 10374 ;; This function is called by:
 10375 ;;		_AD5593_init_w_EVREF
 10376 ;;		_AD5593_init_w_VREF
 10377 ;; This function uses a non-reentrant model
 10378 ;;
 10379                           
 10380                           	psect	text75
 10381   003678                     __ptext75:
 10382                           	callstack 0
 10383   003678                     _set_ADC_BUFF:
 10384                           	callstack 20
 10385                           
 10386                           ;incstack = 0
 10387                           ;set_ADC_BUFF@activate stored from wreg
 10388   003678  6E22               	movwf	set_ADC_BUFF@activate^0,c
 10389   00367A                     
 10390                           ;AD5593R.c: 31:     i2c_driver_read_twobytes(0x20, 0b0111 << 4 | 0b0011, reg);
 10391   00367A  0E73               	movlw	115
 10392   00367C  6E19               	movwf	i2c_driver_read_twobytes@reg^0,c
 10393   00367E  C03A  F01A         	movff	_reg,i2c_driver_read_twobytes@data
 10394   003682  C03B  F01B         	movff	_reg+1,i2c_driver_read_twobytes@data+1
 10395   003686  0E20               	movlw	32
 10396   003688  EC26  F017         	call	_i2c_driver_read_twobytes
 10397   00368C                     
 10398                           ;AD5593R.c: 32:     data[0] = (uint8_t)(reg >> 8);
 10399   00368C  503B               	movf	(_reg+1)^0,w,c
 10400   00368E  6E38               	movwf	_data^0,c
 10401   003690                     
 10402                           ;AD5593R.c: 33:     data[1] = (uint8_t)reg;
 10403   003690  C03A  F039         	movff	_reg,_data+1
 10404   003694                     
 10405                           ;AD5593R.c: 34:     if(activate){
 10406   003694  5022               	movf	set_ADC_BUFF@activate^0,w,c
 10407   003696  B4D8               	btfsc	status,2,c
 10408   003698  EF50  F01B         	goto	u6181
 10409   00369C  EF52  F01B         	goto	u6180
 10410   0036A0                     u6181:
 10411   0036A0  EF55  F01B         	goto	l6780
 10412   0036A4                     u6180:
 10413   0036A4                     
 10414                           ;AD5593R.c: 35:         data[0] |= 0x01;
 10415   0036A4  8038               	bsf	_data^0,0,c
 10416                           
 10417                           ;AD5593R.c: 36:     }
 10418   0036A6  EF56  F01B         	goto	l6782
 10419   0036AA                     l6780:
 10420                           
 10421                           ;AD5593R.c: 38:         data[0] &= ~(0x01);
 10422   0036AA  9038               	bcf	_data^0,0,c
 10423   0036AC                     l6782:
 10424                           
 10425                           ;AD5593R.c: 40:     reg = (data[0] << 8) | data[1];
 10426   0036AC  5039               	movf	(_data+1)^0,w,c
 10427   0036AE  C038  F020         	movff	_data,??_set_ADC_BUFF
 10428   0036B2  6A21               	clrf	(??_set_ADC_BUFF+1)^0,c
 10429   0036B4  C020  F021         	movff	??_set_ADC_BUFF,??_set_ADC_BUFF+1
 10430   0036B8  6A20               	clrf	??_set_ADC_BUFF^0,c
 10431   0036BA  1020               	iorwf	??_set_ADC_BUFF^0,w,c
 10432   0036BC  6E3A               	movwf	_reg^0,c
 10433   0036BE  5021               	movf	(??_set_ADC_BUFF+1)^0,w,c
 10434   0036C0  6E3B               	movwf	(_reg+1)^0,c
 10435   0036C2                     
 10436                           ;AD5593R.c: 41:     i2c_driver_write_twobytes(0x20, 0b0000 << 4 | 0b0011, reg);
 10437   0036C2  0E03               	movlw	3
 10438   0036C4  6E17               	movwf	i2c_driver_write_twobytes@reg^0,c
 10439   0036C6  C03A  F018         	movff	_reg,i2c_driver_write_twobytes@data
 10440   0036CA  C03B  F019         	movff	_reg+1,i2c_driver_write_twobytes@data+1
 10441   0036CE  0E20               	movlw	32
 10442   0036D0  EC4D  F018         	call	_i2c_driver_write_twobytes
 10443   0036D4  0012               	return		;funcret
 10444   0036D6                     __end_of_set_ADC_BUFF:
 10445                           	callstack 0
 10446                           
 10447 ;; *************** function _ADC_ch_config *****************
 10448 ;; Defined at:
 10449 ;;		line 60 in file "AD5593R.c"
 10450 ;; Parameters:    Size  Location     Type
 10451 ;;		None
 10452 ;; Auto vars:     Size  Location     Type
 10453 ;;		None
 10454 ;; Return value:  Size  Location     Type
 10455 ;;                  1    wreg      void 
 10456 ;; Registers used:
 10457 ;;		wreg, fsr2l, fsr2h, status,2, status,0, cstack
 10458 ;; Tracked objects:
 10459 ;;		On entry : 0/0
 10460 ;;		On exit  : 0/0
 10461 ;;		Unchanged: 0/0
 10462 ;; Data sizes:     COMRAM   BANK0   BANK1   BANK2   BANK3   BANK4   BANK5   BANK6   BANK7   BANK8   BANK9  BANK10  BANK1
      +1  BANK12  BANK13  BANK14  BANK15
 10463 ;;      Params:         0       0       0       0       0       0       0       0       0       0       0       0       
      +0       0       0       0       0
 10464 ;;      Locals:         0       0       0       0       0       0       0       0       0       0       0       0       
      +0       0       0       0       0
 10465 ;;      Temps:          2       0       0       0       0       0       0       0       0       0       0       0       
      +0       0       0       0       0
 10466 ;;      Totals:         2       0       0       0       0       0       0       0       0       0       0       0       
      +0       0       0       0       0
 10467 ;;Total ram usage:        2 bytes
 10468 ;; Hardware stack levels used: 1
 10469 ;; Hardware stack levels required when called: 9
 10470 ;; This function calls:
 10471 ;;		_i2c_driver_read_twobytes
 10472 ;;		_i2c_driver_write_twobytes
 10473 ;; This function is called by:
 10474 ;;		_AD5593_init_w_EVREF
 10475 ;;		_AD5593_init_w_VREF
 10476 ;; This function uses a non-reentrant model
 10477 ;;
 10478                           
 10479                           	psect	text76
 10480   003A4E                     __ptext76:
 10481                           	callstack 0
 10482   003A4E                     _ADC_ch_config:
 10483                           	callstack 20
 10484   003A4E                     
 10485                           ;AD5593R.c: 61:     i2c_driver_read_twobytes(0x20, 0b0111 << 4 | 0b0100, reg);
 10486   003A4E  0E74               	movlw	116
 10487   003A50  6E19               	movwf	i2c_driver_read_twobytes@reg^0,c
 10488   003A52  C03A  F01A         	movff	_reg,i2c_driver_read_twobytes@data
 10489   003A56  C03B  F01B         	movff	_reg+1,i2c_driver_read_twobytes@data+1
 10490   003A5A  0E20               	movlw	32
 10491   003A5C  EC26  F017         	call	_i2c_driver_read_twobytes
 10492   003A60                     
 10493                           ;AD5593R.c: 62:     data[0] = (uint8_t)(reg >> 8);
 10494   003A60  503B               	movf	(_reg+1)^0,w,c
 10495   003A62  6E38               	movwf	_data^0,c
 10496   003A64                     
 10497                           ;AD5593R.c: 63:     data[1] = (uint8_t)reg;
 10498   003A64  C03A  F039         	movff	_reg,_data+1
 10499   003A68                     
 10500                           ;AD5593R.c: 64:     data[1] |= 0x0F;
 10501   003A68  0E0F               	movlw	15
 10502   003A6A  1239               	iorwf	(_data+1)^0,f,c
 10503   003A6C                     
 10504                           ;AD5593R.c: 65:     reg = (data[0] << 8) | data[1];
 10505   003A6C  5039               	movf	(_data+1)^0,w,c
 10506   003A6E  C038  F020         	movff	_data,??_ADC_ch_config
 10507   003A72  6A21               	clrf	(??_ADC_ch_config+1)^0,c
 10508   003A74  C020  F021         	movff	??_ADC_ch_config,??_ADC_ch_config+1
 10509   003A78  6A20               	clrf	??_ADC_ch_config^0,c
 10510   003A7A  1020               	iorwf	??_ADC_ch_config^0,w,c
 10511   003A7C  6E3A               	movwf	_reg^0,c
 10512   003A7E  5021               	movf	(??_ADC_ch_config+1)^0,w,c
 10513   003A80  6E3B               	movwf	(_reg+1)^0,c
 10514   003A82                     
 10515                           ;AD5593R.c: 66:     i2c_driver_write_twobytes(0x20, 0b0000 << 4 | 0b0100, reg);
 10516   003A82  0E04               	movlw	4
 10517   003A84  6E17               	movwf	i2c_driver_write_twobytes@reg^0,c
 10518   003A86  C03A  F018         	movff	_reg,i2c_driver_write_twobytes@data
 10519   003A8A  C03B  F019         	movff	_reg+1,i2c_driver_write_twobytes@data+1
 10520   003A8E  0E20               	movlw	32
 10521   003A90  EC4D  F018         	call	_i2c_driver_write_twobytes
 10522   003A94  0012               	return		;funcret
 10523   003A96                     __end_of_ADC_ch_config:
 10524                           	callstack 0
 10525                           
 10526 ;; *************** function _i2c_driver_write_twobytes *****************
 10527 ;; Defined at:
 10528 ;;		line 71 in file "i2c_driver.c"
 10529 ;; Parameters:    Size  Location     Type
 10530 ;;  devaddr         1    wreg     unsigned char 
 10531 ;;  reg             1   22[COMRAM] unsigned char 
 10532 ;;  data            2   23[COMRAM] unsigned short 
 10533 ;; Auto vars:     Size  Location     Type
 10534 ;;  devaddr         1   25[COMRAM] unsigned char 
 10535 ;; Return value:  Size  Location     Type
 10536 ;;                  1    wreg      void 
 10537 ;; Registers used:
 10538 ;;		wreg, status,2, cstack
 10539 ;; Tracked objects:
 10540 ;;		On entry : 0/0
 10541 ;;		On exit  : 0/0
 10542 ;;		Unchanged: 0/0
 10543 ;; Data sizes:     COMRAM   BANK0   BANK1   BANK2   BANK3   BANK4   BANK5   BANK6   BANK7   BANK8   BANK9  BANK10  BANK1
      +1  BANK12  BANK13  BANK14  BANK15
 10544 ;;      Params:         3       0       0       0       0       0       0       0       0       0       0       0       
      +0       0       0       0       0
 10545 ;;      Locals:         1       0       0       0       0       0       0       0       0       0       0       0       
      +0       0       0       0       0
 10546 ;;      Temps:          0       0       0       0       0       0       0       0       0       0       0       0       
      +0       0       0       0       0
 10547 ;;      Totals:         4       0       0       0       0       0       0       0       0       0       0       0       
      +0       0       0       0       0
 10548 ;;Total ram usage:        4 bytes
 10549 ;; Hardware stack levels used: 1
 10550 ;; Hardware stack levels required when called: 7
 10551 ;; This function calls:
 10552 ;;		_I2C1_MasterIsNack
 10553 ;;		_I2C1_MasterSendTxData
 10554 ;;		_I2C1_MasterStart
 10555 ;;		_I2C1_MasterStop
 10556 ;; This function is called by:
 10557 ;;		_set_VREF
 10558 ;;		_set_ADC_BUFF
 10559 ;;		_set_ADC_range
 10560 ;;		_ADC_ch_config
 10561 ;;		_lock_config_reg
 10562 ;;		_AD5593_ADC_convert
 10563 ;; This function uses a non-reentrant model
 10564 ;;
 10565                           
 10566                           	psect	text77
 10567   00309A                     __ptext77:
 10568                           	callstack 0
 10569   00309A                     _i2c_driver_write_twobytes:
 10570                           	callstack 20
 10571                           
 10572                           ;incstack = 0
 10573                           ;i2c_driver_write_twobytes@devaddr stored from wreg
 10574   00309A  6E1A               	movwf	i2c_driver_write_twobytes@devaddr^0,c
 10575   00309C                     l645:
 10576   00309C                     
 10577                           ;i2c_driver.c: 74:   {;i2c_driver.c: 75:     I2C1_MasterStart();
 10578   00309C  ECB9  F020         	call	_I2C1_MasterStart	;wreg free
 10579   0030A0                     
 10580                           ;i2c_driver.c: 76:     I2C1_MasterSendTxData(devaddr);
 10581   0030A0  501A               	movf	i2c_driver_write_twobytes@devaddr^0,w,c
 10582   0030A2  EC6D  F020         	call	_I2C1_MasterSendTxData
 10583   0030A6                     
 10584                           ;i2c_driver.c: 77:     if (I2C1_MasterIsNack())
 10585   0030A6  EC03  F020         	call	_I2C1_MasterIsNack	;wreg free
 10586   0030AA  0900               	iorlw	0
 10587   0030AC  B4D8               	btfsc	status,2,c
 10588   0030AE  EF5B  F018         	goto	u5601
 10589   0030B2  EF5D  F018         	goto	u5600
 10590   0030B6                     u5601:
 10591   0030B6  EF5F  F018         	goto	l6336
 10592   0030BA                     u5600:
 10593   0030BA  EF4E  F018         	goto	l645
 10594   0030BE                     l6336:
 10595                           
 10596                           ;i2c_driver.c: 80:     I2C1_MasterSendTxData(reg);
 10597   0030BE  5017               	movf	i2c_driver_write_twobytes@reg^0,w,c
 10598   0030C0  EC6D  F020         	call	_I2C1_MasterSendTxData
 10599                           
 10600                           ;i2c_driver.c: 81:     if (I2C1_MasterIsNack())
 10601   0030C4  EC03  F020         	call	_I2C1_MasterIsNack	;wreg free
 10602   0030C8  0900               	iorlw	0
 10603   0030CA  B4D8               	btfsc	status,2,c
 10604   0030CC  EF6A  F018         	goto	u5611
 10605   0030D0  EF6C  F018         	goto	u5610
 10606   0030D4                     u5611:
 10607   0030D4  EF6E  F018         	goto	l6340
 10608   0030D8                     u5610:
 10609   0030D8  EF4E  F018         	goto	l645
 10610   0030DC                     l6340:
 10611                           
 10612                           ;i2c_driver.c: 84:     I2C1_MasterSendTxData((data >> 8) & 0x00FF);
 10613   0030DC  5019               	movf	(i2c_driver_write_twobytes@data+1)^0,w,c
 10614   0030DE  EC6D  F020         	call	_I2C1_MasterSendTxData
 10615                           
 10616                           ;i2c_driver.c: 85:     if (I2C1_MasterIsNack())
 10617   0030E2  EC03  F020         	call	_I2C1_MasterIsNack	;wreg free
 10618   0030E6  0900               	iorlw	0
 10619   0030E8  B4D8               	btfsc	status,2,c
 10620   0030EA  EF79  F018         	goto	u5621
 10621   0030EE  EF7B  F018         	goto	u5620
 10622   0030F2                     u5621:
 10623   0030F2  EF7D  F018         	goto	l6344
 10624   0030F6                     u5620:
 10625   0030F6  EF4E  F018         	goto	l645
 10626   0030FA                     l6344:
 10627                           
 10628                           ;i2c_driver.c: 88:     I2C1_MasterSendTxData(data & 0x00FF);
 10629   0030FA  5018               	movf	i2c_driver_write_twobytes@data^0,w,c
 10630   0030FC  EC6D  F020         	call	_I2C1_MasterSendTxData
 10631                           
 10632                           ;i2c_driver.c: 89:     if (I2C1_MasterIsNack())
 10633   003100  EC03  F020         	call	_I2C1_MasterIsNack	;wreg free
 10634   003104  0900               	iorlw	0
 10635   003106  B4D8               	btfsc	status,2,c
 10636   003108  EF88  F018         	goto	u5631
 10637   00310C  EF8A  F018         	goto	u5630
 10638   003110                     u5631:
 10639   003110  EF8C  F018         	goto	l6348
 10640   003114                     u5630:
 10641   003114  EF4E  F018         	goto	l645
 10642   003118                     l6348:
 10643                           
 10644                           ;i2c_driver.c: 94:   I2C1_MasterStop();
 10645   003118  ECB1  F020         	call	_I2C1_MasterStop	;wreg free
 10646   00311C  0012               	return		;funcret
 10647   00311E                     __end_of_i2c_driver_write_twobytes:
 10648                           	callstack 0
 10649                           
 10650 ;; *************** function _i2c_driver_read_twobytes *****************
 10651 ;; Defined at:
 10652 ;;		line 146 in file "i2c_driver.c"
 10653 ;; Parameters:    Size  Location     Type
 10654 ;;  devaddr         1    wreg     unsigned char 
 10655 ;;  reg             1   24[COMRAM] unsigned char 
 10656 ;;  data            2   25[COMRAM] PTR unsigned short 
 10657 ;;		 -> RAM(3895), ADC_result(8), 
 10658 ;; Auto vars:     Size  Location     Type
 10659 ;;  devaddr         1   30[COMRAM] unsigned char 
 10660 ;; Return value:  Size  Location     Type
 10661 ;;                  1    wreg      void 
 10662 ;; Registers used:
 10663 ;;		wreg, fsr2l, fsr2h, status,2, status,0, cstack
 10664 ;; Tracked objects:
 10665 ;;		On entry : 0/0
 10666 ;;		On exit  : 0/0
 10667 ;;		Unchanged: 0/0
 10668 ;; Data sizes:     COMRAM   BANK0   BANK1   BANK2   BANK3   BANK4   BANK5   BANK6   BANK7   BANK8   BANK9  BANK10  BANK1
      +1  BANK12  BANK13  BANK14  BANK15
 10669 ;;      Params:         3       0       0       0       0       0       0       0       0       0       0       0       
      +0       0       0       0       0
 10670 ;;      Locals:         1       0       0       0       0       0       0       0       0       0       0       0       
      +0       0       0       0       0
 10671 ;;      Temps:          3       0       0       0       0       0       0       0       0       0       0       0       
      +0       0       0       0       0
 10672 ;;      Totals:         7       0       0       0       0       0       0       0       0       0       0       0       
      +0       0       0       0       0
 10673 ;;Total ram usage:        7 bytes
 10674 ;; Hardware stack levels used: 1
 10675 ;; Hardware stack levels required when called: 8
 10676 ;; This function calls:
 10677 ;;		_I2C1_MasterEnableRestart
 10678 ;;		_I2C1_MasterGetRxData
 10679 ;;		_I2C1_MasterIsNack
 10680 ;;		_I2C1_MasterSendTxData
 10681 ;;		_I2C1_MasterStart
 10682 ;;		_I2C1_MasterStop
 10683 ;; This function is called by:
 10684 ;;		_set_VREF
 10685 ;;		_set_ADC_BUFF
 10686 ;;		_set_ADC_range
 10687 ;;		_ADC_ch_config
 10688 ;;		_lock_config_reg
 10689 ;;		_ADC_read
 10690 ;; This function uses a non-reentrant model
 10691 ;;
 10692                           
 10693                           	psect	text78
 10694   002E4C                     __ptext78:
 10695                           	callstack 0
 10696   002E4C                     _i2c_driver_read_twobytes:
 10697                           	callstack 19
 10698                           
 10699                           ;incstack = 0
 10700                           ;i2c_driver_read_twobytes@devaddr stored from wreg
 10701   002E4C  6E1F               	movwf	i2c_driver_read_twobytes@devaddr^0,c
 10702   002E4E                     l673:
 10703   002E4E                     
 10704                           ;i2c_driver.c: 149:   {;i2c_driver.c: 150:     I2C1_MasterStart();
 10705   002E4E  ECB9  F020         	call	_I2C1_MasterStart	;wreg free
 10706   002E52                     
 10707                           ;i2c_driver.c: 151:     I2C1_MasterSendTxData(devaddr);
 10708   002E52  501F               	movf	i2c_driver_read_twobytes@devaddr^0,w,c
 10709   002E54  EC6D  F020         	call	_I2C1_MasterSendTxData
 10710   002E58                     
 10711                           ;i2c_driver.c: 152:     if (I2C1_MasterIsNack())
 10712   002E58  EC03  F020         	call	_I2C1_MasterIsNack	;wreg free
 10713   002E5C  0900               	iorlw	0
 10714   002E5E  B4D8               	btfsc	status,2,c
 10715   002E60  EF34  F017         	goto	u5641
 10716   002E64  EF36  F017         	goto	u5640
 10717   002E68                     u5641:
 10718   002E68  EF38  F017         	goto	l6358
 10719   002E6C                     u5640:
 10720   002E6C  EF27  F017         	goto	l673
 10721   002E70                     l6358:
 10722                           
 10723                           ;i2c_driver.c: 154:     I2C1_MasterSendTxData(reg);
 10724   002E70  5019               	movf	i2c_driver_read_twobytes@reg^0,w,c
 10725   002E72  EC6D  F020         	call	_I2C1_MasterSendTxData
 10726                           
 10727                           ;i2c_driver.c: 155:     if (I2C1_MasterIsNack())
 10728   002E76  EC03  F020         	call	_I2C1_MasterIsNack	;wreg free
 10729   002E7A  0900               	iorlw	0
 10730   002E7C  B4D8               	btfsc	status,2,c
 10731   002E7E  EF43  F017         	goto	u5651
 10732   002E82  EF45  F017         	goto	u5650
 10733   002E86                     u5651:
 10734   002E86  EF47  F017         	goto	l6362
 10735   002E8A                     u5650:
 10736   002E8A  EF27  F017         	goto	l673
 10737   002E8E                     l6362:
 10738                           
 10739                           ;i2c_driver.c: 157:     I2C1_MasterEnableRestart();
 10740   002E8E  ECB5  F020         	call	_I2C1_MasterEnableRestart	;wreg free
 10741   002E92                     
 10742                           ;i2c_driver.c: 159:     I2C1_MasterSendTxData(devaddr | 0x1);
 10743   002E92  501F               	movf	i2c_driver_read_twobytes@devaddr^0,w,c
 10744   002E94  0901               	iorlw	1
 10745   002E96  EC6D  F020         	call	_I2C1_MasterSendTxData
 10746   002E9A                     
 10747                           ;i2c_driver.c: 160:     if (I2C1_MasterIsNack())
 10748   002E9A  EC03  F020         	call	_I2C1_MasterIsNack	;wreg free
 10749   002E9E  0900               	iorlw	0
 10750   002EA0  B4D8               	btfsc	status,2,c
 10751   002EA2  EF55  F017         	goto	u5661
 10752   002EA6  EF57  F017         	goto	u5660
 10753   002EAA                     u5661:
 10754   002EAA  EF59  F017         	goto	l6370
 10755   002EAE                     u5660:
 10756   002EAE  EF27  F017         	goto	l673
 10757   002EB2                     l6370:
 10758                           
 10759                           ;i2c_driver.c: 162:     *data = (I2C1_MasterGetRxData(0) << 8);
 10760   002EB2  0E00               	movlw	0
 10761   002EB4  ECD9  F01E         	call	_I2C1_MasterGetRxData
 10762   002EB8  6E1C               	movwf	??_i2c_driver_read_twobytes^0,c
 10763   002EBA  501C               	movf	??_i2c_driver_read_twobytes^0,w,c
 10764   002EBC  6E1E               	movwf	(??_i2c_driver_read_twobytes+2)^0,c
 10765   002EBE  6A1D               	clrf	(??_i2c_driver_read_twobytes+1)^0,c
 10766   002EC0  C01A  FFD9         	movff	i2c_driver_read_twobytes@data,fsr2l
 10767   002EC4  C01B  FFDA         	movff	i2c_driver_read_twobytes@data+1,fsr2h
 10768   002EC8  C01D  FFDE         	movff	??_i2c_driver_read_twobytes+1,postinc2
 10769   002ECC  C01E  FFDD         	movff	??_i2c_driver_read_twobytes+2,postdec2
 10770                           
 10771                           ;i2c_driver.c: 163:     *data += I2C1_MasterGetRxData(1);
 10772   002ED0  0E01               	movlw	1
 10773   002ED2  ECD9  F01E         	call	_I2C1_MasterGetRxData
 10774   002ED6  6E1C               	movwf	??_i2c_driver_read_twobytes^0,c
 10775   002ED8  501C               	movf	??_i2c_driver_read_twobytes^0,w,c
 10776   002EDA  C01A  FFD9         	movff	i2c_driver_read_twobytes@data,fsr2l
 10777   002EDE  C01B  FFDA         	movff	i2c_driver_read_twobytes@data+1,fsr2h
 10778   002EE2  26DE               	addwf	postinc2,f,c
 10779   002EE4  0E00               	movlw	0
 10780   002EE6  22DD               	addwfc	postdec2,f,c
 10781   002EE8                     
 10782                           ;i2c_driver.c: 167:   I2C1_MasterStop();
 10783   002EE8  ECB1  F020         	call	_I2C1_MasterStop	;wreg free
 10784   002EEC  0012               	return		;funcret
 10785   002EEE                     __end_of_i2c_driver_read_twobytes:
 10786                           	callstack 0
 10787                           
 10788 ;; *************** function _I2C1_MasterStop *****************
 10789 ;; Defined at:
 10790 ;;		line 207 in file "i2c_driver.c"
 10791 ;; Parameters:    Size  Location     Type
 10792 ;;		None
 10793 ;; Auto vars:     Size  Location     Type
 10794 ;;		None
 10795 ;; Return value:  Size  Location     Type
 10796 ;;                  1    wreg      void 
 10797 ;; Registers used:
 10798 ;;		cstack
 10799 ;; Tracked objects:
 10800 ;;		On entry : 0/0
 10801 ;;		On exit  : 0/0
 10802 ;;		Unchanged: 0/0
 10803 ;; Data sizes:     COMRAM   BANK0   BANK1   BANK2   BANK3   BANK4   BANK5   BANK6   BANK7   BANK8   BANK9  BANK10  BANK1
      +1  BANK12  BANK13  BANK14  BANK15
 10804 ;;      Params:         0       0       0       0       0       0       0       0       0       0       0       0       
      +0       0       0       0       0
 10805 ;;      Locals:         0       0       0       0       0       0       0       0       0       0       0       0       
      +0       0       0       0       0
 10806 ;;      Temps:          0       0       0       0       0       0       0       0       0       0       0       0       
      +0       0       0       0       0
 10807 ;;      Totals:         0       0       0       0       0       0       0       0       0       0       0       0       
      +0       0       0       0       0
 10808 ;;Total ram usage:        0 bytes
 10809 ;; Hardware stack levels used: 1
 10810 ;; Hardware stack levels required when called: 6
 10811 ;; This function calls:
 10812 ;;		_I2C1_WaitIdle
 10813 ;; This function is called by:
 10814 ;;		_i2c_driver_write_pointer_byte
 10815 ;;		_i2c_driver_write_twobytes
 10816 ;;		_i2c_driver_read_twobytes
 10817 ;;		_i2c_driver_read_2bytes
 10818 ;;		_i2c_driver_write_byte
 10819 ;;		_i2c_driver_read_byte
 10820 ;; This function uses a non-reentrant model
 10821 ;;
 10822                           
 10823                           	psect	text79
 10824   004162                     __ptext79:
 10825                           	callstack 0
 10826   004162                     _I2C1_MasterStop:
 10827                           	callstack 20
 10828   004162                     
 10829                           ;i2c_driver.c: 209:     I2C1_WaitIdle();
 10830   004162  EC99  F01B         	call	_I2C1_WaitIdle	;wreg free
 10831   004166                     
 10832                           ;i2c_driver.c: 210:     SSP2CON2bits.PEN = 1;
 10833   004166  846B               	bsf	107,2,c	;volatile
 10834   004168  0012               	return		;funcret
 10835   00416A                     __end_of_I2C1_MasterStop:
 10836                           	callstack 0
 10837                           
 10838 ;; *************** function _I2C1_MasterGetRxData *****************
 10839 ;; Defined at:
 10840 ;;		line 218 in file "i2c_driver.c"
 10841 ;; Parameters:    Size  Location     Type
 10842 ;;  ack             1    wreg     unsigned char 
 10843 ;; Auto vars:     Size  Location     Type
 10844 ;;  ack             1   22[COMRAM] unsigned char 
 10845 ;;  b               1   23[COMRAM] unsigned char 
 10846 ;; Return value:  Size  Location     Type
 10847 ;;                  1    wreg      unsigned char 
 10848 ;; Registers used:
 10849 ;;		wreg, status,2, cstack
 10850 ;; Tracked objects:
 10851 ;;		On entry : 0/0
 10852 ;;		On exit  : 0/0
 10853 ;;		Unchanged: 0/0
 10854 ;; Data sizes:     COMRAM   BANK0   BANK1   BANK2   BANK3   BANK4   BANK5   BANK6   BANK7   BANK8   BANK9  BANK10  BANK1
      +1  BANK12  BANK13  BANK14  BANK15
 10855 ;;      Params:         0       0       0       0       0       0       0       0       0       0       0       0       
      +0       0       0       0       0
 10856 ;;      Locals:         2       0       0       0       0       0       0       0       0       0       0       0       
      +0       0       0       0       0
 10857 ;;      Temps:          0       0       0       0       0       0       0       0       0       0       0       0       
      +0       0       0       0       0
 10858 ;;      Totals:         2       0       0       0       0       0       0       0       0       0       0       0       
      +0       0       0       0       0
 10859 ;;Total ram usage:        2 bytes
 10860 ;; Hardware stack levels used: 1
 10861 ;; Hardware stack levels required when called: 7
 10862 ;; This function calls:
 10863 ;;		_I2C1_MasterIsRxBufFull
 10864 ;;		_I2C1_MasterSendNack
 10865 ;;		_I2C1_MasterStartRx
 10866 ;;		_I2C1_MasterStopRx
 10867 ;;		_I2C1_WaitIdle
 10868 ;; This function is called by:
 10869 ;;		_i2c_driver_read_twobytes
 10870 ;;		_i2c_driver_read_2bytes
 10871 ;;		_i2c_driver_read_byte
 10872 ;; This function uses a non-reentrant model
 10873 ;;
 10874                           
 10875                           	psect	text80
 10876   003DB2                     __ptext80:
 10877                           	callstack 0
 10878   003DB2                     _I2C1_MasterGetRxData:
 10879                           	callstack 19
 10880                           
 10881                           ;incstack = 0
 10882                           ;I2C1_MasterGetRxData@ack stored from wreg
 10883   003DB2  6E17               	movwf	I2C1_MasterGetRxData@ack^0,c
 10884   003DB4                     
 10885                           ;i2c_driver.c: 218: static __attribute__((inline)) uint8_t I2C1_MasterGetRxData(uint8_t 
      +                          ack);i2c_driver.c: 219: {;i2c_driver.c: 220:     uint8_t b;;i2c_driver.c: 222:     I2C1_
      +                          WaitIdle();
 10886   003DB4  EC99  F01B         	call	_I2C1_WaitIdle	;wreg free
 10887                           
 10888                           ;i2c_driver.c: 223:     I2C1_MasterStartRx();
 10889   003DB8  ECD1  F020         	call	_I2C1_MasterStartRx	;wreg free
 10890   003DBC                     l6262:
 10891   003DBC  EC44  F020         	call	_I2C1_MasterIsRxBufFull	;wreg free
 10892   003DC0  0900               	iorlw	0
 10893   003DC2  B4D8               	btfsc	status,2,c
 10894   003DC4  EFE6  F01E         	goto	u5491
 10895   003DC8  EFE8  F01E         	goto	u5490
 10896   003DCC                     u5491:
 10897   003DCC  EFDE  F01E         	goto	l6262
 10898   003DD0                     u5490:
 10899   003DD0                     
 10900                           ;i2c_driver.c: 226:     b = SSP2BUF;
 10901   003DD0  CF6F F018          	movff	3951,I2C1_MasterGetRxData@b	;volatile
 10902   003DD4                     
 10903                           ;i2c_driver.c: 227:     I2C1_MasterStopRx();
 10904   003DD4  ECCF  F020         	call	_I2C1_MasterStopRx	;wreg free
 10905   003DD8                     
 10906                           ;i2c_driver.c: 228:     I2C1_MasterSendNack(ack);
 10907   003DD8  5017               	movf	I2C1_MasterGetRxData@ack^0,w,c
 10908   003DDA  EC3A  F020         	call	_I2C1_MasterSendNack
 10909                           
 10910                           ;i2c_driver.c: 229:     return b;
 10911   003DDE  5018               	movf	I2C1_MasterGetRxData@b^0,w,c
 10912   003DE0  0012               	return		;funcret
 10913   003DE2                     __end_of_I2C1_MasterGetRxData:
 10914                           	callstack 0
 10915                           
 10916 ;; *************** function _I2C1_MasterStopRx *****************
 10917 ;; Defined at:
 10918 ;;		line 252 in file "i2c_driver.c"
 10919 ;; Parameters:    Size  Location     Type
 10920 ;;		None
 10921 ;; Auto vars:     Size  Location     Type
 10922 ;;		None
 10923 ;; Return value:  Size  Location     Type
 10924 ;;                  1    wreg      void 
 10925 ;; Registers used:
 10926 ;;		None
 10927 ;; Tracked objects:
 10928 ;;		On entry : 0/0
 10929 ;;		On exit  : 0/0
 10930 ;;		Unchanged: 0/0
 10931 ;; Data sizes:     COMRAM   BANK0   BANK1   BANK2   BANK3   BANK4   BANK5   BANK6   BANK7   BANK8   BANK9  BANK10  BANK1
      +1  BANK12  BANK13  BANK14  BANK15
 10932 ;;      Params:         0       0       0       0       0       0       0       0       0       0       0       0       
      +0       0       0       0       0
 10933 ;;      Locals:         0       0       0       0       0       0       0       0       0       0       0       0       
      +0       0       0       0       0
 10934 ;;      Temps:          0       0       0       0       0       0       0       0       0       0       0       0       
      +0       0       0       0       0
 10935 ;;      Totals:         0       0       0       0       0       0       0       0       0       0       0       0       
      +0       0       0       0       0
 10936 ;;Total ram usage:        0 bytes
 10937 ;; Hardware stack levels used: 1
 10938 ;; Hardware stack levels required when called: 5
 10939 ;; This function calls:
 10940 ;;		Nothing
 10941 ;; This function is called by:
 10942 ;;		_I2C1_MasterGetRxData
 10943 ;; This function uses a non-reentrant model
 10944 ;;
 10945                           
 10946                           	psect	text81
 10947   00419E                     __ptext81:
 10948                           	callstack 0
 10949   00419E                     _I2C1_MasterStopRx:
 10950                           	callstack 20
 10951   00419E                     
 10952                           ;i2c_driver.c: 254:     SSP2CON2bits.RCEN = 0;
 10953   00419E  966B               	bcf	107,3,c	;volatile
 10954   0041A0  0012               	return		;funcret
 10955   0041A2                     __end_of_I2C1_MasterStopRx:
 10956                           	callstack 0
 10957                           
 10958 ;; *************** function _I2C1_MasterStartRx *****************
 10959 ;; Defined at:
 10960 ;;		line 247 in file "i2c_driver.c"
 10961 ;; Parameters:    Size  Location     Type
 10962 ;;		None
 10963 ;; Auto vars:     Size  Location     Type
 10964 ;;		None
 10965 ;; Return value:  Size  Location     Type
 10966 ;;                  1    wreg      void 
 10967 ;; Registers used:
 10968 ;;		None
 10969 ;; Tracked objects:
 10970 ;;		On entry : 0/0
 10971 ;;		On exit  : 0/0
 10972 ;;		Unchanged: 0/0
 10973 ;; Data sizes:     COMRAM   BANK0   BANK1   BANK2   BANK3   BANK4   BANK5   BANK6   BANK7   BANK8   BANK9  BANK10  BANK1
      +1  BANK12  BANK13  BANK14  BANK15
 10974 ;;      Params:         0       0       0       0       0       0       0       0       0       0       0       0       
      +0       0       0       0       0
 10975 ;;      Locals:         0       0       0       0       0       0       0       0       0       0       0       0       
      +0       0       0       0       0
 10976 ;;      Temps:          0       0       0       0       0       0       0       0       0       0       0       0       
      +0       0       0       0       0
 10977 ;;      Totals:         0       0       0       0       0       0       0       0       0       0       0       0       
      +0       0       0       0       0
 10978 ;;Total ram usage:        0 bytes
 10979 ;; Hardware stack levels used: 1
 10980 ;; Hardware stack levels required when called: 5
 10981 ;; This function calls:
 10982 ;;		Nothing
 10983 ;; This function is called by:
 10984 ;;		_I2C1_MasterGetRxData
 10985 ;; This function uses a non-reentrant model
 10986 ;;
 10987                           
 10988                           	psect	text82
 10989   0041A2                     __ptext82:
 10990                           	callstack 0
 10991   0041A2                     _I2C1_MasterStartRx:
 10992                           	callstack 20
 10993   0041A2                     
 10994                           ;i2c_driver.c: 249:     SSP2CON2bits.RCEN = 1;
 10995   0041A2  866B               	bsf	107,3,c	;volatile
 10996   0041A4  0012               	return		;funcret
 10997   0041A6                     __end_of_I2C1_MasterStartRx:
 10998                           	callstack 0
 10999                           
 11000 ;; *************** function _I2C1_MasterSendNack *****************
 11001 ;; Defined at:
 11002 ;;		line 264 in file "i2c_driver.c"
 11003 ;; Parameters:    Size  Location     Type
 11004 ;;  ack             1    wreg     unsigned char 
 11005 ;; Auto vars:     Size  Location     Type
 11006 ;;  ack             1   21[COMRAM] unsigned char 
 11007 ;; Return value:  Size  Location     Type
 11008 ;;                  1    wreg      void 
 11009 ;; Registers used:
 11010 ;;		wreg, cstack
 11011 ;; Tracked objects:
 11012 ;;		On entry : 0/0
 11013 ;;		On exit  : 0/0
 11014 ;;		Unchanged: 0/0
 11015 ;; Data sizes:     COMRAM   BANK0   BANK1   BANK2   BANK3   BANK4   BANK5   BANK6   BANK7   BANK8   BANK9  BANK10  BANK1
      +1  BANK12  BANK13  BANK14  BANK15
 11016 ;;      Params:         0       0       0       0       0       0       0       0       0       0       0       0       
      +0       0       0       0       0
 11017 ;;      Locals:         1       0       0       0       0       0       0       0       0       0       0       0       
      +0       0       0       0       0
 11018 ;;      Temps:          0       0       0       0       0       0       0       0       0       0       0       0       
      +0       0       0       0       0
 11019 ;;      Totals:         1       0       0       0       0       0       0       0       0       0       0       0       
      +0       0       0       0       0
 11020 ;;Total ram usage:        1 bytes
 11021 ;; Hardware stack levels used: 1
 11022 ;; Hardware stack levels required when called: 6
 11023 ;; This function calls:
 11024 ;;		_I2C1_WaitIdle
 11025 ;; This function is called by:
 11026 ;;		_I2C1_MasterGetRxData
 11027 ;; This function uses a non-reentrant model
 11028 ;;
 11029                           
 11030                           	psect	text83
 11031   004074                     __ptext83:
 11032                           	callstack 0
 11033   004074                     _I2C1_MasterSendNack:
 11034                           	callstack 19
 11035                           
 11036                           ;incstack = 0
 11037                           ;I2C1_MasterSendNack@ack stored from wreg
 11038   004074  6E16               	movwf	I2C1_MasterSendNack@ack^0,c
 11039   004076                     
 11040                           ;i2c_driver.c: 264: static __attribute__((inline)) void I2C1_MasterSendNack(uint8_t ack)
      +                          ;i2c_driver.c: 265: {;i2c_driver.c: 266:     SSP2CON2bits.ACKDT = ack;
 11041   004076  B016               	btfsc	I2C1_MasterSendNack@ack^0,0,c
 11042   004078  D002               	bra	u5335
 11043   00407A  9A6B               	bcf	107,5,c	;volatile
 11044   00407C  D001               	bra	u5336
 11045   00407E                     u5335:
 11046   00407E  8A6B               	bsf	107,5,c	;volatile
 11047   004080                     u5336:
 11048   004080                     
 11049                           ;i2c_driver.c: 267:     I2C1_WaitIdle();
 11050   004080  EC99  F01B         	call	_I2C1_WaitIdle	;wreg free
 11051   004084                     
 11052                           ;i2c_driver.c: 268:     SSP2CON2bits.ACKEN = 1;
 11053   004084  886B               	bsf	107,4,c	;volatile
 11054   004086  0012               	return		;funcret
 11055   004088                     __end_of_I2C1_MasterSendNack:
 11056                           	callstack 0
 11057                           
 11058 ;; *************** function _I2C1_MasterIsRxBufFull *****************
 11059 ;; Defined at:
 11060 ;;		line 271 in file "i2c_driver.c"
 11061 ;; Parameters:    Size  Location     Type
 11062 ;;		None
 11063 ;; Auto vars:     Size  Location     Type
 11064 ;;		None
 11065 ;; Return value:  Size  Location     Type
 11066 ;;                  1    wreg      _Bool 
 11067 ;; Registers used:
 11068 ;;		wreg
 11069 ;; Tracked objects:
 11070 ;;		On entry : 0/0
 11071 ;;		On exit  : 0/0
 11072 ;;		Unchanged: 0/0
 11073 ;; Data sizes:     COMRAM   BANK0   BANK1   BANK2   BANK3   BANK4   BANK5   BANK6   BANK7   BANK8   BANK9  BANK10  BANK1
      +1  BANK12  BANK13  BANK14  BANK15
 11074 ;;      Params:         0       0       0       0       0       0       0       0       0       0       0       0       
      +0       0       0       0       0
 11075 ;;      Locals:         0       0       0       0       0       0       0       0       0       0       0       0       
      +0       0       0       0       0
 11076 ;;      Temps:          0       0       0       0       0       0       0       0       0       0       0       0       
      +0       0       0       0       0
 11077 ;;      Totals:         0       0       0       0       0       0       0       0       0       0       0       0       
      +0       0       0       0       0
 11078 ;;Total ram usage:        0 bytes
 11079 ;; Hardware stack levels used: 1
 11080 ;; Hardware stack levels required when called: 5
 11081 ;; This function calls:
 11082 ;;		Nothing
 11083 ;; This function is called by:
 11084 ;;		_I2C1_MasterGetRxData
 11085 ;; This function uses a non-reentrant model
 11086 ;;
 11087                           
 11088                           	psect	text84
 11089   004088                     __ptext84:
 11090                           	callstack 0
 11091   004088                     _I2C1_MasterIsRxBufFull:
 11092                           	callstack 20
 11093   004088                     
 11094                           ;i2c_driver.c: 273:     return SSP2STATbits.BF;
 11095   004088  B06D               	btfsc	109,0,c	;volatile
 11096   00408A  EF49  F020         	goto	u5321
 11097   00408E  EF4C  F020         	goto	u5320
 11098   004092                     u5321:
 11099   004092  0E01               	movlw	1
 11100   004094  EF4D  F020         	goto	u5326
 11101   004098                     u5320:
 11102   004098  0E00               	movlw	0
 11103   00409A                     u5326:
 11104   00409A  0012               	return		;funcret
 11105   00409C                     __end_of_I2C1_MasterIsRxBufFull:
 11106                           	callstack 0
 11107                           
 11108 ;; *************** function _I2C1_MasterEnableRestart *****************
 11109 ;; Defined at:
 11110 ;;		line 201 in file "i2c_driver.c"
 11111 ;; Parameters:    Size  Location     Type
 11112 ;;		None
 11113 ;; Auto vars:     Size  Location     Type
 11114 ;;		None
 11115 ;; Return value:  Size  Location     Type
 11116 ;;                  1    wreg      void 
 11117 ;; Registers used:
 11118 ;;		cstack
 11119 ;; Tracked objects:
 11120 ;;		On entry : 0/0
 11121 ;;		On exit  : 0/0
 11122 ;;		Unchanged: 0/0
 11123 ;; Data sizes:     COMRAM   BANK0   BANK1   BANK2   BANK3   BANK4   BANK5   BANK6   BANK7   BANK8   BANK9  BANK10  BANK1
      +1  BANK12  BANK13  BANK14  BANK15
 11124 ;;      Params:         0       0       0       0       0       0       0       0       0       0       0       0       
      +0       0       0       0       0
 11125 ;;      Locals:         0       0       0       0       0       0       0       0       0       0       0       0       
      +0       0       0       0       0
 11126 ;;      Temps:          0       0       0       0       0       0       0       0       0       0       0       0       
      +0       0       0       0       0
 11127 ;;      Totals:         0       0       0       0       0       0       0       0       0       0       0       0       
      +0       0       0       0       0
 11128 ;;Total ram usage:        0 bytes
 11129 ;; Hardware stack levels used: 1
 11130 ;; Hardware stack levels required when called: 6
 11131 ;; This function calls:
 11132 ;;		_I2C1_WaitIdle
 11133 ;; This function is called by:
 11134 ;;		_i2c_driver_read_twobytes
 11135 ;;		_i2c_driver_read_byte
 11136 ;; This function uses a non-reentrant model
 11137 ;;
 11138                           
 11139                           	psect	text85
 11140   00416A                     __ptext85:
 11141                           	callstack 0
 11142   00416A                     _I2C1_MasterEnableRestart:
 11143                           	callstack 20
 11144   00416A                     
 11145                           ;i2c_driver.c: 203:     I2C1_WaitIdle();
 11146   00416A  EC99  F01B         	call	_I2C1_WaitIdle	;wreg free
 11147   00416E                     
 11148                           ;i2c_driver.c: 204:     SSP2CON2bits.RSEN = 1;
 11149   00416E  826B               	bsf	107,1,c	;volatile
 11150   004170  0012               	return		;funcret
 11151   004172                     __end_of_I2C1_MasterEnableRestart:
 11152                           	callstack 0
 11153                           
 11154 ;; *************** function _AD5593_reset *****************
 11155 ;; Defined at:
 11156 ;;		line 10 in file "AD5593R.c"
 11157 ;; Parameters:    Size  Location     Type
 11158 ;;		None
 11159 ;; Auto vars:     Size  Location     Type
 11160 ;;		None
 11161 ;; Return value:  Size  Location     Type
 11162 ;;                  1    wreg      void 
 11163 ;; Registers used:
 11164 ;;		wreg, status,2, cstack
 11165 ;; Tracked objects:
 11166 ;;		On entry : 0/0
 11167 ;;		On exit  : 0/0
 11168 ;;		Unchanged: 0/0
 11169 ;; Data sizes:     COMRAM   BANK0   BANK1   BANK2   BANK3   BANK4   BANK5   BANK6   BANK7   BANK8   BANK9  BANK10  BANK1
      +1  BANK12  BANK13  BANK14  BANK15
 11170 ;;      Params:         0       0       0       0       0       0       0       0       0       0       0       0       
      +0       0       0       0       0
 11171 ;;      Locals:         0       0       0       0       0       0       0       0       0       0       0       0       
      +0       0       0       0       0
 11172 ;;      Temps:          0       0       0       0       0       0       0       0       0       0       0       0       
      +0       0       0       0       0
 11173 ;;      Totals:         0       0       0       0       0       0       0       0       0       0       0       0       
      +0       0       0       0       0
 11174 ;;Total ram usage:        0 bytes
 11175 ;; Hardware stack levels used: 1
 11176 ;; Hardware stack levels required when called: 8
 11177 ;; This function calls:
 11178 ;;		_i2c_driver_write_twobytes_noack
 11179 ;; This function is called by:
 11180 ;;		_AD5593_init_w_EVREF
 11181 ;;		_AD5593_init_w_VREF
 11182 ;; This function uses a non-reentrant model
 11183 ;;
 11184                           
 11185                           	psect	text86
 11186   00409C                     __ptext86:
 11187                           	callstack 0
 11188   00409C                     _AD5593_reset:
 11189                           	callstack 21
 11190   00409C                     
 11191                           ;AD5593R.c: 11:     i2c_driver_write_twobytes_noack(0x20, 0b0000 << 4 | 0b1111, 0x0DAC);
 11192   00409C  0E0F               	movlw	15
 11193   00409E  6E17               	movwf	i2c_driver_write_twobytes_noack@reg^0,c
 11194   0040A0  0E0D               	movlw	13
 11195   0040A2  6E19               	movwf	(i2c_driver_write_twobytes_noack@data+1)^0,c
 11196   0040A4  0EAC               	movlw	172
 11197   0040A6  6E18               	movwf	i2c_driver_write_twobytes_noack@data^0,c
 11198   0040A8  0E20               	movlw	32
 11199   0040AA  ECE9  F019         	call	_i2c_driver_write_twobytes_noack
 11200   0040AE  0012               	return		;funcret
 11201   0040B0                     __end_of_AD5593_reset:
 11202                           	callstack 0
 11203                           
 11204 ;; *************** function _i2c_driver_write_twobytes_noack *****************
 11205 ;; Defined at:
 11206 ;;		line 97 in file "i2c_driver.c"
 11207 ;; Parameters:    Size  Location     Type
 11208 ;;  devaddr         1    wreg     unsigned char 
 11209 ;;  reg             1   22[COMRAM] unsigned char 
 11210 ;;  data            2   23[COMRAM] unsigned short 
 11211 ;; Auto vars:     Size  Location     Type
 11212 ;;  devaddr         1   25[COMRAM] unsigned char 
 11213 ;; Return value:  Size  Location     Type
 11214 ;;                  1    wreg      void 
 11215 ;; Registers used:
 11216 ;;		wreg, status,2, cstack
 11217 ;; Tracked objects:
 11218 ;;		On entry : 0/0
 11219 ;;		On exit  : 0/0
 11220 ;;		Unchanged: 0/0
 11221 ;; Data sizes:     COMRAM   BANK0   BANK1   BANK2   BANK3   BANK4   BANK5   BANK6   BANK7   BANK8   BANK9  BANK10  BANK1
      +1  BANK12  BANK13  BANK14  BANK15
 11222 ;;      Params:         3       0       0       0       0       0       0       0       0       0       0       0       
      +0       0       0       0       0
 11223 ;;      Locals:         1       0       0       0       0       0       0       0       0       0       0       0       
      +0       0       0       0       0
 11224 ;;      Temps:          0       0       0       0       0       0       0       0       0       0       0       0       
      +0       0       0       0       0
 11225 ;;      Totals:         4       0       0       0       0       0       0       0       0       0       0       0       
      +0       0       0       0       0
 11226 ;;Total ram usage:        4 bytes
 11227 ;; Hardware stack levels used: 1
 11228 ;; Hardware stack levels required when called: 7
 11229 ;; This function calls:
 11230 ;;		_I2C1_MasterIsNack
 11231 ;;		_I2C1_MasterSendTxData
 11232 ;;		_I2C1_MasterStart
 11233 ;; This function is called by:
 11234 ;;		_AD5593_reset
 11235 ;; This function uses a non-reentrant model
 11236 ;;
 11237                           
 11238                           	psect	text87
 11239   0033D2                     __ptext87:
 11240                           	callstack 0
 11241   0033D2                     _i2c_driver_write_twobytes_noack:
 11242                           	callstack 21
 11243                           
 11244                           ;incstack = 0
 11245                           ;i2c_driver_write_twobytes_noack@devaddr stored from wreg
 11246   0033D2  6E1A               	movwf	i2c_driver_write_twobytes_noack@devaddr^0,c
 11247   0033D4                     l655:
 11248   0033D4                     
 11249                           ;i2c_driver.c: 100:   {;i2c_driver.c: 101:     I2C1_MasterStart();
 11250   0033D4  ECB9  F020         	call	_I2C1_MasterStart	;wreg free
 11251   0033D8                     
 11252                           ;i2c_driver.c: 102:     I2C1_MasterSendTxData(devaddr);
 11253   0033D8  501A               	movf	i2c_driver_write_twobytes_noack@devaddr^0,w,c
 11254   0033DA  EC6D  F020         	call	_I2C1_MasterSendTxData
 11255   0033DE                     
 11256                           ;i2c_driver.c: 103:     if (I2C1_MasterIsNack())
 11257   0033DE  EC03  F020         	call	_I2C1_MasterIsNack	;wreg free
 11258   0033E2  0900               	iorlw	0
 11259   0033E4  B4D8               	btfsc	status,2,c
 11260   0033E6  EFF7  F019         	goto	u5751
 11261   0033EA  EFF9  F019         	goto	u5750
 11262   0033EE                     u5751:
 11263   0033EE  EFFB  F019         	goto	l6452
 11264   0033F2                     u5750:
 11265   0033F2  EFEA  F019         	goto	l655
 11266   0033F6                     l6452:
 11267                           
 11268                           ;i2c_driver.c: 106:     I2C1_MasterSendTxData(reg);
 11269   0033F6  5017               	movf	i2c_driver_write_twobytes_noack@reg^0,w,c
 11270   0033F8  EC6D  F020         	call	_I2C1_MasterSendTxData
 11271                           
 11272                           ;i2c_driver.c: 107:     if (I2C1_MasterIsNack())
 11273   0033FC  EC03  F020         	call	_I2C1_MasterIsNack	;wreg free
 11274   003400  0900               	iorlw	0
 11275   003402  B4D8               	btfsc	status,2,c
 11276   003404  EF06  F01A         	goto	u5761
 11277   003408  EF08  F01A         	goto	u5760
 11278   00340C                     u5761:
 11279   00340C  EF0A  F01A         	goto	l6456
 11280   003410                     u5760:
 11281   003410  EFEA  F019         	goto	l655
 11282   003414                     l6456:
 11283                           
 11284                           ;i2c_driver.c: 110:     I2C1_MasterSendTxData((data >> 8) & 0x00FF);
 11285   003414  5019               	movf	(i2c_driver_write_twobytes_noack@data+1)^0,w,c
 11286   003416  EC6D  F020         	call	_I2C1_MasterSendTxData
 11287                           
 11288                           ;i2c_driver.c: 111:     if (I2C1_MasterIsNack())
 11289   00341A  EC03  F020         	call	_I2C1_MasterIsNack	;wreg free
 11290   00341E  0900               	iorlw	0
 11291   003420  B4D8               	btfsc	status,2,c
 11292   003422  EF15  F01A         	goto	u5771
 11293   003426  EF17  F01A         	goto	u5770
 11294   00342A                     u5771:
 11295   00342A  EF19  F01A         	goto	l6460
 11296   00342E                     u5770:
 11297   00342E  EFEA  F019         	goto	l655
 11298   003432                     l6460:
 11299                           
 11300                           ;i2c_driver.c: 114:     I2C1_MasterSendTxData(data & 0x00FF);
 11301   003432  5018               	movf	i2c_driver_write_twobytes_noack@data^0,w,c
 11302   003434  EC6D  F020         	call	_I2C1_MasterSendTxData
 11303   003438  0012               	return		;funcret
 11304   00343A                     __end_of_i2c_driver_write_twobytes_noack:
 11305                           	callstack 0
 11306                           
 11307 ;; *************** function _I2C1_MasterStart *****************
 11308 ;; Defined at:
 11309 ;;		line 195 in file "i2c_driver.c"
 11310 ;; Parameters:    Size  Location     Type
 11311 ;;		None
 11312 ;; Auto vars:     Size  Location     Type
 11313 ;;		None
 11314 ;; Return value:  Size  Location     Type
 11315 ;;                  1    wreg      void 
 11316 ;; Registers used:
 11317 ;;		cstack
 11318 ;; Tracked objects:
 11319 ;;		On entry : 0/0
 11320 ;;		On exit  : 0/0
 11321 ;;		Unchanged: 0/0
 11322 ;; Data sizes:     COMRAM   BANK0   BANK1   BANK2   BANK3   BANK4   BANK5   BANK6   BANK7   BANK8   BANK9  BANK10  BANK1
      +1  BANK12  BANK13  BANK14  BANK15
 11323 ;;      Params:         0       0       0       0       0       0       0       0       0       0       0       0       
      +0       0       0       0       0
 11324 ;;      Locals:         0       0       0       0       0       0       0       0       0       0       0       0       
      +0       0       0       0       0
 11325 ;;      Temps:          0       0       0       0       0       0       0       0       0       0       0       0       
      +0       0       0       0       0
 11326 ;;      Totals:         0       0       0       0       0       0       0       0       0       0       0       0       
      +0       0       0       0       0
 11327 ;;Total ram usage:        0 bytes
 11328 ;; Hardware stack levels used: 1
 11329 ;; Hardware stack levels required when called: 6
 11330 ;; This function calls:
 11331 ;;		_I2C1_WaitIdle
 11332 ;; This function is called by:
 11333 ;;		_i2c_driver_write_pointer_byte
 11334 ;;		_i2c_driver_write_twobytes
 11335 ;;		_i2c_driver_write_twobytes_noack
 11336 ;;		_i2c_driver_read_twobytes
 11337 ;;		_i2c_driver_read_2bytes
 11338 ;;		_i2c_driver_write_byte
 11339 ;;		_i2c_driver_read_byte
 11340 ;; This function uses a non-reentrant model
 11341 ;;
 11342                           
 11343                           	psect	text88
 11344   004172                     __ptext88:
 11345                           	callstack 0
 11346   004172                     _I2C1_MasterStart:
 11347                           	callstack 20
 11348   004172                     
 11349                           ;i2c_driver.c: 197:     I2C1_WaitIdle();
 11350   004172  EC99  F01B         	call	_I2C1_WaitIdle	;wreg free
 11351   004176                     
 11352                           ;i2c_driver.c: 198:     SSP2CON2bits.SEN = 1;
 11353   004176  806B               	bsf	107,0,c	;volatile
 11354   004178  0012               	return		;funcret
 11355   00417A                     __end_of_I2C1_MasterStart:
 11356                           	callstack 0
 11357                           
 11358 ;; *************** function _I2C1_MasterSendTxData *****************
 11359 ;; Defined at:
 11360 ;;		line 213 in file "i2c_driver.c"
 11361 ;; Parameters:    Size  Location     Type
 11362 ;;  data            1    wreg     unsigned char 
 11363 ;; Auto vars:     Size  Location     Type
 11364 ;;  data            1   21[COMRAM] unsigned char 
 11365 ;; Return value:  Size  Location     Type
 11366 ;;                  1    wreg      void 
 11367 ;; Registers used:
 11368 ;;		wreg, cstack
 11369 ;; Tracked objects:
 11370 ;;		On entry : 0/0
 11371 ;;		On exit  : 0/0
 11372 ;;		Unchanged: 0/0
 11373 ;; Data sizes:     COMRAM   BANK0   BANK1   BANK2   BANK3   BANK4   BANK5   BANK6   BANK7   BANK8   BANK9  BANK10  BANK1
      +1  BANK12  BANK13  BANK14  BANK15
 11374 ;;      Params:         0       0       0       0       0       0       0       0       0       0       0       0       
      +0       0       0       0       0
 11375 ;;      Locals:         1       0       0       0       0       0       0       0       0       0       0       0       
      +0       0       0       0       0
 11376 ;;      Temps:          0       0       0       0       0       0       0       0       0       0       0       0       
      +0       0       0       0       0
 11377 ;;      Totals:         1       0       0       0       0       0       0       0       0       0       0       0       
      +0       0       0       0       0
 11378 ;;Total ram usage:        1 bytes
 11379 ;; Hardware stack levels used: 1
 11380 ;; Hardware stack levels required when called: 6
 11381 ;; This function calls:
 11382 ;;		_I2C1_WaitIdle
 11383 ;; This function is called by:
 11384 ;;		_i2c_driver_write_pointer_byte
 11385 ;;		_i2c_driver_write_twobytes
 11386 ;;		_i2c_driver_write_twobytes_noack
 11387 ;;		_i2c_driver_read_twobytes
 11388 ;;		_i2c_driver_read_2bytes
 11389 ;;		_i2c_driver_write_byte
 11390 ;;		_i2c_driver_read_byte
 11391 ;; This function uses a non-reentrant model
 11392 ;;
 11393                           
 11394                           	psect	text89
 11395   0040DA                     __ptext89:
 11396                           	callstack 0
 11397   0040DA                     _I2C1_MasterSendTxData:
 11398                           	callstack 20
 11399                           
 11400                           ;incstack = 0
 11401                           ;I2C1_MasterSendTxData@data stored from wreg
 11402   0040DA  6E16               	movwf	I2C1_MasterSendTxData@data^0,c
 11403   0040DC                     
 11404                           ;i2c_driver.c: 213: static __attribute__((inline)) void I2C1_MasterSendTxData(uint8_t da
      +                          ta);i2c_driver.c: 214: {;i2c_driver.c: 215:     I2C1_WaitIdle();
 11405   0040DC  EC99  F01B         	call	_I2C1_WaitIdle	;wreg free
 11406   0040E0                     
 11407                           ;i2c_driver.c: 216:     SSP2BUF = data;
 11408   0040E0  C016  FF6F         	movff	I2C1_MasterSendTxData@data,3951	;volatile
 11409   0040E4  0012               	return		;funcret
 11410   0040E6                     __end_of_I2C1_MasterSendTxData:
 11411                           	callstack 0
 11412                           
 11413 ;; *************** function _I2C1_MasterIsNack *****************
 11414 ;; Defined at:
 11415 ;;		line 258 in file "i2c_driver.c"
 11416 ;; Parameters:    Size  Location     Type
 11417 ;;		None
 11418 ;; Auto vars:     Size  Location     Type
 11419 ;;		None
 11420 ;; Return value:  Size  Location     Type
 11421 ;;                  1    wreg      _Bool 
 11422 ;; Registers used:
 11423 ;;		wreg, cstack
 11424 ;; Tracked objects:
 11425 ;;		On entry : 0/0
 11426 ;;		On exit  : 0/0
 11427 ;;		Unchanged: 0/0
 11428 ;; Data sizes:     COMRAM   BANK0   BANK1   BANK2   BANK3   BANK4   BANK5   BANK6   BANK7   BANK8   BANK9  BANK10  BANK1
      +1  BANK12  BANK13  BANK14  BANK15
 11429 ;;      Params:         0       0       0       0       0       0       0       0       0       0       0       0       
      +0       0       0       0       0
 11430 ;;      Locals:         0       0       0       0       0       0       0       0       0       0       0       0       
      +0       0       0       0       0
 11431 ;;      Temps:          0       0       0       0       0       0       0       0       0       0       0       0       
      +0       0       0       0       0
 11432 ;;      Totals:         0       0       0       0       0       0       0       0       0       0       0       0       
      +0       0       0       0       0
 11433 ;;Total ram usage:        0 bytes
 11434 ;; Hardware stack levels used: 1
 11435 ;; Hardware stack levels required when called: 6
 11436 ;; This function calls:
 11437 ;;		_I2C1_WaitIdle
 11438 ;; This function is called by:
 11439 ;;		_i2c_driver_write_pointer_byte
 11440 ;;		_i2c_driver_write_twobytes
 11441 ;;		_i2c_driver_write_twobytes_noack
 11442 ;;		_i2c_driver_read_twobytes
 11443 ;;		_i2c_driver_read_2bytes
 11444 ;;		_i2c_driver_write_byte
 11445 ;;		_i2c_driver_read_byte
 11446 ;; This function uses a non-reentrant model
 11447 ;;
 11448                           
 11449                           	psect	text90
 11450   004006                     __ptext90:
 11451                           	callstack 0
 11452   004006                     _I2C1_MasterIsNack:
 11453                           	callstack 20
 11454   004006                     
 11455                           ;i2c_driver.c: 260:   I2C1_WaitIdle();
 11456   004006  EC99  F01B         	call	_I2C1_WaitIdle	;wreg free
 11457   00400A                     
 11458                           ;i2c_driver.c: 261:   return SSP2CON2bits.ACKSTAT;
 11459   00400A  BC6B               	btfsc	107,6,c	;volatile
 11460   00400C  EF0A  F020         	goto	u5481
 11461   004010  EF0D  F020         	goto	u5480
 11462   004014                     u5481:
 11463   004014  0E01               	movlw	1
 11464   004016  EF0E  F020         	goto	u5486
 11465   00401A                     u5480:
 11466   00401A  0E00               	movlw	0
 11467   00401C                     u5486:
 11468   00401C  0012               	return		;funcret
 11469   00401E                     __end_of_I2C1_MasterIsNack:
 11470                           	callstack 0
 11471                           
 11472 ;; *************** function _I2C1_WaitIdle *****************
 11473 ;; Defined at:
 11474 ;;		line 186 in file "i2c_driver.c"
 11475 ;; Parameters:    Size  Location     Type
 11476 ;;		None
 11477 ;; Auto vars:     Size  Location     Type
 11478 ;;		None
 11479 ;; Return value:  Size  Location     Type
 11480 ;;                  1    wreg      void 
 11481 ;; Registers used:
 11482 ;;		None
 11483 ;; Tracked objects:
 11484 ;;		On entry : 0/0
 11485 ;;		On exit  : 0/0
 11486 ;;		Unchanged: 0/0
 11487 ;; Data sizes:     COMRAM   BANK0   BANK1   BANK2   BANK3   BANK4   BANK5   BANK6   BANK7   BANK8   BANK9  BANK10  BANK1
      +1  BANK12  BANK13  BANK14  BANK15
 11488 ;;      Params:         0       0       0       0       0       0       0       0       0       0       0       0       
      +0       0       0       0       0
 11489 ;;      Locals:         0       0       0       0       0       0       0       0       0       0       0       0       
      +0       0       0       0       0
 11490 ;;      Temps:          0       0       0       0       0       0       0       0       0       0       0       0       
      +0       0       0       0       0
 11491 ;;      Totals:         0       0       0       0       0       0       0       0       0       0       0       0       
      +0       0       0       0       0
 11492 ;;Total ram usage:        0 bytes
 11493 ;; Hardware stack levels used: 1
 11494 ;; Hardware stack levels required when called: 5
 11495 ;; This function calls:
 11496 ;;		Nothing
 11497 ;; This function is called by:
 11498 ;;		_I2C1_MasterStart
 11499 ;;		_I2C1_MasterEnableRestart
 11500 ;;		_I2C1_MasterStop
 11501 ;;		_I2C1_MasterSendTxData
 11502 ;;		_I2C1_MasterGetRxData
 11503 ;;		_I2C1_MasterIsNack
 11504 ;;		_I2C1_MasterSendNack
 11505 ;; This function uses a non-reentrant model
 11506 ;;
 11507                           
 11508                           	psect	text91
 11509   003732                     __ptext91:
 11510                           	callstack 0
 11511   003732                     _I2C1_WaitIdle:
 11512                           	callstack 20
 11513   003732                     l689:
 11514                           
 11515                           ;i2c_driver.c: 189:   while ((SSP2STATbits.RW2) || (SSP2CON2bits.SEN) ||
 11516   003732  B46D               	btfsc	109,2,c	;volatile
 11517   003734  EF9E  F01B         	goto	u4851
 11518   003738  EFA0  F01B         	goto	u4850
 11519   00373C                     u4851:
 11520   00373C  EF99  F01B         	goto	l689
 11521   003740                     u4850:
 11522   003740  B06B               	btfsc	107,0,c	;volatile
 11523   003742  EFA5  F01B         	goto	u4861
 11524   003746  EFA7  F01B         	goto	u4860
 11525   00374A                     u4861:
 11526   00374A  EF99  F01B         	goto	l689
 11527   00374E                     u4860:
 11528   00374E  B26B               	btfsc	107,1,c	;volatile
 11529   003750  EFAC  F01B         	goto	u4871
 11530   003754  EFAE  F01B         	goto	u4870
 11531   003758                     u4871:
 11532   003758  EF99  F01B         	goto	l689
 11533   00375C                     u4870:
 11534   00375C  B46B               	btfsc	107,2,c	;volatile
 11535   00375E  EFB3  F01B         	goto	u4881
 11536   003762  EFB5  F01B         	goto	u4880
 11537   003766                     u4881:
 11538   003766  EF99  F01B         	goto	l689
 11539   00376A                     u4880:
 11540   00376A  B66B               	btfsc	107,3,c	;volatile
 11541   00376C  EFBA  F01B         	goto	u4891
 11542   003770  EFBC  F01B         	goto	u4890
 11543   003774                     u4891:
 11544   003774  EF99  F01B         	goto	l689
 11545   003778                     u4890:
 11546   003778  B86B               	btfsc	107,4,c	;volatile
 11547   00377A  EFC1  F01B         	goto	u4901
 11548   00377E  EFC3  F01B         	goto	u4900
 11549   003782                     u4901:
 11550   003782  EF99  F01B         	goto	l689
 11551   003786                     u4900:
 11552   003786  0012               	return		;funcret
 11553   003788                     __end_of_I2C1_WaitIdle:
 11554                           	callstack 0
 11555                           
 11556 ;; *************** function _INTERRUPT_InterruptManager *****************
 11557 ;; Defined at:
 11558 ;;		line 58 in file "mcc_generated_files/interrupt_manager.c"
 11559 ;; Parameters:    Size  Location     Type
 11560 ;;		None
 11561 ;; Auto vars:     Size  Location     Type
 11562 ;;		None
 11563 ;; Return value:  Size  Location     Type
 11564 ;;                  1    wreg      void 
 11565 ;; Registers used:
 11566 ;;		wreg, fsr1l, fsr1h, fsr2l, fsr2h, status,2, status,0, pcl, pclath, pclatu, tosl, tblptrl, tblptrh, tblptru, cstack
 11567 ;; Tracked objects:
 11568 ;;		On entry : 0/0
 11569 ;;		On exit  : 0/0
 11570 ;;		Unchanged: 0/0
 11571 ;; Data sizes:     COMRAM   BANK0   BANK1   BANK2   BANK3   BANK4   BANK5   BANK6   BANK7   BANK8   BANK9  BANK10  BANK1
      +1  BANK12  BANK13  BANK14  BANK15
 11572 ;;      Params:         0       0       0       0       0       0       0       0       0       0       0       0       
      +0       0       0       0       0
 11573 ;;      Locals:         0       0       0       0       0       0       0       0       0       0       0       0       
      +0       0       0       0       0
 11574 ;;      Temps:         10       0       0       0       0       0       0       0       0       0       0       0       
      +0       0       0       0       0
 11575 ;;      Totals:        10       0       0       0       0       0       0       0       0       0       0       0       
      +0       0       0       0       0
 11576 ;;Total ram usage:       10 bytes
 11577 ;; Hardware stack levels used: 1
 11578 ;; Hardware stack levels required when called: 4
 11579 ;; This function calls:
 11580 ;;		Absolute function
 11581 ;;		_EUSART1_Receive_ISR
 11582 ;;		_TMR0_ISR
 11583 ;;		_TMR1_ISR
 11584 ;;		_TMR3_ISR
 11585 ;;		_my_RX_ISR
 11586 ;; This function is called by:
 11587 ;;		Interrupt level 2
 11588 ;; This function uses a non-reentrant model
 11589 ;;
 11590                           
 11591                           	psect	intcode
 11592   000008                     __pintcode:
 11593                           	callstack 0
 11594   000008                     _INTERRUPT_InterruptManager:
 11595                           	callstack 14
 11596                           
 11597                           ;incstack = 0
 11598   000008  824A               	bsf	int$flags,1,c	;set compiler interrupt flag (level 2)
 11599   00000A  CFFA F00C          	movff	pclath,??_INTERRUPT_InterruptManager
 11600   00000E  CFFB F00D          	movff	pclatu,??_INTERRUPT_InterruptManager+1
 11601   000012  CFE1 F00E          	movff	fsr1l,??_INTERRUPT_InterruptManager+2
 11602   000016  CFE2 F00F          	movff	fsr1h,??_INTERRUPT_InterruptManager+3
 11603   00001A  CFD9 F010          	movff	fsr2l,??_INTERRUPT_InterruptManager+4
 11604   00001E  CFDA F011          	movff	fsr2h,??_INTERRUPT_InterruptManager+5
 11605   000022  CFF6 F012          	movff	tblptrl,??_INTERRUPT_InterruptManager+6
 11606   000026  CFF7 F013          	movff	tblptrh,??_INTERRUPT_InterruptManager+7
 11607   00002A  CFF8 F014          	movff	tblptru,??_INTERRUPT_InterruptManager+8
 11608   00002E  CFF5 F015          	movff	tablat,??_INTERRUPT_InterruptManager+9
 11609   000032                     
 11610                           ;mcc_generated_files/interrupt_manager.c: 61:     if(INTCONbits.TMR0IE == 1 && INTCONbit
      +                          s.TMR0IF == 1)
 11611   000032  AAF2               	btfss	242,5,c	;volatile
 11612   000034  EF1E  F000         	goto	i2u643_41
 11613   000038  EF20  F000         	goto	i2u643_40
 11614   00003C                     i2u643_41:
 11615   00003C  EF2B  F000         	goto	i2l28
 11616   000040                     i2u643_40:
 11617   000040  A4F2               	btfss	242,2,c	;volatile
 11618   000042  EF25  F000         	goto	i2u644_41
 11619   000046  EF27  F000         	goto	i2u644_40
 11620   00004A                     i2u644_41:
 11621   00004A  EF2B  F000         	goto	i2l28
 11622   00004E                     i2u644_40:
 11623   00004E                     
 11624                           ;mcc_generated_files/interrupt_manager.c: 62:     {;mcc_generated_files/interrupt_manage
      +                          r.c: 63:         TMR0_ISR();
 11625   00004E  EC89  F01E         	call	_TMR0_ISR	;wreg free
 11626                           
 11627                           ;mcc_generated_files/interrupt_manager.c: 64:     }
 11628   000052  EF73  F000         	goto	i2l38
 11629   000056                     i2l28:
 11630   000056  ACF2               	btfss	242,6,c	;volatile
 11631   000058  EF30  F000         	goto	i2u645_41
 11632   00005C  EF32  F000         	goto	i2u645_40
 11633   000060                     i2u645_41:
 11634   000060  EF73  F000         	goto	i2l38
 11635   000064                     i2u645_40:
 11636   000064                     
 11637                           ;mcc_generated_files/interrupt_manager.c: 66:     {;mcc_generated_files/interrupt_manage
      +                          r.c: 67:         if(PIE1bits.RC1IE == 1 && PIR1bits.RC1IF == 1)
 11638   000064  AA9D               	btfss	157,5,c	;volatile
 11639   000066  EF37  F000         	goto	i2u646_41
 11640   00006A  EF39  F000         	goto	i2u646_40
 11641   00006E                     i2u646_41:
 11642   00006E  EF4F  F000         	goto	i2l31
 11643   000072                     i2u646_40:
 11644   000072  AA9E               	btfss	158,5,c	;volatile
 11645   000074  EF3E  F000         	goto	i2u647_41
 11646   000078  EF40  F000         	goto	i2u647_40
 11647   00007C                     i2u647_41:
 11648   00007C  EF4F  F000         	goto	i2l31
 11649   000080                     i2u647_40:
 11650   000080                     
 11651                           ;mcc_generated_files/interrupt_manager.c: 68:         {;mcc_generated_files/interrupt_ma
      +                          nager.c: 69:             EUSART1_RxDefaultInterruptHandler();
 11652   000080  D802               	call	i2u648_48
 11653   000082  EF4D  F000         	goto	i2u648_49
 11654   000086                     i2u648_48:
 11655   000086  0005               	push	
 11656   000088  6EFA               	movwf	pclath,c
 11657   00008A  0101               	movlb	1	; () banked
 11658   00008C  51BE               	movf	_EUSART1_RxDefaultInterruptHandler& (0+255),w,b
 11659   00008E  6EFD               	movwf	tosl,c
 11660   000090  51BF               	movf	(_EUSART1_RxDefaultInterruptHandler+1)& (0+255),w,b
 11661   000092  6EFE               	movwf	tosh,c
 11662   000094  6AFF               	clrf	tosu,c
 11663   000096  50FA               	movf	pclath,w,c
 11664   000098  0012               	return		;indir
 11665   00009A                     i2u648_49:
 11666                           
 11667                           ;mcc_generated_files/interrupt_manager.c: 70:         }
 11668   00009A  EF73  F000         	goto	i2l38
 11669   00009E                     i2l31:
 11670   00009E  A2A0               	btfss	160,1,c	;volatile
 11671   0000A0  EF54  F000         	goto	i2u649_41
 11672   0000A4  EF56  F000         	goto	i2u649_40
 11673   0000A8                     i2u649_41:
 11674   0000A8  EF61  F000         	goto	i2l33
 11675   0000AC                     i2u649_40:
 11676   0000AC  A2A1               	btfss	161,1,c	;volatile
 11677   0000AE  EF5B  F000         	goto	i2u650_41
 11678   0000B2  EF5D  F000         	goto	i2u650_40
 11679   0000B6                     i2u650_41:
 11680   0000B6  EF61  F000         	goto	i2l33
 11681   0000BA                     i2u650_40:
 11682   0000BA                     
 11683                           ;mcc_generated_files/interrupt_manager.c: 72:         {;mcc_generated_files/interrupt_ma
      +                          nager.c: 73:             TMR3_ISR();
 11684   0000BA  EC15  F01E         	call	_TMR3_ISR	;wreg free
 11685                           
 11686                           ;mcc_generated_files/interrupt_manager.c: 74:         }
 11687   0000BE  EF73  F000         	goto	i2l38
 11688   0000C2                     i2l33:
 11689   0000C2  A09D               	btfss	157,0,c	;volatile
 11690   0000C4  EF66  F000         	goto	i2u651_41
 11691   0000C8  EF68  F000         	goto	i2u651_40
 11692   0000CC                     i2u651_41:
 11693   0000CC  EF73  F000         	goto	i2l32
 11694   0000D0                     i2u651_40:
 11695   0000D0  A09E               	btfss	158,0,c	;volatile
 11696   0000D2  EF6D  F000         	goto	i2u652_41
 11697   0000D6  EF6F  F000         	goto	i2u652_40
 11698   0000DA                     i2u652_41:
 11699   0000DA  EF73  F000         	goto	i2l32
 11700   0000DE                     i2u652_40:
 11701   0000DE                     
 11702                           ;mcc_generated_files/interrupt_manager.c: 76:         {;mcc_generated_files/interrupt_ma
      +                          nager.c: 77:             TMR1_ISR();
 11703   0000DE  EC33  F01E         	call	_TMR1_ISR	;wreg free
 11704                           
 11705                           ;mcc_generated_files/interrupt_manager.c: 78:         }
 11706   0000E2  EF73  F000         	goto	i2l38
 11707   0000E6                     i2l32:
 11708   0000E6                     i2l38:
 11709   0000E6  C015  FFF5         	movff	??_INTERRUPT_InterruptManager+9,tablat
 11710   0000EA  C014  FFF8         	movff	??_INTERRUPT_InterruptManager+8,tblptru
 11711   0000EE  C013  FFF7         	movff	??_INTERRUPT_InterruptManager+7,tblptrh
 11712   0000F2  C012  FFF6         	movff	??_INTERRUPT_InterruptManager+6,tblptrl
 11713   0000F6  C011  FFDA         	movff	??_INTERRUPT_InterruptManager+5,fsr2h
 11714   0000FA  C010  FFD9         	movff	??_INTERRUPT_InterruptManager+4,fsr2l
 11715   0000FE  C00F  FFE2         	movff	??_INTERRUPT_InterruptManager+3,fsr1h
 11716   000102  C00E  FFE1         	movff	??_INTERRUPT_InterruptManager+2,fsr1l
 11717   000106  C00D  FFFB         	movff	??_INTERRUPT_InterruptManager+1,pclatu
 11718   00010A  C00C  FFFA         	movff	??_INTERRUPT_InterruptManager,pclath
 11719   00010E  924A               	bcf	int$flags,1,c	;clear compiler interrupt flag (level 2)
 11720   000110  0011               	retfie		f
 11721   000112                     __end_of_INTERRUPT_InterruptManager:
 11722                           	callstack 0
 11723                           
 11724 ;; *************** function _EUSART1_Receive_ISR *****************
 11725 ;; Defined at:
 11726 ;;		line 178 in file "mcc_generated_files/eusart1.c"
 11727 ;; Parameters:    Size  Location     Type
 11728 ;;		None
 11729 ;; Auto vars:     Size  Location     Type
 11730 ;;		None
 11731 ;; Return value:  Size  Location     Type
 11732 ;;                  1    wreg      void 
 11733 ;; Registers used:
 11734 ;;		wreg, fsr2l, fsr2h, status,2, status,0, pcl, pclath, pclatu, tosl, cstack
 11735 ;; Tracked objects:
 11736 ;;		On entry : 0/0
 11737 ;;		On exit  : 0/0
 11738 ;;		Unchanged: 0/0
 11739 ;; Data sizes:     COMRAM   BANK0   BANK1   BANK2   BANK3   BANK4   BANK5   BANK6   BANK7   BANK8   BANK9  BANK10  BANK1
      +1  BANK12  BANK13  BANK14  BANK15
 11740 ;;      Params:         0       0       0       0       0       0       0       0       0       0       0       0       
      +0       0       0       0       0
 11741 ;;      Locals:         0       0       0       0       0       0       0       0       0       0       0       0       
      +0       0       0       0       0
 11742 ;;      Temps:          0       0       0       0       0       0       0       0       0       0       0       0       
      +0       0       0       0       0
 11743 ;;      Totals:         0       0       0       0       0       0       0       0       0       0       0       0       
      +0       0       0       0       0
 11744 ;;Total ram usage:        0 bytes
 11745 ;; Hardware stack levels used: 1
 11746 ;; Hardware stack levels required when called: 2
 11747 ;; This function calls:
 11748 ;;		Absolute function
 11749 ;;		_EUSART1_DefaultErrorHandler
 11750 ;;		_EUSART1_DefaultFramingErrorHandler
 11751 ;;		_EUSART1_DefaultOverrunErrorHandler
 11752 ;;		_EUSART1_RxDataHandler
 11753 ;; This function is called by:
 11754 ;;		_EUSART1_Initialize
 11755 ;;		_INTERRUPT_InterruptManager
 11756 ;; This function uses a non-reentrant model
 11757 ;;
 11758                           
 11759                           	psect	text93
 11760   002C28                     __ptext93:
 11761                           	callstack 0
 11762   002C28                     _EUSART1_Receive_ISR:
 11763                           	callstack 15
 11764   002C28                     
 11765                           ;mcc_generated_files/eusart1.c: 181:     eusart1RxStatusBuffer[eusart1RxHead].status = 0
      +                          ;
 11766   002C28  0E14               	movlw	low _eusart1RxStatusBuffer
 11767   002C2A  2447               	addwf	_eusart1RxHead^0,w,c	;volatile
 11768   002C2C  6ED9               	movwf	fsr2l,c
 11769   002C2E  6ADA               	clrf	fsr2h,c
 11770   002C30  0E01               	movlw	high _eusart1RxStatusBuffer
 11771   002C32  22DA               	addwfc	fsr2h,f,c
 11772   002C34  0E00               	movlw	0
 11773   002C36  6EDF               	movwf	indf2,c
 11774   002C38                     
 11775                           ;mcc_generated_files/eusart1.c: 183:     if(RCSTA1bits.FERR){
 11776   002C38  A4AB               	btfss	171,2,c	;volatile
 11777   002C3A  EF21  F016         	goto	i2u415_41
 11778   002C3E  EF23  F016         	goto	i2u415_40
 11779   002C42                     i2u415_41:
 11780   002C42  EF37  F016         	goto	i2l5146
 11781   002C46                     i2u415_40:
 11782   002C46                     
 11783                           ;mcc_generated_files/eusart1.c: 184:         eusart1RxStatusBuffer[eusart1RxHead].ferr =
      +                           1;
 11784   002C46  0E14               	movlw	low _eusart1RxStatusBuffer
 11785   002C48  2447               	addwf	_eusart1RxHead^0,w,c	;volatile
 11786   002C4A  6ED9               	movwf	fsr2l,c
 11787   002C4C  6ADA               	clrf	fsr2h,c
 11788   002C4E  0E01               	movlw	high _eusart1RxStatusBuffer
 11789   002C50  22DA               	addwfc	fsr2h,f,c
 11790   002C52  0101               	movlb	1	; () banked
 11791   002C54  82DF               	bsf	indf2,1,c
 11792   002C56                     
 11793                           ; BSR set to: 1
 11794                           ;mcc_generated_files/eusart1.c: 185:         EUSART1_FramingErrorHandler();
 11795   002C56  D802               	call	i2u416_48
 11796   002C58  EF37  F016         	goto	i2u416_49
 11797   002C5C                     i2u416_48:
 11798   002C5C  0005               	push	
 11799   002C5E  6EFA               	movwf	pclath,c
 11800   002C60  51BC               	movf	_EUSART1_FramingErrorHandler& (0+255),w,b
 11801   002C62  6EFD               	movwf	tosl,c
 11802   002C64  51BD               	movf	(_EUSART1_FramingErrorHandler+1)& (0+255),w,b
 11803   002C66  6EFE               	movwf	tosh,c
 11804   002C68  6AFF               	clrf	tosu,c
 11805   002C6A  50FA               	movf	pclath,w,c
 11806   002C6C  0012               	return		;indir
 11807   002C6E                     i2u416_49:
 11808   002C6E                     i2l5146:
 11809                           
 11810                           ;mcc_generated_files/eusart1.c: 188:     if(RCSTA1bits.OERR){
 11811   002C6E  A2AB               	btfss	171,1,c	;volatile
 11812   002C70  EF3C  F016         	goto	i2u417_41
 11813   002C74  EF3E  F016         	goto	i2u417_40
 11814   002C78                     i2u417_41:
 11815   002C78  EF52  F016         	goto	i2l5152
 11816   002C7C                     i2u417_40:
 11817   002C7C                     
 11818                           ;mcc_generated_files/eusart1.c: 189:         eusart1RxStatusBuffer[eusart1RxHead].oerr =
      +                           1;
 11819   002C7C  0E14               	movlw	low _eusart1RxStatusBuffer
 11820   002C7E  2447               	addwf	_eusart1RxHead^0,w,c	;volatile
 11821   002C80  6ED9               	movwf	fsr2l,c
 11822   002C82  6ADA               	clrf	fsr2h,c
 11823   002C84  0E01               	movlw	high _eusart1RxStatusBuffer
 11824   002C86  22DA               	addwfc	fsr2h,f,c
 11825   002C88  0101               	movlb	1	; () banked
 11826   002C8A  84DF               	bsf	indf2,2,c
 11827   002C8C                     
 11828                           ; BSR set to: 1
 11829                           ;mcc_generated_files/eusart1.c: 190:         EUSART1_OverrunErrorHandler();
 11830   002C8C  D802               	call	i2u418_48
 11831   002C8E  EF52  F016         	goto	i2u418_49
 11832   002C92                     i2u418_48:
 11833   002C92  0005               	push	
 11834   002C94  6EFA               	movwf	pclath,c
 11835   002C96  51BA               	movf	_EUSART1_OverrunErrorHandler& (0+255),w,b
 11836   002C98  6EFD               	movwf	tosl,c
 11837   002C9A  51BB               	movf	(_EUSART1_OverrunErrorHandler+1)& (0+255),w,b
 11838   002C9C  6EFE               	movwf	tosh,c
 11839   002C9E  6AFF               	clrf	tosu,c
 11840   002CA0  50FA               	movf	pclath,w,c
 11841   002CA2  0012               	return		;indir
 11842   002CA4                     i2u418_49:
 11843   002CA4                     i2l5152:
 11844                           
 11845                           ;mcc_generated_files/eusart1.c: 193:     if(eusart1RxStatusBuffer[eusart1RxHead].status)
      +                          {
 11846   002CA4  0E14               	movlw	low _eusart1RxStatusBuffer
 11847   002CA6  2447               	addwf	_eusart1RxHead^0,w,c	;volatile
 11848   002CA8  6ED9               	movwf	fsr2l,c
 11849   002CAA  6ADA               	clrf	fsr2h,c
 11850   002CAC  0E01               	movlw	high _eusart1RxStatusBuffer
 11851   002CAE  22DA               	addwfc	fsr2h,f,c
 11852   002CB0  50DF               	movf	indf2,w,c
 11853   002CB2  B4D8               	btfsc	status,2,c
 11854   002CB4  EF5E  F016         	goto	i2u419_41
 11855   002CB8  EF60  F016         	goto	i2u419_40
 11856   002CBC                     i2u419_41:
 11857   002CBC  EF6F  F016         	goto	i2l5156
 11858   002CC0                     i2u419_40:
 11859   002CC0                     
 11860                           ;mcc_generated_files/eusart1.c: 194:         EUSART1_ErrorHandler();
 11861   002CC0  D802               	call	i2u420_48
 11862   002CC2  EF6D  F016         	goto	i2u420_49
 11863   002CC6                     i2u420_48:
 11864   002CC6  0005               	push	
 11865   002CC8  6EFA               	movwf	pclath,c
 11866   002CCA  0101               	movlb	1	; () banked
 11867   002CCC  51B8               	movf	_EUSART1_ErrorHandler& (0+255),w,b
 11868   002CCE  6EFD               	movwf	tosl,c
 11869   002CD0  51B9               	movf	(_EUSART1_ErrorHandler+1)& (0+255),w,b
 11870   002CD2  6EFE               	movwf	tosh,c
 11871   002CD4  6AFF               	clrf	tosu,c
 11872   002CD6  50FA               	movf	pclath,w,c
 11873   002CD8  0012               	return		;indir
 11874   002CDA                     i2u420_49:
 11875                           
 11876                           ;mcc_generated_files/eusart1.c: 195:     } else {
 11877   002CDA  EF71  F016         	goto	i2l149
 11878   002CDE                     i2l5156:
 11879                           
 11880                           ;mcc_generated_files/eusart1.c: 196:         EUSART1_RxDataHandler();
 11881   002CDE  EC71  F01F         	call	_EUSART1_RxDataHandler	;wreg free
 11882   002CE2                     i2l149:
 11883   002CE2  0012               	return		;funcret
 11884   002CE4                     __end_of_EUSART1_Receive_ISR:
 11885                           	callstack 0
 11886                           
 11887 ;; *************** function _my_RX_ISR *****************
 11888 ;; Defined at:
 11889 ;;		line 80 in file "main.c"
 11890 ;; Parameters:    Size  Location     Type
 11891 ;;		None
 11892 ;; Auto vars:     Size  Location     Type
 11893 ;;  frame_char      1   10[COMRAM] unsigned char 
 11894 ;; Return value:  Size  Location     Type
 11895 ;;                  1    wreg      void 
 11896 ;; Registers used:
 11897 ;;		wreg, fsr1l, fsr1h, fsr2l, fsr2h, status,2, status,0, tblptrl, tblptrh, tblptru, cstack
 11898 ;; Tracked objects:
 11899 ;;		On entry : 0/0
 11900 ;;		On exit  : 0/0
 11901 ;;		Unchanged: 0/0
 11902 ;; Data sizes:     COMRAM   BANK0   BANK1   BANK2   BANK3   BANK4   BANK5   BANK6   BANK7   BANK8   BANK9  BANK10  BANK1
      +1  BANK12  BANK13  BANK14  BANK15
 11903 ;;      Params:         0       0       0       0       0       0       0       0       0       0       0       0       
      +0       0       0       0       0
 11904 ;;      Locals:         1       0       0       0       0       0       0       0       0       0       0       0       
      +0       0       0       0       0
 11905 ;;      Temps:          2       0       0       0       0       0       0       0       0       0       0       0       
      +0       0       0       0       0
 11906 ;;      Totals:         3       0       0       0       0       0       0       0       0       0       0       0       
      +0       0       0       0       0
 11907 ;;Total ram usage:        3 bytes
 11908 ;; Hardware stack levels used: 1
 11909 ;; Hardware stack levels required when called: 2
 11910 ;; This function calls:
 11911 ;;		_EUSART1_Read
 11912 ;;		_TMR3_StartTimer
 11913 ;;		_fill_buffer
 11914 ;;		i2_clear_buffer
 11915 ;; This function is called by:
 11916 ;;		_main
 11917 ;;		_INTERRUPT_InterruptManager
 11918 ;; This function uses a non-reentrant model
 11919 ;;
 11920                           
 11921                           	psect	text94
 11922   0029D2                     __ptext94:
 11923                           	callstack 0
 11924   0029D2                     _my_RX_ISR:
 11925                           	callstack 15
 11926   0029D2  948C               	bcf	140,2,c	;volatile
 11927   0029D4                     
 11928                           ;main.c: 82:     TMR3_StartTimer();
 11929   0029D4  ECD3  F020         	call	_TMR3_StartTimer	;wreg free
 11930   0029D8                     
 11931                           ;main.c: 84:         char frame_char;;main.c: 86:         frame_char = EUSART1_Read();
 11932   0029D8  EC5C  F01F         	call	_EUSART1_Read	;wreg free
 11933   0029DC  6E0B               	movwf	my_RX_ISR@frame_char^0,c
 11934                           
 11935                           ;main.c: 88:         switch(frame_state){
 11936   0029DE  EF36  F015         	goto	i2l6870
 11937   0029E2                     i2l6840:
 11938                           
 11939                           ;main.c: 91:                 frame_index = 0;
 11940   0029E2  0E00               	movlw	0
 11941   0029E4  0101               	movlb	1	; () banked
 11942   0029E6  6F27               	movwf	(_frame_index+1)& (0+255),b
 11943   0029E8  0E00               	movlw	0
 11944   0029EA  6F26               	movwf	_frame_index& (0+255),b
 11945   0029EC                     
 11946                           ; BSR set to: 1
 11947                           ;main.c: 92:                 clear_buffer(frame_buffer);
 11948   0029EC  0E78               	movlw	low _frame_buffer
 11949   0029EE  6E05               	movwf	i2clear_buffer@buffer^0,c
 11950   0029F0  0E01               	movlw	high _frame_buffer
 11951   0029F2  6E06               	movwf	(i2clear_buffer@buffer+1)^0,c
 11952   0029F4  ECB2  F01D         	call	i2_clear_buffer	;wreg free
 11953   0029F8                     
 11954                           ;main.c: 93:                 frame_state = IDLE;
 11955   0029F8  0E01               	movlw	1
 11956   0029FA  6E44               	movwf	_frame_state^0,c
 11957   0029FC                     i2l6846:
 11958                           
 11959                           ;main.c: 97:                 if(frame_char == '$' ){
 11960   0029FC  0E24               	movlw	36
 11961   0029FE  180B               	xorwf	my_RX_ISR@frame_char^0,w,c
 11962   002A00  A4D8               	btfss	status,2,c
 11963   002A02  EF05  F015         	goto	i2u622_41
 11964   002A06  EF07  F015         	goto	i2u622_40
 11965   002A0A                     i2u622_41:
 11966   002A0A  EF4F  F015         	goto	i2l479
 11967   002A0E                     i2u622_40:
 11968   002A0E                     
 11969                           ;main.c: 98:                     fill_buffer(frame_char);
 11970   002A0E  500B               	movf	my_RX_ISR@frame_char^0,w,c
 11971   002A10  ECF6  F01F         	call	_fill_buffer
 11972   002A14                     
 11973                           ;main.c: 99:                     frame_state = PARSING;
 11974   002A14  0E02               	movlw	2
 11975   002A16  6E44               	movwf	_frame_state^0,c
 11976   002A18  EF4F  F015         	goto	i2l479
 11977   002A1C                     i2l6852:
 11978                           
 11979                           ;main.c: 105:                 if (frame_index >= 20) frame_state = SETUP;
 11980   002A1C  0101               	movlb	1	; () banked
 11981   002A1E  BF27               	btfsc	(_frame_index+1)& (0+255),7,b
 11982   002A20  EF1B  F015         	goto	i2u623_41
 11983   002A24  5127               	movf	(_frame_index+1)& (0+255),w,b
 11984   002A26  E109               	bnz	i2u623_40
 11985   002A28  0E14               	movlw	20
 11986   002A2A  5D26               	subwf	_frame_index& (0+255),w,b
 11987   002A2C  A0D8               	btfss	status,0,c
 11988   002A2E  EF1B  F015         	goto	i2u623_41
 11989   002A32  EF1D  F015         	goto	i2u623_40
 11990   002A36                     i2u623_41:
 11991   002A36  EF1F  F015         	goto	i2l6856
 11992   002A3A                     i2u623_40:
 11993   002A3A                     
 11994                           ; BSR set to: 1
 11995   002A3A  0E00               	movlw	0
 11996   002A3C  6E44               	movwf	_frame_state^0,c
 11997   002A3E                     i2l6856:
 11998                           
 11999                           ; BSR set to: 1
 12000                           ;main.c: 106:                 fill_buffer(frame_char);
 12001   002A3E  500B               	movf	my_RX_ISR@frame_char^0,w,c
 12002   002A40  ECF6  F01F         	call	_fill_buffer
 12003   002A44                     
 12004                           ;main.c: 107:                 if(frame_char == '*'){
 12005   002A44  0E2A               	movlw	42
 12006   002A46  180B               	xorwf	my_RX_ISR@frame_char^0,w,c
 12007   002A48  A4D8               	btfss	status,2,c
 12008   002A4A  EF29  F015         	goto	i2u624_41
 12009   002A4E  EF2B  F015         	goto	i2u624_40
 12010   002A52                     i2u624_41:
 12011   002A52  EF4F  F015         	goto	i2l479
 12012   002A56                     i2u624_40:
 12013   002A56                     
 12014                           ;main.c: 108:                     frame_ready_flag = 1;
 12015   002A56  0E01               	movlw	1
 12016   002A58  6E41               	movwf	_frame_ready_flag^0,c
 12017   002A5A                     
 12018                           ;main.c: 109:                     fill_buffer('\0');
 12019   002A5A  0E00               	movlw	0
 12020   002A5C  ECF6  F01F         	call	_fill_buffer
 12021   002A60                     
 12022                           ;main.c: 110:                     curr_state = ERROR_CHECK;
 12023   002A60  0E01               	movlw	1
 12024   002A62  6E42               	movwf	_curr_state^0,c
 12025   002A64                     
 12026                           ;main.c: 111:                     frame_state = SETUP;
 12027   002A64  0E00               	movlw	0
 12028   002A66  6E44               	movwf	_frame_state^0,c
 12029   002A68  EF4F  F015         	goto	i2l479
 12030   002A6C                     i2l6870:
 12031   002A6C  5044               	movf	_frame_state^0,w,c
 12032   002A6E  6E09               	movwf	??_my_RX_ISR^0,c
 12033   002A70  6A0A               	clrf	(??_my_RX_ISR+1)^0,c
 12034                           
 12035                           ; Switch on 2 bytes has been partitioned into a top level switch of size 1, and 1 sub-sw
      +                          itches
 12036                           ; Switch size 1, requested type "simple"
 12037                           ; Number of cases is 1, Range of values is 0 to 0
 12038                           ; switch strategies available:
 12039                           ; Name         Instructions Cycles
 12040                           ; simple_byte            4     3 (average)
 12041                           ;	Chosen strategy is simple_byte
 12042   002A72  500A               	movf	(??_my_RX_ISR+1)^0,w,c
 12043   002A74  0A00               	xorlw	0	; case 0
 12044   002A76  B4D8               	btfsc	status,2,c
 12045   002A78  EF40  F015         	goto	i2l7318
 12046   002A7C  EF4F  F015         	goto	i2l479
 12047   002A80                     i2l7318:
 12048                           
 12049                           ; Switch size 1, requested type "simple"
 12050                           ; Number of cases is 3, Range of values is 0 to 2
 12051                           ; switch strategies available:
 12052                           ; Name         Instructions Cycles
 12053                           ; simple_byte           10     6 (average)
 12054                           ;	Chosen strategy is simple_byte
 12055   002A80  5009               	movf	??_my_RX_ISR^0,w,c
 12056   002A82  0A00               	xorlw	0	; case 0
 12057   002A84  B4D8               	btfsc	status,2,c
 12058   002A86  EFF1  F014         	goto	i2l6840
 12059   002A8A  0A01               	xorlw	1	; case 1
 12060   002A8C  B4D8               	btfsc	status,2,c
 12061   002A8E  EFFE  F014         	goto	i2l6846
 12062   002A92  0A03               	xorlw	3	; case 2
 12063   002A94  B4D8               	btfsc	status,2,c
 12064   002A96  EF0E  F015         	goto	i2l6852
 12065   002A9A  EF4F  F015         	goto	i2l479
 12066   002A9E                     i2l479:
 12067   002A9E  0012               	return		;funcret
 12068   002AA0                     __end_of_my_RX_ISR:
 12069                           	callstack 0
 12070                           
 12071 ;; *************** function i2_clear_buffer *****************
 12072 ;; Defined at:
 12073 ;;		line 134 in file "main.c"
 12074 ;; Parameters:    Size  Location     Type
 12075 ;;  buffer          2    4[COMRAM] PTR unsigned char 
 12076 ;;		 -> fullAckFrame(20), FrameCheckSum(3), CRCresult(2), TrimmedFrame(20), 
 12077 ;;		 -> frame_buffer(20), 
 12078 ;; Auto vars:     Size  Location     Type
 12079 ;;  i               2    6[COMRAM] int 
 12080 ;; Return value:  Size  Location     Type
 12081 ;;                  1    wreg      void 
 12082 ;; Registers used:
 12083 ;;		wreg, fsr1l, fsr1h, fsr2l, fsr2h, status,2, status,0, tblptrl, tblptrh, tblptru, cstack
 12084 ;; Tracked objects:
 12085 ;;		On entry : 0/0
 12086 ;;		On exit  : 0/0
 12087 ;;		Unchanged: 0/0
 12088 ;; Data sizes:     COMRAM   BANK0   BANK1   BANK2   BANK3   BANK4   BANK5   BANK6   BANK7   BANK8   BANK9  BANK10  BANK1
      +1  BANK12  BANK13  BANK14  BANK15
 12089 ;;      Params:         2       0       0       0       0       0       0       0       0       0       0       0       
      +0       0       0       0       0
 12090 ;;      Locals:         2       0       0       0       0       0       0       0       0       0       0       0       
      +0       0       0       0       0
 12091 ;;      Temps:          0       0       0       0       0       0       0       0       0       0       0       0       
      +0       0       0       0       0
 12092 ;;      Totals:         4       0       0       0       0       0       0       0       0       0       0       0       
      +0       0       0       0       0
 12093 ;;Total ram usage:        4 bytes
 12094 ;; Hardware stack levels used: 1
 12095 ;; Hardware stack levels required when called: 1
 12096 ;; This function calls:
 12097 ;;		i2_strlen
 12098 ;; This function is called by:
 12099 ;;		_my_RX_ISR
 12100 ;; This function uses a non-reentrant model
 12101 ;;
 12102                           
 12103                           	psect	text95
 12104   003B64                     __ptext95:
 12105                           	callstack 0
 12106   003B64                     i2_clear_buffer:
 12107                           	callstack 15
 12108   003B64                     
 12109                           ;main.c: 135:     int i;;main.c: 136:     for(i=0;i<strlen(buffer);i++){
 12110   003B64  0E00               	movlw	0
 12111   003B66  6E08               	movwf	(i2clear_buffer@i+1)^0,c
 12112   003B68  0E00               	movlw	0
 12113   003B6A  6E07               	movwf	i2clear_buffer@i^0,c
 12114   003B6C  EFC2  F01D         	goto	i2l6822
 12115   003B70                     i2l6818:
 12116                           
 12117                           ;main.c: 137:         buffer[i] = '\0';
 12118   003B70  5007               	movf	i2clear_buffer@i^0,w,c
 12119   003B72  2405               	addwf	i2clear_buffer@buffer^0,w,c
 12120   003B74  6ED9               	movwf	fsr2l,c
 12121   003B76  5008               	movf	(i2clear_buffer@i+1)^0,w,c
 12122   003B78  2006               	addwfc	(i2clear_buffer@buffer+1)^0,w,c
 12123   003B7A  6EDA               	movwf	fsr2h,c
 12124   003B7C  0E00               	movlw	0
 12125   003B7E  6EDF               	movwf	indf2,c
 12126   003B80                     
 12127                           ;main.c: 138:     }
 12128   003B80  4A07               	infsnz	i2clear_buffer@i^0,f,c
 12129   003B82  2A08               	incf	(i2clear_buffer@i+1)^0,f,c
 12130   003B84                     i2l6822:
 12131   003B84  C005  F001         	movff	i2clear_buffer@buffer,i2strlen@s
 12132   003B88  C006  F002         	movff	i2clear_buffer@buffer+1,i2strlen@s+1
 12133   003B8C  EC90  F01C         	call	i2_strlen	;wreg free
 12134   003B90  5001               	movf	?i2_strlen^0,w,c
 12135   003B92  5C07               	subwf	i2clear_buffer@i^0,w,c
 12136   003B94  5002               	movf	(?i2_strlen+1)^0,w,c
 12137   003B96  5808               	subwfb	(i2clear_buffer@i+1)^0,w,c
 12138   003B98  A0D8               	btfss	status,0,c
 12139   003B9A  EFD1  F01D         	goto	i2u621_41
 12140   003B9E  EFD3  F01D         	goto	i2u621_40
 12141   003BA2                     i2u621_41:
 12142   003BA2  EFB8  F01D         	goto	i2l6818
 12143   003BA6                     i2u621_40:
 12144   003BA6  0012               	return		;funcret
 12145   003BA8                     __end_ofi2_clear_buffer:
 12146                           	callstack 0
 12147                           
 12148 ;; *************** function i2_strlen *****************
 12149 ;; Defined at:
 12150 ;;		line 5 in file "C:\Program Files\Microchip\xc8\v2.40\pic\sources\c99\common\strlen.c"
 12151 ;; Parameters:    Size  Location     Type
 12152 ;;  s               2    0[COMRAM] PTR const unsigned char 
 12153 ;;		 -> stoa@nuls(7), ?_sprintf(2), STR_14(20), STR_11(2), 
 12154 ;;		 -> fullAckFrame(20), Execute@data_ch4(10), Execute@data_ch3(10), Execute@data_ch2(10), 
 12155 ;;		 -> Execute@data_ch1(10), Execute@acknowledge_frame(30), FrameCheckSum(3), CRCresult(2), 
 12156 ;;		 -> TrimmedFrame(20), frame_buffer(20), 
 12157 ;; Auto vars:     Size  Location     Type
 12158 ;;  a               2    2[COMRAM] PTR const unsigned char 
 12159 ;;		 -> stoa@nuls(7), ?_sprintf(2), STR_14(20), STR_11(2), 
 12160 ;;		 -> fullAckFrame(20), Execute@data_ch4(10), Execute@data_ch3(10), Execute@data_ch2(10), 
 12161 ;;		 -> Execute@data_ch1(10), Execute@acknowledge_frame(30), FrameCheckSum(3), CRCresult(2), 
 12162 ;;		 -> TrimmedFrame(20), frame_buffer(20), 
 12163 ;; Return value:  Size  Location     Type
 12164 ;;                  2    0[COMRAM] unsigned int 
 12165 ;; Registers used:
 12166 ;;		wreg, fsr1l, fsr1h, status,2, status,0, tblptrl, tblptrh, tblptru
 12167 ;; Tracked objects:
 12168 ;;		On entry : 0/0
 12169 ;;		On exit  : 0/0
 12170 ;;		Unchanged: 0/0
 12171 ;; Data sizes:     COMRAM   BANK0   BANK1   BANK2   BANK3   BANK4   BANK5   BANK6   BANK7   BANK8   BANK9  BANK10  BANK1
      +1  BANK12  BANK13  BANK14  BANK15
 12172 ;;      Params:         2       0       0       0       0       0       0       0       0       0       0       0       
      +0       0       0       0       0
 12173 ;;      Locals:         2       0       0       0       0       0       0       0       0       0       0       0       
      +0       0       0       0       0
 12174 ;;      Temps:          0       0       0       0       0       0       0       0       0       0       0       0       
      +0       0       0       0       0
 12175 ;;      Totals:         4       0       0       0       0       0       0       0       0       0       0       0       
      +0       0       0       0       0
 12176 ;;Total ram usage:        4 bytes
 12177 ;; Hardware stack levels used: 1
 12178 ;; This function calls:
 12179 ;;		Nothing
 12180 ;; This function is called by:
 12181 ;;		i2_clear_buffer
 12182 ;; This function uses a non-reentrant model
 12183 ;;
 12184                           
 12185                           	psect	text96
 12186   003920                     __ptext96:
 12187                           	callstack 0
 12188   003920                     i2_strlen:
 12189                           	callstack 15
 12190   003920  C001  F003         	movff	i2strlen@s,i2strlen@a
 12191   003924  C002  F004         	movff	i2strlen@s+1,i2strlen@a+1
 12192   003928  EF98  F01C         	goto	i2l6644
 12193   00392C                     i2l6642:
 12194   00392C  4A01               	infsnz	i2strlen@s^0,f,c
 12195   00392E  2A02               	incf	(i2strlen@s+1)^0,f,c
 12196   003930                     i2l6644:
 12197   003930  C001  FFF6         	movff	i2strlen@s,tblptrl
 12198   003934  C002  FFF7         	movff	i2strlen@s+1,tblptrh
 12199   003938  0E00               	movlw	low (__smallconst shr (0+16))
 12200   00393A  6EF8               	movwf	tblptru,c
 12201   00393C  0E0F               	movlw	(high __ramtop+-1)
 12202   00393E  64F7               	cpfsgt	tblptrh,c
 12203   003940  D003               	bra	i2u612_47
 12204   003942  0008               	tblrd		*
 12205   003944  50F5               	movf	tablat,w,c
 12206   003946  D005               	bra	i2u612_40
 12207   003948                     i2u612_47:
 12208   003948  CFF6 FFE1          	movff	tblptrl,fsr1l
 12209   00394C  CFF7 FFE2          	movff	tblptrh,fsr1h
 12210   003950  50E7               	movf	indf1,w,c
 12211   003952                     i2u612_40:
 12212   003952  0900               	iorlw	0
 12213   003954  A4D8               	btfss	status,2,c
 12214   003956  EFAF  F01C         	goto	i2u613_41
 12215   00395A  EFB1  F01C         	goto	i2u613_40
 12216   00395E                     i2u613_41:
 12217   00395E  EF96  F01C         	goto	i2l6642
 12218   003962                     i2u613_40:
 12219   003962  5003               	movf	i2strlen@a^0,w,c
 12220   003964  5C01               	subwf	i2strlen@s^0,w,c
 12221   003966  6E01               	movwf	?i2_strlen^0,c
 12222   003968  5004               	movf	(i2strlen@a+1)^0,w,c
 12223   00396A  5802               	subwfb	(i2strlen@s+1)^0,w,c
 12224   00396C  6E02               	movwf	(?i2_strlen+1)^0,c
 12225   00396E  0012               	return		;funcret
 12226   003970                     __end_ofi2_strlen:
 12227                           	callstack 0
 12228                           
 12229 ;; *************** function _fill_buffer *****************
 12230 ;; Defined at:
 12231 ;;		line 142 in file "main.c"
 12232 ;; Parameters:    Size  Location     Type
 12233 ;;  received_cha    1    wreg     unsigned char 
 12234 ;; Auto vars:     Size  Location     Type
 12235 ;;  received_cha    1    0[COMRAM] unsigned char 
 12236 ;; Return value:  Size  Location     Type
 12237 ;;                  1    wreg      void 
 12238 ;; Registers used:
 12239 ;;		wreg, fsr2l, fsr2h, status,2, status,0
 12240 ;; Tracked objects:
 12241 ;;		On entry : 0/0
 12242 ;;		On exit  : 0/0
 12243 ;;		Unchanged: 0/0
 12244 ;; Data sizes:     COMRAM   BANK0   BANK1   BANK2   BANK3   BANK4   BANK5   BANK6   BANK7   BANK8   BANK9  BANK10  BANK1
      +1  BANK12  BANK13  BANK14  BANK15
 12245 ;;      Params:         0       0       0       0       0       0       0       0       0       0       0       0       
      +0       0       0       0       0
 12246 ;;      Locals:         1       0       0       0       0       0       0       0       0       0       0       0       
      +0       0       0       0       0
 12247 ;;      Temps:          0       0       0       0       0       0       0       0       0       0       0       0       
      +0       0       0       0       0
 12248 ;;      Totals:         1       0       0       0       0       0       0       0       0       0       0       0       
      +0       0       0       0       0
 12249 ;;Total ram usage:        1 bytes
 12250 ;; Hardware stack levels used: 1
 12251 ;; This function calls:
 12252 ;;		Nothing
 12253 ;; This function is called by:
 12254 ;;		_my_RX_ISR
 12255 ;; This function uses a non-reentrant model
 12256 ;;
 12257                           
 12258                           	psect	text97
 12259   003FEC                     __ptext97:
 12260                           	callstack 0
 12261   003FEC                     _fill_buffer:
 12262                           	callstack 16
 12263                           
 12264                           ;incstack = 0
 12265                           ;fill_buffer@received_char stored from wreg
 12266   003FEC  6E01               	movwf	fill_buffer@received_char^0,c
 12267   003FEE                     
 12268                           ;main.c: 143:         frame_buffer[frame_index++] = received_char;
 12269   003FEE  0E78               	movlw	low _frame_buffer
 12270   003FF0  0101               	movlb	1	; () banked
 12271   003FF2  2526               	addwf	_frame_index& (0+255),w,b
 12272   003FF4  6ED9               	movwf	fsr2l,c
 12273   003FF6  0E01               	movlw	high _frame_buffer
 12274   003FF8  2127               	addwfc	(_frame_index+1)& (0+255),w,b
 12275   003FFA  6EDA               	movwf	fsr2h,c
 12276   003FFC  C001  FFDF         	movff	fill_buffer@received_char,indf2
 12277   004000                     
 12278                           ; BSR set to: 1
 12279   004000  4B26               	infsnz	_frame_index& (0+255),f,b
 12280   004002  2B27               	incf	(_frame_index+1)& (0+255),f,b
 12281   004004                     
 12282                           ; BSR set to: 1
 12283   004004  0012               	return		;funcret
 12284   004006                     __end_of_fill_buffer:
 12285                           	callstack 0
 12286                           
 12287 ;; *************** function _TMR3_StartTimer *****************
 12288 ;; Defined at:
 12289 ;;		line 93 in file "mcc_generated_files/tmr3.c"
 12290 ;; Parameters:    Size  Location     Type
 12291 ;;		None
 12292 ;; Auto vars:     Size  Location     Type
 12293 ;;		None
 12294 ;; Return value:  Size  Location     Type
 12295 ;;                  1    wreg      void 
 12296 ;; Registers used:
 12297 ;;		None
 12298 ;; Tracked objects:
 12299 ;;		On entry : 0/0
 12300 ;;		On exit  : 0/0
 12301 ;;		Unchanged: 0/0
 12302 ;; Data sizes:     COMRAM   BANK0   BANK1   BANK2   BANK3   BANK4   BANK5   BANK6   BANK7   BANK8   BANK9  BANK10  BANK1
      +1  BANK12  BANK13  BANK14  BANK15
 12303 ;;      Params:         0       0       0       0       0       0       0       0       0       0       0       0       
      +0       0       0       0       0
 12304 ;;      Locals:         0       0       0       0       0       0       0       0       0       0       0       0       
      +0       0       0       0       0
 12305 ;;      Temps:          0       0       0       0       0       0       0       0       0       0       0       0       
      +0       0       0       0       0
 12306 ;;      Totals:         0       0       0       0       0       0       0       0       0       0       0       0       
      +0       0       0       0       0
 12307 ;;Total ram usage:        0 bytes
 12308 ;; Hardware stack levels used: 1
 12309 ;; This function calls:
 12310 ;;		Nothing
 12311 ;; This function is called by:
 12312 ;;		_my_RX_ISR
 12313 ;; This function uses a non-reentrant model
 12314 ;;
 12315                           
 12316                           	psect	text98
 12317   0041A6                     __ptext98:
 12318                           	callstack 0
 12319   0041A6                     _TMR3_StartTimer:
 12320                           	callstack 16
 12321   0041A6                     
 12322                           ;mcc_generated_files/tmr3.c: 96:     T3CONbits.TMR3ON = 1;
 12323   0041A6  80B1               	bsf	177,0,c	;volatile
 12324   0041A8  0012               	return		;funcret
 12325   0041AA                     __end_of_TMR3_StartTimer:
 12326                           	callstack 0
 12327                           
 12328 ;; *************** function _EUSART1_Read *****************
 12329 ;; Defined at:
 12330 ;;		line 138 in file "mcc_generated_files/eusart1.c"
 12331 ;; Parameters:    Size  Location     Type
 12332 ;;		None
 12333 ;; Auto vars:     Size  Location     Type
 12334 ;;		None
 12335 ;; Return value:  Size  Location     Type
 12336 ;;                  1    wreg      unsigned char 
 12337 ;; Registers used:
 12338 ;;		wreg, status,2
 12339 ;; Tracked objects:
 12340 ;;		On entry : 0/0
 12341 ;;		On exit  : 0/0
 12342 ;;		Unchanged: 0/0
 12343 ;; Data sizes:     COMRAM   BANK0   BANK1   BANK2   BANK3   BANK4   BANK5   BANK6   BANK7   BANK8   BANK9  BANK10  BANK1
      +1  BANK12  BANK13  BANK14  BANK15
 12344 ;;      Params:         0       0       0       0       0       0       0       0       0       0       0       0       
      +0       0       0       0       0
 12345 ;;      Locals:         0       0       0       0       0       0       0       0       0       0       0       0       
      +0       0       0       0       0
 12346 ;;      Temps:          0       0       0       0       0       0       0       0       0       0       0       0       
      +0       0       0       0       0
 12347 ;;      Totals:         0       0       0       0       0       0       0       0       0       0       0       0       
      +0       0       0       0       0
 12348 ;;Total ram usage:        0 bytes
 12349 ;; Hardware stack levels used: 1
 12350 ;; This function calls:
 12351 ;;		Nothing
 12352 ;; This function is called by:
 12353 ;;		_my_RX_ISR
 12354 ;;		_getch
 12355 ;; This function uses a non-reentrant model
 12356 ;;
 12357                           
 12358                           	psect	text99
 12359   003EB8                     __ptext99:
 12360                           	callstack 0
 12361   003EB8                     _EUSART1_Read:
 12362                           	callstack 16
 12363   003EB8                     i2l126:
 12364                           
 12365                           ;mcc_generated_files/eusart1.c: 140:     while(!PIR1bits.RC1IF)
 12366   003EB8  AA9E               	btfss	158,5,c	;volatile
 12367   003EBA  EF61  F01F         	goto	i2u389_41
 12368   003EBE  EF63  F01F         	goto	i2u389_40
 12369   003EC2                     i2u389_41:
 12370   003EC2  EF5C  F01F         	goto	i2l126
 12371   003EC6                     i2u389_40:
 12372   003EC6                     
 12373                           ;mcc_generated_files/eusart1.c: 144:     eusart1RxLastError.status = 0;
 12374   003EC6  0E00               	movlw	0
 12375   003EC8  0100               	movlb	0	; () banked
 12376   003ECA  6FCD               	movwf	_eusart1RxLastError& (0+255),b	;volatile
 12377   003ECC                     
 12378                           ; BSR set to: 0
 12379                           ;mcc_generated_files/eusart1.c: 146:     if(1 == RCSTA1bits.OERR)
 12380   003ECC  A2AB               	btfss	171,1,c	;volatile
 12381   003ECE  EF6B  F01F         	goto	i2u390_41
 12382   003ED2  EF6D  F01F         	goto	i2u390_40
 12383   003ED6                     i2u390_41:
 12384   003ED6  EF6F  F01F         	goto	i2l4862
 12385   003EDA                     i2u390_40:
 12386   003EDA                     
 12387                           ; BSR set to: 0
 12388                           ;mcc_generated_files/eusart1.c: 147:     {;mcc_generated_files/eusart1.c: 150:         R
      +                          CSTA1bits.CREN = 0;
 12389   003EDA  98AB               	bcf	171,4,c	;volatile
 12390                           
 12391                           ;mcc_generated_files/eusart1.c: 151:         RCSTA1bits.CREN = 1;
 12392   003EDC  88AB               	bsf	171,4,c	;volatile
 12393   003EDE                     i2l4862:
 12394                           
 12395                           ; BSR set to: 0
 12396                           ;mcc_generated_files/eusart1.c: 154:     return RCREG1;
 12397   003EDE  50AE               	movf	174,w,c	;volatile
 12398   003EE0                     
 12399                           ; BSR set to: 0
 12400   003EE0  0012               	return		;funcret
 12401   003EE2                     __end_of_EUSART1_Read:
 12402                           	callstack 0
 12403                           
 12404 ;; *************** function _TMR3_ISR *****************
 12405 ;; Defined at:
 12406 ;;		line 158 in file "mcc_generated_files/tmr3.c"
 12407 ;; Parameters:    Size  Location     Type
 12408 ;;		None
 12409 ;; Auto vars:     Size  Location     Type
 12410 ;;		None
 12411 ;; Return value:  Size  Location     Type
 12412 ;;                  1    wreg      void 
 12413 ;; Registers used:
 12414 ;;		wreg, status,2, status,0, pcl, pclath, pclatu, tosl, cstack
 12415 ;; Tracked objects:
 12416 ;;		On entry : 0/0
 12417 ;;		On exit  : 0/0
 12418 ;;		Unchanged: 0/0
 12419 ;; Data sizes:     COMRAM   BANK0   BANK1   BANK2   BANK3   BANK4   BANK5   BANK6   BANK7   BANK8   BANK9  BANK10  BANK1
      +1  BANK12  BANK13  BANK14  BANK15
 12420 ;;      Params:         0       0       0       0       0       0       0       0       0       0       0       0       
      +0       0       0       0       0
 12421 ;;      Locals:         0       0       0       0       0       0       0       0       0       0       0       0       
      +0       0       0       0       0
 12422 ;;      Temps:          0       0       0       0       0       0       0       0       0       0       0       0       
      +0       0       0       0       0
 12423 ;;      Totals:         0       0       0       0       0       0       0       0       0       0       0       0       
      +0       0       0       0       0
 12424 ;;Total ram usage:        0 bytes
 12425 ;; Hardware stack levels used: 1
 12426 ;; Hardware stack levels required when called: 3
 12427 ;; This function calls:
 12428 ;;		Absolute function
 12429 ;;		_TMR3_DefaultInterruptHandler
 12430 ;;		_TMR3_WriteTimer
 12431 ;;		_Timer3IntHandler
 12432 ;; This function is called by:
 12433 ;;		_INTERRUPT_InterruptManager
 12434 ;; This function uses a non-reentrant model
 12435 ;;
 12436                           
 12437                           	psect	text100
 12438   003C2A                     __ptext100:
 12439                           	callstack 0
 12440   003C2A                     _TMR3_ISR:
 12441                           	callstack 14
 12442   003C2A                     
 12443                           ;mcc_generated_files/tmr3.c: 162:     PIR2bits.TMR3IF = 0;
 12444   003C2A  92A1               	bcf	161,1,c	;volatile
 12445   003C2C                     
 12446                           ;mcc_generated_files/tmr3.c: 163:     TMR3_WriteTimer(timer3ReloadVal);
 12447   003C2C  C1B0  F001         	movff	_timer3ReloadVal,TMR3_WriteTimer@timerVal	;volatile
 12448   003C30  C1B1  F002         	movff	_timer3ReloadVal+1,TMR3_WriteTimer@timerVal+1	;volatile
 12449   003C34  EC9A  F01F         	call	_TMR3_WriteTimer	;wreg free
 12450   003C38                     
 12451                           ;mcc_generated_files/tmr3.c: 165:     if(TMR3_InterruptHandler)
 12452   003C38  0101               	movlb	1	; () banked
 12453   003C3A  51AE               	movf	_TMR3_InterruptHandler& (0+255),w,b
 12454   003C3C  11AF               	iorwf	(_TMR3_InterruptHandler+1)& (0+255),w,b
 12455   003C3E  B4D8               	btfsc	status,2,c
 12456   003C40  EF24  F01E         	goto	i2u411_41
 12457   003C44  EF26  F01E         	goto	i2u411_40
 12458   003C48                     i2u411_41:
 12459   003C48  EF32  F01E         	goto	i2l937
 12460   003C4C                     i2u411_40:
 12461   003C4C                     
 12462                           ; BSR set to: 1
 12463                           ;mcc_generated_files/tmr3.c: 166:     {;mcc_generated_files/tmr3.c: 167:         TMR3_In
      +                          terruptHandler();
 12464   003C4C  D802               	call	i2u412_48
 12465   003C4E  EF32  F01E         	goto	i2u412_49
 12466   003C52                     i2u412_48:
 12467   003C52  0005               	push	
 12468   003C54  6EFA               	movwf	pclath,c
 12469   003C56  51AE               	movf	_TMR3_InterruptHandler& (0+255),w,b
 12470   003C58  6EFD               	movwf	tosl,c
 12471   003C5A  51AF               	movf	(_TMR3_InterruptHandler+1)& (0+255),w,b
 12472   003C5C  6EFE               	movwf	tosh,c
 12473   003C5E  6AFF               	clrf	tosu,c
 12474   003C60  50FA               	movf	pclath,w,c
 12475   003C62  0012               	return		;indir
 12476   003C64                     i2u412_49:
 12477   003C64                     i2l937:
 12478   003C64  0012               	return		;funcret
 12479   003C66                     __end_of_TMR3_ISR:
 12480                           	callstack 0
 12481                           
 12482 ;; *************** function _TMR3_DefaultInterruptHandler *****************
 12483 ;; Defined at:
 12484 ;;		line 176 in file "mcc_generated_files/tmr3.c"
 12485 ;; Parameters:    Size  Location     Type
 12486 ;;		None
 12487 ;; Auto vars:     Size  Location     Type
 12488 ;;		None
 12489 ;; Return value:  Size  Location     Type
 12490 ;;                  1    wreg      void 
 12491 ;; Registers used:
 12492 ;;		None
 12493 ;; Tracked objects:
 12494 ;;		On entry : 0/0
 12495 ;;		On exit  : 0/0
 12496 ;;		Unchanged: 0/0
 12497 ;; Data sizes:     COMRAM   BANK0   BANK1   BANK2   BANK3   BANK4   BANK5   BANK6   BANK7   BANK8   BANK9  BANK10  BANK1
      +1  BANK12  BANK13  BANK14  BANK15
 12498 ;;      Params:         0       0       0       0       0       0       0       0       0       0       0       0       
      +0       0       0       0       0
 12499 ;;      Locals:         0       0       0       0       0       0       0       0       0       0       0       0       
      +0       0       0       0       0
 12500 ;;      Temps:          0       0       0       0       0       0       0       0       0       0       0       0       
      +0       0       0       0       0
 12501 ;;      Totals:         0       0       0       0       0       0       0       0       0       0       0       0       
      +0       0       0       0       0
 12502 ;;Total ram usage:        0 bytes
 12503 ;; Hardware stack levels used: 1
 12504 ;; This function calls:
 12505 ;;		Nothing
 12506 ;; This function is called by:
 12507 ;;		_TMR3_Initialize
 12508 ;;		_TMR3_ISR
 12509 ;; This function uses a non-reentrant model
 12510 ;;
 12511                           
 12512                           	psect	text101
 12513   0041B2                     __ptext101:
 12514                           	callstack 0
 12515   0041B2                     _TMR3_DefaultInterruptHandler:
 12516                           	callstack 16
 12517   0041B2  0012               	return		;funcret
 12518   0041B4                     __end_of_TMR3_DefaultInterruptHandler:
 12519                           	callstack 0
 12520                           
 12521 ;; *************** function _Timer3IntHandler *****************
 12522 ;; Defined at:
 12523 ;;		line 127 in file "main.c"
 12524 ;; Parameters:    Size  Location     Type
 12525 ;;		None
 12526 ;; Auto vars:     Size  Location     Type
 12527 ;;		None
 12528 ;; Return value:  Size  Location     Type
 12529 ;;                  1    wreg      void 
 12530 ;; Registers used:
 12531 ;;		wreg, status,2, cstack
 12532 ;; Tracked objects:
 12533 ;;		On entry : 0/0
 12534 ;;		On exit  : 0/0
 12535 ;;		Unchanged: 0/0
 12536 ;; Data sizes:     COMRAM   BANK0   BANK1   BANK2   BANK3   BANK4   BANK5   BANK6   BANK7   BANK8   BANK9  BANK10  BANK1
      +1  BANK12  BANK13  BANK14  BANK15
 12537 ;;      Params:         0       0       0       0       0       0       0       0       0       0       0       0       
      +0       0       0       0       0
 12538 ;;      Locals:         0       0       0       0       0       0       0       0       0       0       0       0       
      +0       0       0       0       0
 12539 ;;      Temps:          0       0       0       0       0       0       0       0       0       0       0       0       
      +0       0       0       0       0
 12540 ;;      Totals:         0       0       0       0       0       0       0       0       0       0       0       0       
      +0       0       0       0       0
 12541 ;;Total ram usage:        0 bytes
 12542 ;; Hardware stack levels used: 1
 12543 ;; Hardware stack levels required when called: 2
 12544 ;; This function calls:
 12545 ;;		_TMR3_Reload
 12546 ;;		_TMR3_StopTimer
 12547 ;; This function is called by:
 12548 ;;		_main
 12549 ;;		_TMR3_ISR
 12550 ;; This function uses a non-reentrant model
 12551 ;;
 12552                           
 12553                           	psect	text102
 12554   0040E6                     __ptext102:
 12555                           	callstack 0
 12556   0040E6                     _Timer3IntHandler:
 12557                           	callstack 14
 12558   0040E6  848C               	bsf	140,2,c	;volatile
 12559   0040E8                     
 12560                           ;main.c: 129:     TMR3_StopTimer();
 12561   0040E8  ECD5  F020         	call	_TMR3_StopTimer	;wreg free
 12562   0040EC                     
 12563                           ;main.c: 130:     TMR3_Reload();
 12564   0040EC  EC5F  F020         	call	_TMR3_Reload	;wreg free
 12565   0040F0  0012               	return		;funcret
 12566   0040F2                     __end_of_Timer3IntHandler:
 12567                           	callstack 0
 12568                           
 12569 ;; *************** function _TMR3_StopTimer *****************
 12570 ;; Defined at:
 12571 ;;		line 99 in file "mcc_generated_files/tmr3.c"
 12572 ;; Parameters:    Size  Location     Type
 12573 ;;		None
 12574 ;; Auto vars:     Size  Location     Type
 12575 ;;		None
 12576 ;; Return value:  Size  Location     Type
 12577 ;;                  1    wreg      void 
 12578 ;; Registers used:
 12579 ;;		None
 12580 ;; Tracked objects:
 12581 ;;		On entry : 0/0
 12582 ;;		On exit  : 0/0
 12583 ;;		Unchanged: 0/0
 12584 ;; Data sizes:     COMRAM   BANK0   BANK1   BANK2   BANK3   BANK4   BANK5   BANK6   BANK7   BANK8   BANK9  BANK10  BANK1
      +1  BANK12  BANK13  BANK14  BANK15
 12585 ;;      Params:         0       0       0       0       0       0       0       0       0       0       0       0       
      +0       0       0       0       0
 12586 ;;      Locals:         0       0       0       0       0       0       0       0       0       0       0       0       
      +0       0       0       0       0
 12587 ;;      Temps:          0       0       0       0       0       0       0       0       0       0       0       0       
      +0       0       0       0       0
 12588 ;;      Totals:         0       0       0       0       0       0       0       0       0       0       0       0       
      +0       0       0       0       0
 12589 ;;Total ram usage:        0 bytes
 12590 ;; Hardware stack levels used: 1
 12591 ;; This function calls:
 12592 ;;		Nothing
 12593 ;; This function is called by:
 12594 ;;		_Timer3IntHandler
 12595 ;; This function uses a non-reentrant model
 12596 ;;
 12597                           
 12598                           	psect	text103
 12599   0041AA                     __ptext103:
 12600                           	callstack 0
 12601   0041AA                     _TMR3_StopTimer:
 12602                           	callstack 15
 12603   0041AA                     
 12604                           ;mcc_generated_files/tmr3.c: 102:     T3CONbits.TMR3ON = 0;
 12605   0041AA  90B1               	bcf	177,0,c	;volatile
 12606   0041AC  0012               	return		;funcret
 12607   0041AE                     __end_of_TMR3_StopTimer:
 12608                           	callstack 0
 12609                           
 12610 ;; *************** function _TMR3_Reload *****************
 12611 ;; Defined at:
 12612 ;;		line 143 in file "mcc_generated_files/tmr3.c"
 12613 ;; Parameters:    Size  Location     Type
 12614 ;;		None
 12615 ;; Auto vars:     Size  Location     Type
 12616 ;;		None
 12617 ;; Return value:  Size  Location     Type
 12618 ;;                  1    wreg      void 
 12619 ;; Registers used:
 12620 ;;		wreg, status,2, cstack
 12621 ;; Tracked objects:
 12622 ;;		On entry : 0/0
 12623 ;;		On exit  : 0/0
 12624 ;;		Unchanged: 0/0
 12625 ;; Data sizes:     COMRAM   BANK0   BANK1   BANK2   BANK3   BANK4   BANK5   BANK6   BANK7   BANK8   BANK9  BANK10  BANK1
      +1  BANK12  BANK13  BANK14  BANK15
 12626 ;;      Params:         0       0       0       0       0       0       0       0       0       0       0       0       
      +0       0       0       0       0
 12627 ;;      Locals:         0       0       0       0       0       0       0       0       0       0       0       0       
      +0       0       0       0       0
 12628 ;;      Temps:          0       0       0       0       0       0       0       0       0       0       0       0       
      +0       0       0       0       0
 12629 ;;      Totals:         0       0       0       0       0       0       0       0       0       0       0       0       
      +0       0       0       0       0
 12630 ;;Total ram usage:        0 bytes
 12631 ;; Hardware stack levels used: 1
 12632 ;; Hardware stack levels required when called: 1
 12633 ;; This function calls:
 12634 ;;		_TMR3_WriteTimer
 12635 ;; This function is called by:
 12636 ;;		_Timer3IntHandler
 12637 ;; This function uses a non-reentrant model
 12638 ;;
 12639                           
 12640                           	psect	text104
 12641   0040BE                     __ptext104:
 12642                           	callstack 0
 12643   0040BE                     _TMR3_Reload:
 12644                           	callstack 14
 12645   0040BE                     
 12646                           ;mcc_generated_files/tmr3.c: 145:     TMR3_WriteTimer(timer3ReloadVal);
 12647   0040BE  C1B0  F001         	movff	_timer3ReloadVal,TMR3_WriteTimer@timerVal	;volatile
 12648   0040C2  C1B1  F002         	movff	_timer3ReloadVal+1,TMR3_WriteTimer@timerVal+1	;volatile
 12649   0040C6  EC9A  F01F         	call	_TMR3_WriteTimer	;wreg free
 12650   0040CA  0012               	return		;funcret
 12651   0040CC                     __end_of_TMR3_Reload:
 12652                           	callstack 0
 12653                           
 12654 ;; *************** function _TMR3_WriteTimer *****************
 12655 ;; Defined at:
 12656 ;;		line 121 in file "mcc_generated_files/tmr3.c"
 12657 ;; Parameters:    Size  Location     Type
 12658 ;;  timerVal        2    0[COMRAM] unsigned short 
 12659 ;; Auto vars:     Size  Location     Type
 12660 ;;		None
 12661 ;; Return value:  Size  Location     Type
 12662 ;;                  1    wreg      void 
 12663 ;; Registers used:
 12664 ;;		wreg, status,2
 12665 ;; Tracked objects:
 12666 ;;		On entry : 0/0
 12667 ;;		On exit  : 0/0
 12668 ;;		Unchanged: 0/0
 12669 ;; Data sizes:     COMRAM   BANK0   BANK1   BANK2   BANK3   BANK4   BANK5   BANK6   BANK7   BANK8   BANK9  BANK10  BANK1
      +1  BANK12  BANK13  BANK14  BANK15
 12670 ;;      Params:         2       0       0       0       0       0       0       0       0       0       0       0       
      +0       0       0       0       0
 12671 ;;      Locals:         0       0       0       0       0       0       0       0       0       0       0       0       
      +0       0       0       0       0
 12672 ;;      Temps:          0       0       0       0       0       0       0       0       0       0       0       0       
      +0       0       0       0       0
 12673 ;;      Totals:         2       0       0       0       0       0       0       0       0       0       0       0       
      +0       0       0       0       0
 12674 ;;Total ram usage:        2 bytes
 12675 ;; Hardware stack levels used: 1
 12676 ;; This function calls:
 12677 ;;		Nothing
 12678 ;; This function is called by:
 12679 ;;		_TMR3_Reload
 12680 ;;		_TMR3_ISR
 12681 ;; This function uses a non-reentrant model
 12682 ;;
 12683                           
 12684                           	psect	text105
 12685   003F34                     __ptext105:
 12686                           	callstack 0
 12687   003F34                     _TMR3_WriteTimer:
 12688                           	callstack 14
 12689   003F34                     
 12690                           ;mcc_generated_files/tmr3.c: 121: void TMR3_WriteTimer(uint16_t timerVal);mcc_generated_
      +                          files/tmr3.c: 122: {;mcc_generated_files/tmr3.c: 123:     if (T3CONbits.nT3SYNC == 1)
 12691   003F34  A4B1               	btfss	177,2,c	;volatile
 12692   003F36  EF9F  F01F         	goto	i2u341_41
 12693   003F3A  EFA1  F01F         	goto	i2u341_40
 12694   003F3E                     i2u341_41:
 12695   003F3E  EFA9  F01F         	goto	i2l4530
 12696   003F42                     i2u341_40:
 12697   003F42                     
 12698                           ;mcc_generated_files/tmr3.c: 124:     {;mcc_generated_files/tmr3.c: 126:         T3CONbi
      +                          ts.TMR3ON = 0;
 12699   003F42  90B1               	bcf	177,0,c	;volatile
 12700   003F44                     
 12701                           ;mcc_generated_files/tmr3.c: 129:         TMR3H = (uint8_t)(timerVal >> 8);
 12702   003F44  5002               	movf	(TMR3_WriteTimer@timerVal+1)^0,w,c
 12703   003F46  6EB3               	movwf	179,c	;volatile
 12704   003F48                     
 12705                           ;mcc_generated_files/tmr3.c: 130:         TMR3L = (uint8_t)timerVal;
 12706   003F48  C001  FFB2         	movff	TMR3_WriteTimer@timerVal,4018	;volatile
 12707   003F4C                     
 12708                           ;mcc_generated_files/tmr3.c: 133:         T3CONbits.TMR3ON =1;
 12709   003F4C  80B1               	bsf	177,0,c	;volatile
 12710                           
 12711                           ;mcc_generated_files/tmr3.c: 134:     }
 12712   003F4E  EFAD  F01F         	goto	i2l924
 12713   003F52                     i2l4530:
 12714                           
 12715                           ;mcc_generated_files/tmr3.c: 136:     {;mcc_generated_files/tmr3.c: 138:         TMR3H =
      +                           (uint8_t)(timerVal >> 8);
 12716   003F52  5002               	movf	(TMR3_WriteTimer@timerVal+1)^0,w,c
 12717   003F54  6EB3               	movwf	179,c	;volatile
 12718   003F56                     
 12719                           ;mcc_generated_files/tmr3.c: 139:         TMR3L = (uint8_t)timerVal;
 12720   003F56  C001  FFB2         	movff	TMR3_WriteTimer@timerVal,4018	;volatile
 12721   003F5A                     i2l924:
 12722   003F5A  0012               	return		;funcret
 12723   003F5C                     __end_of_TMR3_WriteTimer:
 12724                           	callstack 0
 12725                           
 12726 ;; *************** function _TMR1_ISR *****************
 12727 ;; Defined at:
 12728 ;;		line 158 in file "mcc_generated_files/tmr1.c"
 12729 ;; Parameters:    Size  Location     Type
 12730 ;;		None
 12731 ;; Auto vars:     Size  Location     Type
 12732 ;;		None
 12733 ;; Return value:  Size  Location     Type
 12734 ;;                  1    wreg      void 
 12735 ;; Registers used:
 12736 ;;		wreg, status,2, status,0, pcl, pclath, pclatu, tosl, cstack
 12737 ;; Tracked objects:
 12738 ;;		On entry : 0/0
 12739 ;;		On exit  : 0/0
 12740 ;;		Unchanged: 0/0
 12741 ;; Data sizes:     COMRAM   BANK0   BANK1   BANK2   BANK3   BANK4   BANK5   BANK6   BANK7   BANK8   BANK9  BANK10  BANK1
      +1  BANK12  BANK13  BANK14  BANK15
 12742 ;;      Params:         0       0       0       0       0       0       0       0       0       0       0       0       
      +0       0       0       0       0
 12743 ;;      Locals:         0       0       0       0       0       0       0       0       0       0       0       0       
      +0       0       0       0       0
 12744 ;;      Temps:          0       0       0       0       0       0       0       0       0       0       0       0       
      +0       0       0       0       0
 12745 ;;      Totals:         0       0       0       0       0       0       0       0       0       0       0       0       
      +0       0       0       0       0
 12746 ;;Total ram usage:        0 bytes
 12747 ;; Hardware stack levels used: 1
 12748 ;; Hardware stack levels required when called: 3
 12749 ;; This function calls:
 12750 ;;		Absolute function
 12751 ;;		_TMR1_DefaultInterruptHandler
 12752 ;;		_TMR1_WriteTimer
 12753 ;;		_Timer1IntHandler
 12754 ;; This function is called by:
 12755 ;;		_INTERRUPT_InterruptManager
 12756 ;; This function uses a non-reentrant model
 12757 ;;
 12758                           
 12759                           	psect	text106
 12760   003C66                     __ptext106:
 12761                           	callstack 0
 12762   003C66                     _TMR1_ISR:
 12763                           	callstack 14
 12764   003C66                     
 12765                           ;mcc_generated_files/tmr1.c: 162:     PIR1bits.TMR1IF = 0;
 12766   003C66  909E               	bcf	158,0,c	;volatile
 12767   003C68                     
 12768                           ;mcc_generated_files/tmr1.c: 163:     TMR1_WriteTimer(timer1ReloadVal);
 12769   003C68  C1B4  F001         	movff	_timer1ReloadVal,TMR1_WriteTimer@timerVal	;volatile
 12770   003C6C  C1B5  F002         	movff	_timer1ReloadVal+1,TMR1_WriteTimer@timerVal+1	;volatile
 12771   003C70  ECAE  F01F         	call	_TMR1_WriteTimer	;wreg free
 12772   003C74                     
 12773                           ;mcc_generated_files/tmr1.c: 165:     if(TMR1_InterruptHandler)
 12774   003C74  0101               	movlb	1	; () banked
 12775   003C76  51B2               	movf	_TMR1_InterruptHandler& (0+255),w,b
 12776   003C78  11B3               	iorwf	(_TMR1_InterruptHandler+1)& (0+255),w,b
 12777   003C7A  B4D8               	btfsc	status,2,c
 12778   003C7C  EF42  F01E         	goto	i2u413_41
 12779   003C80  EF44  F01E         	goto	i2u413_40
 12780   003C84                     i2u413_41:
 12781   003C84  EF50  F01E         	goto	i2l875
 12782   003C88                     i2u413_40:
 12783   003C88                     
 12784                           ; BSR set to: 1
 12785                           ;mcc_generated_files/tmr1.c: 166:     {;mcc_generated_files/tmr1.c: 167:         TMR1_In
      +                          terruptHandler();
 12786   003C88  D802               	call	i2u414_48
 12787   003C8A  EF50  F01E         	goto	i2u414_49
 12788   003C8E                     i2u414_48:
 12789   003C8E  0005               	push	
 12790   003C90  6EFA               	movwf	pclath,c
 12791   003C92  51B2               	movf	_TMR1_InterruptHandler& (0+255),w,b
 12792   003C94  6EFD               	movwf	tosl,c
 12793   003C96  51B3               	movf	(_TMR1_InterruptHandler+1)& (0+255),w,b
 12794   003C98  6EFE               	movwf	tosh,c
 12795   003C9A  6AFF               	clrf	tosu,c
 12796   003C9C  50FA               	movf	pclath,w,c
 12797   003C9E  0012               	return		;indir
 12798   003CA0                     i2u414_49:
 12799   003CA0                     i2l875:
 12800   003CA0  0012               	return		;funcret
 12801   003CA2                     __end_of_TMR1_ISR:
 12802                           	callstack 0
 12803                           
 12804 ;; *************** function _TMR1_DefaultInterruptHandler *****************
 12805 ;; Defined at:
 12806 ;;		line 176 in file "mcc_generated_files/tmr1.c"
 12807 ;; Parameters:    Size  Location     Type
 12808 ;;		None
 12809 ;; Auto vars:     Size  Location     Type
 12810 ;;		None
 12811 ;; Return value:  Size  Location     Type
 12812 ;;                  1    wreg      void 
 12813 ;; Registers used:
 12814 ;;		None
 12815 ;; Tracked objects:
 12816 ;;		On entry : 0/0
 12817 ;;		On exit  : 0/0
 12818 ;;		Unchanged: 0/0
 12819 ;; Data sizes:     COMRAM   BANK0   BANK1   BANK2   BANK3   BANK4   BANK5   BANK6   BANK7   BANK8   BANK9  BANK10  BANK1
      +1  BANK12  BANK13  BANK14  BANK15
 12820 ;;      Params:         0       0       0       0       0       0       0       0       0       0       0       0       
      +0       0       0       0       0
 12821 ;;      Locals:         0       0       0       0       0       0       0       0       0       0       0       0       
      +0       0       0       0       0
 12822 ;;      Temps:          0       0       0       0       0       0       0       0       0       0       0       0       
      +0       0       0       0       0
 12823 ;;      Totals:         0       0       0       0       0       0       0       0       0       0       0       0       
      +0       0       0       0       0
 12824 ;;Total ram usage:        0 bytes
 12825 ;; Hardware stack levels used: 1
 12826 ;; This function calls:
 12827 ;;		Nothing
 12828 ;; This function is called by:
 12829 ;;		_TMR1_Initialize
 12830 ;;		_TMR1_ISR
 12831 ;; This function uses a non-reentrant model
 12832 ;;
 12833                           
 12834                           	psect	text107
 12835   0041B4                     __ptext107:
 12836                           	callstack 0
 12837   0041B4                     _TMR1_DefaultInterruptHandler:
 12838                           	callstack 16
 12839   0041B4  0012               	return		;funcret
 12840   0041B6                     __end_of_TMR1_DefaultInterruptHandler:
 12841                           	callstack 0
 12842                           
 12843 ;; *************** function _Timer1IntHandler *****************
 12844 ;; Defined at:
 12845 ;;		line 121 in file "main.c"
 12846 ;; Parameters:    Size  Location     Type
 12847 ;;		None
 12848 ;; Auto vars:     Size  Location     Type
 12849 ;;		None
 12850 ;; Return value:  Size  Location     Type
 12851 ;;                  1    wreg      void 
 12852 ;; Registers used:
 12853 ;;		wreg, status,2, cstack
 12854 ;; Tracked objects:
 12855 ;;		On entry : 0/0
 12856 ;;		On exit  : 0/0
 12857 ;;		Unchanged: 0/0
 12858 ;; Data sizes:     COMRAM   BANK0   BANK1   BANK2   BANK3   BANK4   BANK5   BANK6   BANK7   BANK8   BANK9  BANK10  BANK1
      +1  BANK12  BANK13  BANK14  BANK15
 12859 ;;      Params:         0       0       0       0       0       0       0       0       0       0       0       0       
      +0       0       0       0       0
 12860 ;;      Locals:         0       0       0       0       0       0       0       0       0       0       0       0       
      +0       0       0       0       0
 12861 ;;      Temps:          0       0       0       0       0       0       0       0       0       0       0       0       
      +0       0       0       0       0
 12862 ;;      Totals:         0       0       0       0       0       0       0       0       0       0       0       0       
      +0       0       0       0       0
 12863 ;;Total ram usage:        0 bytes
 12864 ;; Hardware stack levels used: 1
 12865 ;; Hardware stack levels required when called: 2
 12866 ;; This function calls:
 12867 ;;		_TMR1_Reload
 12868 ;;		_TMR1_StopTimer
 12869 ;; This function is called by:
 12870 ;;		_main
 12871 ;;		_TMR1_ISR
 12872 ;; This function uses a non-reentrant model
 12873 ;;
 12874                           
 12875                           	psect	text108
 12876   0040F2                     __ptext108:
 12877                           	callstack 0
 12878   0040F2                     _Timer1IntHandler:
 12879                           	callstack 14
 12880   0040F2  868C               	bsf	140,3,c	;volatile
 12881   0040F4                     
 12882                           ;main.c: 123:     TMR1_StopTimer();
 12883   0040F4  ECD7  F020         	call	_TMR1_StopTimer	;wreg free
 12884   0040F8                     
 12885                           ;main.c: 124:     TMR1_Reload();
 12886   0040F8  EC66  F020         	call	_TMR1_Reload	;wreg free
 12887   0040FC  0012               	return		;funcret
 12888   0040FE                     __end_of_Timer1IntHandler:
 12889                           	callstack 0
 12890                           
 12891 ;; *************** function _TMR1_StopTimer *****************
 12892 ;; Defined at:
 12893 ;;		line 99 in file "mcc_generated_files/tmr1.c"
 12894 ;; Parameters:    Size  Location     Type
 12895 ;;		None
 12896 ;; Auto vars:     Size  Location     Type
 12897 ;;		None
 12898 ;; Return value:  Size  Location     Type
 12899 ;;                  1    wreg      void 
 12900 ;; Registers used:
 12901 ;;		None
 12902 ;; Tracked objects:
 12903 ;;		On entry : 0/0
 12904 ;;		On exit  : 0/0
 12905 ;;		Unchanged: 0/0
 12906 ;; Data sizes:     COMRAM   BANK0   BANK1   BANK2   BANK3   BANK4   BANK5   BANK6   BANK7   BANK8   BANK9  BANK10  BANK1
      +1  BANK12  BANK13  BANK14  BANK15
 12907 ;;      Params:         0       0       0       0       0       0       0       0       0       0       0       0       
      +0       0       0       0       0
 12908 ;;      Locals:         0       0       0       0       0       0       0       0       0       0       0       0       
      +0       0       0       0       0
 12909 ;;      Temps:          0       0       0       0       0       0       0       0       0       0       0       0       
      +0       0       0       0       0
 12910 ;;      Totals:         0       0       0       0       0       0       0       0       0       0       0       0       
      +0       0       0       0       0
 12911 ;;Total ram usage:        0 bytes
 12912 ;; Hardware stack levels used: 1
 12913 ;; This function calls:
 12914 ;;		Nothing
 12915 ;; This function is called by:
 12916 ;;		_Timer1IntHandler
 12917 ;; This function uses a non-reentrant model
 12918 ;;
 12919                           
 12920                           	psect	text109
 12921   0041AE                     __ptext109:
 12922                           	callstack 0
 12923   0041AE                     _TMR1_StopTimer:
 12924                           	callstack 15
 12925   0041AE                     
 12926                           ;mcc_generated_files/tmr1.c: 102:     T1CONbits.TMR1ON = 0;
 12927   0041AE  90CD               	bcf	205,0,c	;volatile
 12928   0041B0  0012               	return		;funcret
 12929   0041B2                     __end_of_TMR1_StopTimer:
 12930                           	callstack 0
 12931                           
 12932 ;; *************** function _TMR1_Reload *****************
 12933 ;; Defined at:
 12934 ;;		line 143 in file "mcc_generated_files/tmr1.c"
 12935 ;; Parameters:    Size  Location     Type
 12936 ;;		None
 12937 ;; Auto vars:     Size  Location     Type
 12938 ;;		None
 12939 ;; Return value:  Size  Location     Type
 12940 ;;                  1    wreg      void 
 12941 ;; Registers used:
 12942 ;;		wreg, status,2, cstack
 12943 ;; Tracked objects:
 12944 ;;		On entry : 0/0
 12945 ;;		On exit  : 0/0
 12946 ;;		Unchanged: 0/0
 12947 ;; Data sizes:     COMRAM   BANK0   BANK1   BANK2   BANK3   BANK4   BANK5   BANK6   BANK7   BANK8   BANK9  BANK10  BANK1
      +1  BANK12  BANK13  BANK14  BANK15
 12948 ;;      Params:         0       0       0       0       0       0       0       0       0       0       0       0       
      +0       0       0       0       0
 12949 ;;      Locals:         0       0       0       0       0       0       0       0       0       0       0       0       
      +0       0       0       0       0
 12950 ;;      Temps:          0       0       0       0       0       0       0       0       0       0       0       0       
      +0       0       0       0       0
 12951 ;;      Totals:         0       0       0       0       0       0       0       0       0       0       0       0       
      +0       0       0       0       0
 12952 ;;Total ram usage:        0 bytes
 12953 ;; Hardware stack levels used: 1
 12954 ;; Hardware stack levels required when called: 1
 12955 ;; This function calls:
 12956 ;;		_TMR1_WriteTimer
 12957 ;; This function is called by:
 12958 ;;		_Timer1IntHandler
 12959 ;; This function uses a non-reentrant model
 12960 ;;
 12961                           
 12962                           	psect	text110
 12963   0040CC                     __ptext110:
 12964                           	callstack 0
 12965   0040CC                     _TMR1_Reload:
 12966                           	callstack 14
 12967   0040CC                     
 12968                           ;mcc_generated_files/tmr1.c: 145:     TMR1_WriteTimer(timer1ReloadVal);
 12969   0040CC  C1B4  F001         	movff	_timer1ReloadVal,TMR1_WriteTimer@timerVal	;volatile
 12970   0040D0  C1B5  F002         	movff	_timer1ReloadVal+1,TMR1_WriteTimer@timerVal+1	;volatile
 12971   0040D4  ECAE  F01F         	call	_TMR1_WriteTimer	;wreg free
 12972   0040D8  0012               	return		;funcret
 12973   0040DA                     __end_of_TMR1_Reload:
 12974                           	callstack 0
 12975                           
 12976 ;; *************** function _TMR1_WriteTimer *****************
 12977 ;; Defined at:
 12978 ;;		line 121 in file "mcc_generated_files/tmr1.c"
 12979 ;; Parameters:    Size  Location     Type
 12980 ;;  timerVal        2    0[COMRAM] unsigned short 
 12981 ;; Auto vars:     Size  Location     Type
 12982 ;;		None
 12983 ;; Return value:  Size  Location     Type
 12984 ;;                  1    wreg      void 
 12985 ;; Registers used:
 12986 ;;		wreg, status,2
 12987 ;; Tracked objects:
 12988 ;;		On entry : 0/0
 12989 ;;		On exit  : 0/0
 12990 ;;		Unchanged: 0/0
 12991 ;; Data sizes:     COMRAM   BANK0   BANK1   BANK2   BANK3   BANK4   BANK5   BANK6   BANK7   BANK8   BANK9  BANK10  BANK1
      +1  BANK12  BANK13  BANK14  BANK15
 12992 ;;      Params:         2       0       0       0       0       0       0       0       0       0       0       0       
      +0       0       0       0       0
 12993 ;;      Locals:         0       0       0       0       0       0       0       0       0       0       0       0       
      +0       0       0       0       0
 12994 ;;      Temps:          0       0       0       0       0       0       0       0       0       0       0       0       
      +0       0       0       0       0
 12995 ;;      Totals:         2       0       0       0       0       0       0       0       0       0       0       0       
      +0       0       0       0       0
 12996 ;;Total ram usage:        2 bytes
 12997 ;; Hardware stack levels used: 1
 12998 ;; This function calls:
 12999 ;;		Nothing
 13000 ;; This function is called by:
 13001 ;;		_TMR1_Reload
 13002 ;;		_TMR1_ISR
 13003 ;; This function uses a non-reentrant model
 13004 ;;
 13005                           
 13006                           	psect	text111
 13007   003F5C                     __ptext111:
 13008                           	callstack 0
 13009   003F5C                     _TMR1_WriteTimer:
 13010                           	callstack 14
 13011   003F5C                     
 13012                           ;mcc_generated_files/tmr1.c: 121: void TMR1_WriteTimer(uint16_t timerVal);mcc_generated_
      +                          files/tmr1.c: 122: {;mcc_generated_files/tmr1.c: 123:     if (T1CONbits.T1SYNC == 1)
 13013   003F5C  A4CD               	btfss	205,2,c	;volatile
 13014   003F5E  EFB3  F01F         	goto	i2u340_41
 13015   003F62  EFB5  F01F         	goto	i2u340_40
 13016   003F66                     i2u340_41:
 13017   003F66  EFBD  F01F         	goto	i2l4516
 13018   003F6A                     i2u340_40:
 13019   003F6A                     
 13020                           ;mcc_generated_files/tmr1.c: 124:     {;mcc_generated_files/tmr1.c: 126:         T1CONbi
      +                          ts.TMR1ON = 0;
 13021   003F6A  90CD               	bcf	205,0,c	;volatile
 13022   003F6C                     
 13023                           ;mcc_generated_files/tmr1.c: 129:         TMR1H = (uint8_t)(timerVal >> 8);
 13024   003F6C  5002               	movf	(TMR1_WriteTimer@timerVal+1)^0,w,c
 13025   003F6E  6ECF               	movwf	207,c	;volatile
 13026   003F70                     
 13027                           ;mcc_generated_files/tmr1.c: 130:         TMR1L = (uint8_t)timerVal;
 13028   003F70  C001  FFCE         	movff	TMR1_WriteTimer@timerVal,4046	;volatile
 13029   003F74                     
 13030                           ;mcc_generated_files/tmr1.c: 133:         T1CONbits.TMR1ON =1;
 13031   003F74  80CD               	bsf	205,0,c	;volatile
 13032                           
 13033                           ;mcc_generated_files/tmr1.c: 134:     }
 13034   003F76  EFC1  F01F         	goto	i2l862
 13035   003F7A                     i2l4516:
 13036                           
 13037                           ;mcc_generated_files/tmr1.c: 136:     {;mcc_generated_files/tmr1.c: 138:         TMR1H =
      +                           (uint8_t)(timerVal >> 8);
 13038   003F7A  5002               	movf	(TMR1_WriteTimer@timerVal+1)^0,w,c
 13039   003F7C  6ECF               	movwf	207,c	;volatile
 13040   003F7E                     
 13041                           ;mcc_generated_files/tmr1.c: 139:         TMR1L = (uint8_t)timerVal;
 13042   003F7E  C001  FFCE         	movff	TMR1_WriteTimer@timerVal,4046	;volatile
 13043   003F82                     i2l862:
 13044   003F82  0012               	return		;funcret
 13045   003F84                     __end_of_TMR1_WriteTimer:
 13046                           	callstack 0
 13047                           
 13048 ;; *************** function _TMR0_ISR *****************
 13049 ;; Defined at:
 13050 ;;		line 136 in file "mcc_generated_files/tmr0.c"
 13051 ;; Parameters:    Size  Location     Type
 13052 ;;		None
 13053 ;; Auto vars:     Size  Location     Type
 13054 ;;		None
 13055 ;; Return value:  Size  Location     Type
 13056 ;;                  1    wreg      void 
 13057 ;; Registers used:
 13058 ;;		wreg, status,2, status,0, pcl, pclath, pclatu, tosl, cstack
 13059 ;; Tracked objects:
 13060 ;;		On entry : 0/0
 13061 ;;		On exit  : 0/0
 13062 ;;		Unchanged: 0/0
 13063 ;; Data sizes:     COMRAM   BANK0   BANK1   BANK2   BANK3   BANK4   BANK5   BANK6   BANK7   BANK8   BANK9  BANK10  BANK1
      +1  BANK12  BANK13  BANK14  BANK15
 13064 ;;      Params:         0       0       0       0       0       0       0       0       0       0       0       0       
      +0       0       0       0       0
 13065 ;;      Locals:         0       0       0       0       0       0       0       0       0       0       0       0       
      +0       0       0       0       0
 13066 ;;      Temps:          0       0       0       0       0       0       0       0       0       0       0       0       
      +0       0       0       0       0
 13067 ;;      Totals:         0       0       0       0       0       0       0       0       0       0       0       0       
      +0       0       0       0       0
 13068 ;;Total ram usage:        0 bytes
 13069 ;; Hardware stack levels used: 1
 13070 ;; Hardware stack levels required when called: 1
 13071 ;; This function calls:
 13072 ;;		Absolute function
 13073 ;;		_TMR0_DefaultInterruptHandler
 13074 ;;		_Timer0IntHandler
 13075 ;; This function is called by:
 13076 ;;		_INTERRUPT_InterruptManager
 13077 ;; This function uses a non-reentrant model
 13078 ;;
 13079                           
 13080                           	psect	text112
 13081   003D12                     __ptext112:
 13082                           	callstack 0
 13083   003D12                     _TMR0_ISR:
 13084                           	callstack 16
 13085   003D12                     
 13086                           ;mcc_generated_files/tmr0.c: 140:     INTCONbits.TMR0IF = 0;
 13087   003D12  94F2               	bcf	242,2,c	;volatile
 13088   003D14                     
 13089                           ;mcc_generated_files/tmr0.c: 144:     TMR0H = timer0ReloadVal >> 8;
 13090   003D14  5049               	movf	(_timer0ReloadVal+1)^0,w,c	;volatile
 13091   003D16  6ED7               	movwf	215,c	;volatile
 13092   003D18                     
 13093                           ;mcc_generated_files/tmr0.c: 145:     TMR0L = (uint8_t) timer0ReloadVal;
 13094   003D18  C048  FFD6         	movff	_timer0ReloadVal,4054	;volatile
 13095   003D1C                     
 13096                           ;mcc_generated_files/tmr0.c: 147:     if(TMR0_InterruptHandler)
 13097   003D1C  0101               	movlb	1	; () banked
 13098   003D1E  51B6               	movf	_TMR0_InterruptHandler& (0+255),w,b
 13099   003D20  11B7               	iorwf	(_TMR0_InterruptHandler+1)& (0+255),w,b
 13100   003D22  B4D8               	btfsc	status,2,c
 13101   003D24  EF96  F01E         	goto	i2u409_41
 13102   003D28  EF98  F01E         	goto	i2u409_40
 13103   003D2C                     i2u409_41:
 13104   003D2C  EFA4  F01E         	goto	i2l297
 13105   003D30                     i2u409_40:
 13106   003D30                     
 13107                           ; BSR set to: 1
 13108                           ;mcc_generated_files/tmr0.c: 148:     {;mcc_generated_files/tmr0.c: 149:         TMR0_In
      +                          terruptHandler();
 13109   003D30  D802               	call	i2u410_48
 13110   003D32  EFA4  F01E         	goto	i2u410_49
 13111   003D36                     i2u410_48:
 13112   003D36  0005               	push	
 13113   003D38  6EFA               	movwf	pclath,c
 13114   003D3A  51B6               	movf	_TMR0_InterruptHandler& (0+255),w,b
 13115   003D3C  6EFD               	movwf	tosl,c
 13116   003D3E  51B7               	movf	(_TMR0_InterruptHandler+1)& (0+255),w,b
 13117   003D40  6EFE               	movwf	tosh,c
 13118   003D42  6AFF               	clrf	tosu,c
 13119   003D44  50FA               	movf	pclath,w,c
 13120   003D46  0012               	return		;indir
 13121   003D48                     i2u410_49:
 13122   003D48                     i2l297:
 13123   003D48  0012               	return		;funcret
 13124   003D4A                     __end_of_TMR0_ISR:
 13125                           	callstack 0
 13126                           
 13127 ;; *************** function _TMR0_DefaultInterruptHandler *****************
 13128 ;; Defined at:
 13129 ;;		line 160 in file "mcc_generated_files/tmr0.c"
 13130 ;; Parameters:    Size  Location     Type
 13131 ;;		None
 13132 ;; Auto vars:     Size  Location     Type
 13133 ;;		None
 13134 ;; Return value:  Size  Location     Type
 13135 ;;                  1    wreg      void 
 13136 ;; Registers used:
 13137 ;;		None
 13138 ;; Tracked objects:
 13139 ;;		On entry : 0/0
 13140 ;;		On exit  : 0/0
 13141 ;;		Unchanged: 0/0
 13142 ;; Data sizes:     COMRAM   BANK0   BANK1   BANK2   BANK3   BANK4   BANK5   BANK6   BANK7   BANK8   BANK9  BANK10  BANK1
      +1  BANK12  BANK13  BANK14  BANK15
 13143 ;;      Params:         0       0       0       0       0       0       0       0       0       0       0       0       
      +0       0       0       0       0
 13144 ;;      Locals:         0       0       0       0       0       0       0       0       0       0       0       0       
      +0       0       0       0       0
 13145 ;;      Temps:          0       0       0       0       0       0       0       0       0       0       0       0       
      +0       0       0       0       0
 13146 ;;      Totals:         0       0       0       0       0       0       0       0       0       0       0       0       
      +0       0       0       0       0
 13147 ;;Total ram usage:        0 bytes
 13148 ;; Hardware stack levels used: 1
 13149 ;; This function calls:
 13150 ;;		Nothing
 13151 ;; This function is called by:
 13152 ;;		_TMR0_Initialize
 13153 ;;		_TMR0_ISR
 13154 ;; This function uses a non-reentrant model
 13155 ;;
 13156                           
 13157                           	psect	text113
 13158   0041B6                     __ptext113:
 13159                           	callstack 0
 13160   0041B6                     _TMR0_DefaultInterruptHandler:
 13161                           	callstack 16
 13162   0041B6  0012               	return		;funcret
 13163   0041B8                     __end_of_TMR0_DefaultInterruptHandler:
 13164                           	callstack 0
 13165                           
 13166 ;; *************** function _Timer0IntHandler *****************
 13167 ;; Defined at:
 13168 ;;		line 117 in file "main.c"
 13169 ;; Parameters:    Size  Location     Type
 13170 ;;		None
 13171 ;; Auto vars:     Size  Location     Type
 13172 ;;		None
 13173 ;; Return value:  Size  Location     Type
 13174 ;;                  1    wreg      void 
 13175 ;; Registers used:
 13176 ;;		wreg, status,2
 13177 ;; Tracked objects:
 13178 ;;		On entry : 0/0
 13179 ;;		On exit  : 0/0
 13180 ;;		Unchanged: 0/0
 13181 ;; Data sizes:     COMRAM   BANK0   BANK1   BANK2   BANK3   BANK4   BANK5   BANK6   BANK7   BANK8   BANK9  BANK10  BANK1
      +1  BANK12  BANK13  BANK14  BANK15
 13182 ;;      Params:         0       0       0       0       0       0       0       0       0       0       0       0       
      +0       0       0       0       0
 13183 ;;      Locals:         0       0       0       0       0       0       0       0       0       0       0       0       
      +0       0       0       0       0
 13184 ;;      Temps:          0       0       0       0       0       0       0       0       0       0       0       0       
      +0       0       0       0       0
 13185 ;;      Totals:         0       0       0       0       0       0       0       0       0       0       0       0       
      +0       0       0       0       0
 13186 ;;Total ram usage:        0 bytes
 13187 ;; Hardware stack levels used: 1
 13188 ;; This function calls:
 13189 ;;		Nothing
 13190 ;; This function is called by:
 13191 ;;		_main
 13192 ;;		_TMR0_ISR
 13193 ;; This function uses a non-reentrant model
 13194 ;;
 13195                           
 13196                           	psect	text114
 13197   00417A                     __ptext114:
 13198                           	callstack 0
 13199   00417A                     _Timer0IntHandler:
 13200                           	callstack 16
 13201   00417A                     
 13202                           ;main.c: 118:     timer0_flag = 1;
 13203   00417A  0E01               	movlw	1
 13204   00417C  0100               	movlb	0	; () banked
 13205   00417E  6FC9               	movwf	_timer0_flag& (0+255),b
 13206   004180                     
 13207                           ; BSR set to: 0
 13208   004180  0012               	return		;funcret
 13209   004182                     __end_of_Timer0IntHandler:
 13210                           	callstack 0
 13211                           
 13212 ;; *************** function _EUSART1_DefaultOverrunErrorHandler *****************
 13213 ;; Defined at:
 13214 ;;		line 214 in file "mcc_generated_files/eusart1.c"
 13215 ;; Parameters:    Size  Location     Type
 13216 ;;		None
 13217 ;; Auto vars:     Size  Location     Type
 13218 ;;		None
 13219 ;; Return value:  Size  Location     Type
 13220 ;;                  1    wreg      void 
 13221 ;; Registers used:
 13222 ;;		None
 13223 ;; Tracked objects:
 13224 ;;		On entry : 0/0
 13225 ;;		On exit  : 0/0
 13226 ;;		Unchanged: 0/0
 13227 ;; Data sizes:     COMRAM   BANK0   BANK1   BANK2   BANK3   BANK4   BANK5   BANK6   BANK7   BANK8   BANK9  BANK10  BANK1
      +1  BANK12  BANK13  BANK14  BANK15
 13228 ;;      Params:         0       0       0       0       0       0       0       0       0       0       0       0       
      +0       0       0       0       0
 13229 ;;      Locals:         0       0       0       0       0       0       0       0       0       0       0       0       
      +0       0       0       0       0
 13230 ;;      Temps:          0       0       0       0       0       0       0       0       0       0       0       0       
      +0       0       0       0       0
 13231 ;;      Totals:         0       0       0       0       0       0       0       0       0       0       0       0       
      +0       0       0       0       0
 13232 ;;Total ram usage:        0 bytes
 13233 ;; Hardware stack levels used: 1
 13234 ;; This function calls:
 13235 ;;		Nothing
 13236 ;; This function is called by:
 13237 ;;		_EUSART1_Initialize
 13238 ;;		_EUSART1_Receive_ISR
 13239 ;; This function uses a non-reentrant model
 13240 ;;
 13241                           
 13242                           	psect	text115
 13243   004182                     __ptext115:
 13244                           	callstack 0
 13245   004182                     _EUSART1_DefaultOverrunErrorHandler:
 13246                           	callstack 16
 13247   004182                     
 13248                           ;mcc_generated_files/eusart1.c: 217:     RCSTA1bits.CREN = 0;
 13249   004182  98AB               	bcf	171,4,c	;volatile
 13250                           
 13251                           ;mcc_generated_files/eusart1.c: 218:     RCSTA1bits.CREN = 1;
 13252   004184  88AB               	bsf	171,4,c	;volatile
 13253   004186  0012               	return		;funcret
 13254   004188                     __end_of_EUSART1_DefaultOverrunErrorHandler:
 13255                           	callstack 0
 13256                           
 13257 ;; *************** function _EUSART1_DefaultFramingErrorHandler *****************
 13258 ;; Defined at:
 13259 ;;		line 212 in file "mcc_generated_files/eusart1.c"
 13260 ;; Parameters:    Size  Location     Type
 13261 ;;		None
 13262 ;; Auto vars:     Size  Location     Type
 13263 ;;		None
 13264 ;; Return value:  Size  Location     Type
 13265 ;;                  1    wreg      void 
 13266 ;; Registers used:
 13267 ;;		None
 13268 ;; Tracked objects:
 13269 ;;		On entry : 0/0
 13270 ;;		On exit  : 0/0
 13271 ;;		Unchanged: 0/0
 13272 ;; Data sizes:     COMRAM   BANK0   BANK1   BANK2   BANK3   BANK4   BANK5   BANK6   BANK7   BANK8   BANK9  BANK10  BANK1
      +1  BANK12  BANK13  BANK14  BANK15
 13273 ;;      Params:         0       0       0       0       0       0       0       0       0       0       0       0       
      +0       0       0       0       0
 13274 ;;      Locals:         0       0       0       0       0       0       0       0       0       0       0       0       
      +0       0       0       0       0
 13275 ;;      Temps:          0       0       0       0       0       0       0       0       0       0       0       0       
      +0       0       0       0       0
 13276 ;;      Totals:         0       0       0       0       0       0       0       0       0       0       0       0       
      +0       0       0       0       0
 13277 ;;Total ram usage:        0 bytes
 13278 ;; Hardware stack levels used: 1
 13279 ;; This function calls:
 13280 ;;		Nothing
 13281 ;; This function is called by:
 13282 ;;		_EUSART1_Initialize
 13283 ;;		_EUSART1_Receive_ISR
 13284 ;; This function uses a non-reentrant model
 13285 ;;
 13286                           
 13287                           	psect	text116
 13288   0041B8                     __ptext116:
 13289                           	callstack 0
 13290   0041B8                     _EUSART1_DefaultFramingErrorHandler:
 13291                           	callstack 16
 13292   0041B8  0012               	return		;funcret
 13293   0041BA                     __end_of_EUSART1_DefaultFramingErrorHandler:
 13294                           	callstack 0
 13295                           
 13296 ;; *************** function _EUSART1_DefaultErrorHandler *****************
 13297 ;; Defined at:
 13298 ;;		line 222 in file "mcc_generated_files/eusart1.c"
 13299 ;; Parameters:    Size  Location     Type
 13300 ;;		None
 13301 ;; Auto vars:     Size  Location     Type
 13302 ;;		None
 13303 ;; Return value:  Size  Location     Type
 13304 ;;                  1    wreg      void 
 13305 ;; Registers used:
 13306 ;;		wreg, fsr2l, fsr2h, status,2, status,0, cstack
 13307 ;; Tracked objects:
 13308 ;;		On entry : 0/0
 13309 ;;		On exit  : 0/0
 13310 ;;		Unchanged: 0/0
 13311 ;; Data sizes:     COMRAM   BANK0   BANK1   BANK2   BANK3   BANK4   BANK5   BANK6   BANK7   BANK8   BANK9  BANK10  BANK1
      +1  BANK12  BANK13  BANK14  BANK15
 13312 ;;      Params:         0       0       0       0       0       0       0       0       0       0       0       0       
      +0       0       0       0       0
 13313 ;;      Locals:         0       0       0       0       0       0       0       0       0       0       0       0       
      +0       0       0       0       0
 13314 ;;      Temps:          0       0       0       0       0       0       0       0       0       0       0       0       
      +0       0       0       0       0
 13315 ;;      Totals:         0       0       0       0       0       0       0       0       0       0       0       0       
      +0       0       0       0       0
 13316 ;;Total ram usage:        0 bytes
 13317 ;; Hardware stack levels used: 1
 13318 ;; Hardware stack levels required when called: 1
 13319 ;; This function calls:
 13320 ;;		_EUSART1_RxDataHandler
 13321 ;; This function is called by:
 13322 ;;		_EUSART1_Initialize
 13323 ;;		_EUSART1_Receive_ISR
 13324 ;; This function uses a non-reentrant model
 13325 ;;
 13326                           
 13327                           	psect	text117
 13328   004188                     __ptext117:
 13329                           	callstack 0
 13330   004188                     _EUSART1_DefaultErrorHandler:
 13331                           	callstack 15
 13332   004188                     
 13333                           ;mcc_generated_files/eusart1.c: 223:     EUSART1_RxDataHandler();
 13334   004188  EC71  F01F         	call	_EUSART1_RxDataHandler	;wreg free
 13335   00418C  0012               	return		;funcret
 13336   00418E                     __end_of_EUSART1_DefaultErrorHandler:
 13337                           	callstack 0
 13338                           
 13339 ;; *************** function _EUSART1_RxDataHandler *****************
 13340 ;; Defined at:
 13341 ;;		line 202 in file "mcc_generated_files/eusart1.c"
 13342 ;; Parameters:    Size  Location     Type
 13343 ;;		None
 13344 ;; Auto vars:     Size  Location     Type
 13345 ;;		None
 13346 ;; Return value:  Size  Location     Type
 13347 ;;                  1    wreg      void 
 13348 ;; Registers used:
 13349 ;;		wreg, fsr2l, fsr2h, status,2, status,0
 13350 ;; Tracked objects:
 13351 ;;		On entry : 0/0
 13352 ;;		On exit  : 0/0
 13353 ;;		Unchanged: 0/0
 13354 ;; Data sizes:     COMRAM   BANK0   BANK1   BANK2   BANK3   BANK4   BANK5   BANK6   BANK7   BANK8   BANK9  BANK10  BANK1
      +1  BANK12  BANK13  BANK14  BANK15
 13355 ;;      Params:         0       0       0       0       0       0       0       0       0       0       0       0       
      +0       0       0       0       0
 13356 ;;      Locals:         0       0       0       0       0       0       0       0       0       0       0       0       
      +0       0       0       0       0
 13357 ;;      Temps:          0       0       0       0       0       0       0       0       0       0       0       0       
      +0       0       0       0       0
 13358 ;;      Totals:         0       0       0       0       0       0       0       0       0       0       0       0       
      +0       0       0       0       0
 13359 ;;Total ram usage:        0 bytes
 13360 ;; Hardware stack levels used: 1
 13361 ;; This function calls:
 13362 ;;		Nothing
 13363 ;; This function is called by:
 13364 ;;		_EUSART1_Receive_ISR
 13365 ;;		_EUSART1_DefaultErrorHandler
 13366 ;; This function uses a non-reentrant model
 13367 ;;
 13368                           
 13369                           	psect	text118
 13370   003EE2                     __ptext118:
 13371                           	callstack 0
 13372   003EE2                     _EUSART1_RxDataHandler:
 13373                           	callstack 16
 13374   003EE2                     
 13375                           ;mcc_generated_files/eusart1.c: 204:     eusart1RxBuffer[eusart1RxHead++] = RCREG1;
 13376   003EE2  0E1C               	movlw	low _eusart1RxBuffer
 13377   003EE4  2447               	addwf	_eusart1RxHead^0,w,c	;volatile
 13378   003EE6  6ED9               	movwf	fsr2l,c
 13379   003EE8  6ADA               	clrf	fsr2h,c
 13380   003EEA  0E01               	movlw	high _eusart1RxBuffer
 13381   003EEC  22DA               	addwfc	fsr2h,f,c
 13382   003EEE  CFAE FFDF          	movff	4014,indf2	;volatile
 13383   003EF2  2A47               	incf	_eusart1RxHead^0,f,c	;volatile
 13384   003EF4                     
 13385                           ;mcc_generated_files/eusart1.c: 205:     if(sizeof(eusart1RxBuffer) <= eusart1RxHead)
 13386   003EF4  0E07               	movlw	7
 13387   003EF6  6447               	cpfsgt	_eusart1RxHead^0,c	;volatile
 13388   003EF8  EF80  F01F         	goto	i2u347_41
 13389   003EFC  EF82  F01F         	goto	i2u347_40
 13390   003F00                     i2u347_41:
 13391   003F00  EF84  F01F         	goto	i2l4588
 13392   003F04                     i2u347_40:
 13393   003F04                     
 13394                           ;mcc_generated_files/eusart1.c: 206:     {;mcc_generated_files/eusart1.c: 207:         e
      +                          usart1RxHead = 0;
 13395   003F04  0E00               	movlw	0
 13396   003F06  6E47               	movwf	_eusart1RxHead^0,c	;volatile
 13397   003F08                     i2l4588:
 13398                           
 13399                           ;mcc_generated_files/eusart1.c: 209:     eusart1RxCount++;
 13400   003F08  2A45               	incf	_eusart1RxCount^0,f,c	;volatile
 13401   003F0A  0012               	return		;funcret
 13402   003F0C                     __end_of_EUSART1_RxDataHandler:
 13403                           	callstack 0
 13404                           
 13405                           	psect	text119
 13406   000000                     __ptext119:
 13407                           	callstack 0
 13408   000000                     
 13409                           	psect	rparam
 13410   000000                     
 13411                           	psect	temp
 13412   00004A                     btemp:
 13413                           	callstack 0
 13414   00004A                     	ds	1
 13415   000000                     int$flags	set	btemp
 13416   000000                     wtemp8	set	btemp+1
 13417   000000                     ttemp5	set	btemp+1
 13418   000000                     ttemp6	set	btemp+4
 13419   000000                     ttemp7	set	btemp+8
 13420                           
 13421                           	psect	idloc
 13422                           
 13423                           ;Config register IDLOC0 @ 0x200000
 13424                           ;	unspecified, using default values
 13425   200000                     	org	2097152
 13426   200000  FF                 	db	255
 13427                           
 13428                           ;Config register IDLOC1 @ 0x200001
 13429                           ;	unspecified, using default values
 13430   200001                     	org	2097153
 13431   200001  FF                 	db	255
 13432                           
 13433                           ;Config register IDLOC2 @ 0x200002
 13434                           ;	unspecified, using default values
 13435   200002                     	org	2097154
 13436   200002  FF                 	db	255
 13437                           
 13438                           ;Config register IDLOC3 @ 0x200003
 13439                           ;	unspecified, using default values
 13440   200003                     	org	2097155
 13441   200003  FF                 	db	255
 13442                           
 13443                           ;Config register IDLOC4 @ 0x200004
 13444                           ;	unspecified, using default values
 13445   200004                     	org	2097156
 13446   200004  FF                 	db	255
 13447                           
 13448                           ;Config register IDLOC5 @ 0x200005
 13449                           ;	unspecified, using default values
 13450   200005                     	org	2097157
 13451   200005  FF                 	db	255
 13452                           
 13453                           ;Config register IDLOC6 @ 0x200006
 13454                           ;	unspecified, using default values
 13455   200006                     	org	2097158
 13456   200006  FF                 	db	255
 13457                           
 13458                           ;Config register IDLOC7 @ 0x200007
 13459                           ;	unspecified, using default values
 13460   200007                     	org	2097159
 13461   200007  FF                 	db	255
 13462                           
 13463                           	psect	config
 13464                           
 13465                           ; Padding undefined space
 13466   300000                     	org	3145728
 13467   300000  FF                 	db	255
 13468                           
 13469                           ;Config register CONFIG1H @ 0x300001
 13470                           ;	Oscillator Selection bits
 13471                           ;	FOSC = INTIO67, Internal oscillator block
 13472                           ;	4X PLL Enable
 13473                           ;	PLLCFG = ON, Oscillator multiplied by 4
 13474                           ;	Primary clock enable bit
 13475                           ;	PRICLKEN = ON, Primary clock is always enabled
 13476                           ;	Fail-Safe Clock Monitor Enable bit
 13477                           ;	FCMEN = OFF, Fail-Safe Clock Monitor disabled
 13478                           ;	Internal/External Oscillator Switchover bit
 13479                           ;	IESO = OFF, Oscillator Switchover mode disabled
 13480   300001                     	org	3145729
 13481   300001  38                 	db	56
 13482                           
 13483                           ;Config register CONFIG2L @ 0x300002
 13484                           ;	Power-up Timer Enable bit
 13485                           ;	PWRTEN = OFF, Power up timer disabled
 13486                           ;	Brown-out Reset Enable bits
 13487                           ;	BOREN = SBORDIS, Brown-out Reset enabled in hardware only (SBOREN is disabled)
 13488                           ;	Brown Out Reset Voltage bits
 13489                           ;	BORV = 190, VBOR set to 1.90 V nominal
 13490   300002                     	org	3145730
 13491   300002  1F                 	db	31
 13492                           
 13493                           ;Config register CONFIG2H @ 0x300003
 13494                           ;	Watchdog Timer Enable bits
 13495                           ;	WDTEN = OFF, Watch dog timer is always disabled. SWDTEN has no effect.
 13496                           ;	Watchdog Timer Postscale Select bits
 13497                           ;	WDTPS = 1, 1:1
 13498   300003                     	org	3145731
 13499   300003  00                 	db	0
 13500                           
 13501                           ; Padding undefined space
 13502   300004                     	org	3145732
 13503   300004  FF                 	db	255
 13504                           
 13505                           ;Config register CONFIG3H @ 0x300005
 13506                           ;	CCP2 MUX bit
 13507                           ;	CCP2MX = PORTC1, CCP2 input/output is multiplexed with RC1
 13508                           ;	PORTB A/D Enable bit
 13509                           ;	PBADEN = ON, PORTB<5:0> pins are configured as analog input channels on Reset
 13510                           ;	P3A/CCP3 Mux bit
 13511                           ;	CCP3MX = PORTB5, P3A/CCP3 input/output is multiplexed with RB5
 13512                           ;	HFINTOSC Fast Start-up
 13513                           ;	HFOFST = ON, HFINTOSC output and ready status are not delayed by the oscillator stable
      +                           status
 13514                           ;	Timer3 Clock input mux bit
 13515                           ;	T3CMX = PORTC0, T3CKI is on RC0
 13516                           ;	ECCP2 B output mux bit
 13517                           ;	P2BMX = PORTD2, P2B is on RD2
 13518                           ;	MCLR Pin Enable bit
 13519                           ;	MCLRE = EXTMCLR, MCLR pin enabled, RE3 input pin disabled
 13520   300005                     	org	3145733
 13521   300005  BF                 	db	191
 13522                           
 13523                           ;Config register CONFIG4L @ 0x300006
 13524                           ;	Stack Full/Underflow Reset Enable bit
 13525                           ;	STVREN = ON, Stack full/underflow will cause Reset
 13526                           ;	Single-Supply ICSP Enable bit
 13527                           ;	LVP = OFF, Single-Supply ICSP disabled
 13528                           ;	Extended Instruction Set Enable bit
 13529                           ;	XINST = OFF, Instruction set extension and Indexed Addressing mode disabled (Legacy mo
      +                          de)
 13530                           ;	Background Debug
 13531                           ;	DEBUG = OFF, Disabled
 13532   300006                     	org	3145734
 13533   300006  81                 	db	129
 13534                           
 13535                           ; Padding undefined space
 13536   300007                     	org	3145735
 13537   300007  FF                 	db	255
 13538                           
 13539                           ;Config register CONFIG5L @ 0x300008
 13540                           ;	Code Protection Block 0
 13541                           ;	CP0 = OFF, Block 0 (000800-003FFFh) not code-protected
 13542                           ;	Code Protection Block 1
 13543                           ;	CP1 = OFF, Block 1 (004000-007FFFh) not code-protected
 13544                           ;	Code Protection Block 2
 13545                           ;	CP2 = OFF, Block 2 (008000-00BFFFh) not code-protected
 13546                           ;	Code Protection Block 3
 13547                           ;	CP3 = OFF, Block 3 (00C000-00FFFFh) not code-protected
 13548   300008                     	org	3145736
 13549   300008  0F                 	db	15
 13550                           
 13551                           ;Config register CONFIG5H @ 0x300009
 13552                           ;	Boot Block Code Protection bit
 13553                           ;	CPB = OFF, Boot block (000000-0007FFh) not code-protected
 13554                           ;	Data EEPROM Code Protection bit
 13555                           ;	CPD = OFF, Data EEPROM not code-protected
 13556   300009                     	org	3145737
 13557   300009  C0                 	db	192
 13558                           
 13559                           ;Config register CONFIG6L @ 0x30000A
 13560                           ;	Write Protection Block 0
 13561                           ;	WRT0 = OFF, Block 0 (000800-003FFFh) not write-protected
 13562                           ;	Write Protection Block 1
 13563                           ;	WRT1 = OFF, Block 1 (004000-007FFFh) not write-protected
 13564                           ;	Write Protection Block 2
 13565                           ;	WRT2 = OFF, Block 2 (008000-00BFFFh) not write-protected
 13566                           ;	Write Protection Block 3
 13567                           ;	WRT3 = OFF, Block 3 (00C000-00FFFFh) not write-protected
 13568   30000A                     	org	3145738
 13569   30000A  0F                 	db	15
 13570                           
 13571                           ;Config register CONFIG6H @ 0x30000B
 13572                           ;	Configuration Register Write Protection bit
 13573                           ;	WRTC = OFF, Configuration registers (300000-3000FFh) not write-protected
 13574                           ;	Boot Block Write Protection bit
 13575                           ;	WRTB = OFF, Boot Block (000000-0007FFh) not write-protected
 13576                           ;	Data EEPROM Write Protection bit
 13577                           ;	WRTD = OFF, Data EEPROM not write-protected
 13578   30000B                     	org	3145739
 13579   30000B  E0                 	db	224
 13580                           
 13581                           ;Config register CONFIG7L @ 0x30000C
 13582                           ;	Table Read Protection Block 0
 13583                           ;	EBTR0 = OFF, Block 0 (000800-003FFFh) not protected from table reads executed in other
      +                           blocks
 13584                           ;	Table Read Protection Block 1
 13585                           ;	EBTR1 = OFF, Block 1 (004000-007FFFh) not protected from table reads executed in other
      +                           blocks
 13586                           ;	Table Read Protection Block 2
 13587                           ;	EBTR2 = OFF, Block 2 (008000-00BFFFh) not protected from table reads executed in other
      +                           blocks
 13588                           ;	Table Read Protection Block 3
 13589                           ;	EBTR3 = OFF, Block 3 (00C000-00FFFFh) not protected from table reads executed in other
      +                           blocks
 13590   30000C                     	org	3145740
 13591   30000C  0F                 	db	15
 13592                           
 13593                           ;Config register CONFIG7H @ 0x30000D
 13594                           ;	Boot Block Table Read Protection bit
 13595                           ;	EBTRB = OFF, Boot Block (000000-0007FFh) not protected from table reads executed in ot
      +                          her blocks
 13596   30000D                     	org	3145741
 13597   30000D  40                 	db	64
 13598                           tosu	equ	0xFFF
 13599                           tosh	equ	0xFFE
 13600                           tosl	equ	0xFFD
 13601                           stkptr	equ	0xFFC
 13602                           pclatu	equ	0xFFB
 13603                           pclath	equ	0xFFA
 13604                           pcl	equ	0xFF9
 13605                           tblptru	equ	0xFF8
 13606                           tblptrh	equ	0xFF7
 13607                           tblptrl	equ	0xFF6
 13608                           tablat	equ	0xFF5
 13609                           prodh	equ	0xFF4
 13610                           prodl	equ	0xFF3
 13611                           indf0	equ	0xFEF
 13612                           postinc0	equ	0xFEE
 13613                           postdec0	equ	0xFED
 13614                           preinc0	equ	0xFEC
 13615                           plusw0	equ	0xFEB
 13616                           fsr0h	equ	0xFEA
 13617                           fsr0l	equ	0xFE9
 13618                           wreg	equ	0xFE8
 13619                           indf1	equ	0xFE7
 13620                           postinc1	equ	0xFE6
 13621                           postdec1	equ	0xFE5
 13622                           preinc1	equ	0xFE4
 13623                           plusw1	equ	0xFE3
 13624                           fsr1h	equ	0xFE2
 13625                           fsr1l	equ	0xFE1
 13626                           bsr	equ	0xFE0
 13627                           indf2	equ	0xFDF
 13628                           postinc2	equ	0xFDE
 13629                           postdec2	equ	0xFDD
 13630                           preinc2	equ	0xFDC
 13631                           plusw2	equ	0xFDB
 13632                           fsr2h	equ	0xFDA
 13633                           fsr2l	equ	0xFD9
 13634                           status	equ	0xFD8

Data Sizes:
    Strings     68
    Constant    4
    Data        22
    BSS         179
    Persistent  20
    Stack       0

Auto Spaces:
    Space          Size  Autos    Used
    COMRAM           94     51      73
    BANK0           160    104     111
    BANK1           256      0     192
    BANK2           256     73      73
    BANK3           256      0       0
    BANK4           256      0       0
    BANK5           256      0       0
    BANK6           256      0       0
    BANK7           256      0       0
    BANK8           256      0       0
    BANK9           256      0       0
    BANK10          256      0       0
    BANK11          256      0       0
    BANK12          256      0       0
    BANK13          256      0       0
    BANK14          256      0       0
    BANK15           56      0       0

Pointer List with Targets:

    main$3425	PTR FTN()void  size(2) Largest target is 1
		 -> Execute(), Decode(), Parse(), Destination_Check(), 
		 -> ReceivedFrameChecksum(), Idle(), 

    Execute$3424	PTR unsigned char  size(2) Largest target is 30
		 -> Execute@acknowledge_frame(BANK2[30]), 

    __strtoxl@endptr	PTR PTR unsigned char  size(2) Largest target is 0
		 -> NULL(NULL[0]), 

    __strtoxl@s	PTR const unsigned char  size(2) Largest target is 3
		 -> FrameCheckSum(BANK1[3]), CRCresult(BANK1[2]), 

    __strtoxl@cp	PTR const unsigned char  size(2) Largest target is 3
		 -> FrameCheckSum(BANK1[3]), CRCresult(BANK1[2]), 

    strtol@endptr	PTR PTR unsigned char  size(2) Largest target is 0
		 -> NULL(NULL[0]), 

    strtol@s	PTR const unsigned char  size(2) Largest target is 3
		 -> FrameCheckSum(BANK1[3]), CRCresult(BANK1[2]), 

    strncmp@_r	PTR const unsigned char  size(2) Largest target is 4
		 -> STR_17(CODE[4]), 

    strncmp@r	PTR const unsigned char  size(2) Largest target is 4
		 -> STR_17(CODE[4]), 

    strncmp@_l	PTR const unsigned char  size(2) Largest target is 10
		 -> STR_13(CODE[10]), STR_12(CODE[5]), STR_9(CODE[3]), STR_7(CODE[3]), 
		 -> STR_6(CODE[6]), STR_5(CODE[6]), STR_4(CODE[6]), STR_3(CODE[6]), 
		 -> STR_2(CODE[3]), STR_1(CODE[9]), 

    strncmp@l	PTR const unsigned char  size(2) Largest target is 10
		 -> STR_13(CODE[10]), STR_12(CODE[5]), STR_9(CODE[3]), STR_7(CODE[3]), 
		 -> STR_6(CODE[6]), STR_5(CODE[6]), STR_4(CODE[6]), STR_3(CODE[6]), 
		 -> STR_2(CODE[3]), STR_1(CODE[9]), 

    strlen@s	PTR const unsigned char  size(2) Largest target is 30
		 -> stoa@nuls(BANK0[7]), ?_sprintf(BANK0[2]), STR_14(CODE[20]), STR_11(CODE[2]), 
		 -> fullAckFrame(BANK1[20]), STR_10(CODE[3]), STR_8(CODE[3]), Execute@data_ch4(BANK2[10]), 
		 -> Execute@data_ch3(BANK2[10]), Execute@data_ch2(BANK2[10]), Execute@data_ch1(BANK2[10]), Execute@acknowledge_frame(BANK2[30]), 
		 -> NULL(NULL[0]), FrameCheckSum(BANK1[3]), CRCresult(BANK1[2]), TrimmedFrame(BANK1[20]), 
		 -> frame_buffer(BANK1[20]), 

    strlen@a	PTR const unsigned char  size(2) Largest target is 30
		 -> stoa@nuls(BANK0[7]), ?_sprintf(BANK0[2]), STR_14(CODE[20]), STR_11(CODE[2]), 
		 -> fullAckFrame(BANK1[20]), STR_10(CODE[3]), STR_8(CODE[3]), Execute@data_ch4(BANK2[10]), 
		 -> Execute@data_ch3(BANK2[10]), Execute@data_ch2(BANK2[10]), Execute@data_ch1(BANK2[10]), Execute@acknowledge_frame(BANK2[30]), 
		 -> NULL(NULL[0]), FrameCheckSum(BANK1[3]), CRCresult(BANK1[2]), TrimmedFrame(BANK1[20]), 
		 -> frame_buffer(BANK1[20]), 

    fputs@s	PTR const unsigned char  size(2) Largest target is 32
		 -> dbuf(BANK1[32]), 

    fputs@fp	PTR struct _IO_FILE size(2) Largest target is 11
		 -> sprintf@f(BANK0[11]), 

    fputc@fp...source	PTR const unsigned char  size(2) Largest target is 0

    fputc@fp...buffer	PTR unsigned char  size(2) Largest target is 0

    fputc@fp	PTR struct _IO_FILE size(2) Largest target is 11
		 -> sprintf@f(BANK0[11]), 

    atoi@s	PTR const unsigned char  size(2) Largest target is 10
		 -> STR_13(CODE[10]), STR_12(CODE[5]), STR_9(CODE[3]), STR_7(CODE[3]), 
		 -> STR_6(CODE[6]), STR_5(CODE[6]), STR_4(CODE[6]), STR_3(CODE[6]), 
		 -> STR_2(CODE[3]), STR_1(CODE[9]), 

    vfprintf@ap	PTR PTR void  size(2) Largest target is 2
		 -> sprintf@ap(BANK0[2]), 

    vfprintf@fp	PTR struct _IO_FILE size(2) Largest target is 11
		 -> sprintf@f(BANK0[11]), 

    vfprintf@fmt	PTR const unsigned char  size(2) Largest target is 10
		 -> STR_13(CODE[10]), STR_12(CODE[5]), STR_9(CODE[3]), STR_7(CODE[3]), 
		 -> STR_6(CODE[6]), STR_5(CODE[6]), STR_4(CODE[6]), STR_3(CODE[6]), 
		 -> STR_2(CODE[3]), STR_1(CODE[9]), 

    vfprintf@cfmt	PTR unsigned char  size(2) Largest target is 10
		 -> STR_13(CODE[10]), STR_12(CODE[5]), STR_9(CODE[3]), STR_7(CODE[3]), 
		 -> STR_6(CODE[6]), STR_5(CODE[6]), STR_4(CODE[6]), STR_3(CODE[6]), 
		 -> STR_2(CODE[3]), STR_1(CODE[9]), 

    vfpfcnvrt@cp	PTR unsigned char  size(2) Largest target is 10
		 -> STR_13(CODE[10]), STR_12(CODE[5]), STR_9(CODE[3]), STR_7(CODE[3]), 
		 -> STR_6(CODE[6]), STR_5(CODE[6]), STR_4(CODE[6]), STR_3(CODE[6]), 
		 -> STR_2(CODE[3]), STR_1(CODE[9]), 

    vfpfcnvrt@fp	PTR struct _IO_FILE size(2) Largest target is 11
		 -> sprintf@f(BANK0[11]), 

    vfpfcnvrt@ap	PTR PTR void  size(2) Largest target is 2
		 -> sprintf@ap(BANK0[2]), 

    vfpfcnvrt@fmt	PTR PTR unsigned char  size(2) Largest target is 2
		 -> vfprintf@cfmt(BANK0[2]), 

    S2844$vp	PTR void  size(2) Largest target is 0

    convarg.vp	PTR void  size(2) Largest target is 0

    xtoa@fp	PTR struct _IO_FILE size(2) Largest target is 11
		 -> sprintf@f(BANK0[11]), 

    stoa@fp	PTR struct _IO_FILE size(2) Largest target is 11
		 -> sprintf@f(BANK0[11]), 

    stoa@s	PTR unsigned char  size(2) Largest target is 2
		 -> ?_sprintf(BANK0[2]), STR_10(CODE[3]), STR_8(CODE[3]), Execute@acknowledge_frame(BANK2[30]), 
		 -> NULL(NULL[0]), TrimmedFrame(BANK1[20]), 

    stoa@cp	PTR unsigned char  size(2) Largest target is 7
		 -> stoa@nuls(BANK0[7]), ?_sprintf(BANK0[2]), STR_10(CODE[3]), STR_8(CODE[3]), 
		 -> Execute@acknowledge_frame(BANK2[30]), NULL(NULL[0]), TrimmedFrame(BANK1[20]), 

    dtoa@fp	PTR struct _IO_FILE size(2) Largest target is 11
		 -> sprintf@f(BANK0[11]), 

    ctoa@fp	PTR struct _IO_FILE size(2) Largest target is 11
		 -> sprintf@f(BANK0[11]), 

    pad@buf	PTR unsigned char  size(2) Largest target is 32
		 -> dbuf(BANK1[32]), 

    pad@fp	PTR struct _IO_FILE size(2) Largest target is 11
		 -> sprintf@f(BANK0[11]), 

    sprintf@fmt	PTR const unsigned char  size(2) Largest target is 10
		 -> STR_13(CODE[10]), STR_12(CODE[5]), STR_9(CODE[3]), STR_7(CODE[3]), 
		 -> STR_6(CODE[6]), STR_5(CODE[6]), STR_4(CODE[6]), STR_3(CODE[6]), 
		 -> STR_2(CODE[3]), STR_1(CODE[9]), 

    sprintf@s	PTR unsigned char  size(2) Largest target is 30
		 -> fullAckFrame(BANK1[20]), Execute@data_ch4(BANK2[10]), Execute@data_ch3(BANK2[10]), Execute@data_ch2(BANK2[10]), 
		 -> Execute@data_ch1(BANK2[10]), Execute@acknowledge_frame(BANK2[30]), CRCresult(BANK1[2]), 

    sprintf@ap	PTR void [1] size(2) Largest target is 2
		 -> ?_sprintf(BANK0[2]), 

    S2790$source	PTR const unsigned char  size(2) Largest target is 0

    f...source	PTR const unsigned char  size(2) Largest target is 0

    S2790$buffer	PTR unsigned char  size(2) Largest target is 0

    f...buffer	PTR unsigned char  size(2) Largest target is 0

    memcpy@d1	PTR void  size(2) Largest target is 30
		 -> Execute@acknowledge_frame(BANK2[30]), 

    memcpy@d	PTR unsigned char  size(2) Largest target is 30
		 -> Execute@acknowledge_frame(BANK2[30]), 

    memcpy@s1	PTR const void  size(2) Largest target is 10
		 -> Execute@data_ch4(BANK2[10]), Execute@data_ch3(BANK2[10]), Execute@data_ch2(BANK2[10]), Execute@data_ch1(BANK2[10]), 

    memcpy@s	PTR const unsigned char  size(2) Largest target is 10
		 -> Execute@data_ch4(BANK2[10]), Execute@data_ch3(BANK2[10]), Execute@data_ch2(BANK2[10]), Execute@data_ch1(BANK2[10]), 

    TMR3_SetInterruptHandler@InterruptHandler	PTR FTN()void  size(2) Largest target is 1
		 -> TMR3_DefaultInterruptHandler(), Timer3IntHandler(), 

    TMR3_InterruptHandler	PTR FTN()void  size(2) Largest target is 1
		 -> TMR3_DefaultInterruptHandler(), Timer3IntHandler(), Absolute function(), 

    TMR1_SetInterruptHandler@InterruptHandler	PTR FTN()void  size(2) Largest target is 1
		 -> TMR1_DefaultInterruptHandler(), Timer1IntHandler(), 

    TMR1_InterruptHandler	PTR FTN()void  size(2) Largest target is 1
		 -> TMR1_DefaultInterruptHandler(), Timer1IntHandler(), Absolute function(), 

    i2c_driver_read_2bytes@data	PTR unsigned short  size(2) Largest target is 2
		 -> AD5593_get_conv_result@conv_result(COMRAM[2]), 

    i2c_driver_read_twobytes@data	PTR unsigned short  size(2) Largest target is 3895
		 -> RAM(DATA[3895]), ADC_result(BANK1[8]), 

    ACKframeChecksum@frame	PTR unsigned char  size(2) Largest target is 30
		 -> Execute@acknowledge_frame(BANK2[30]), 

    ChecksumCalc@dataString	PTR unsigned char  size(2) Largest target is 30
		 -> Execute@acknowledge_frame(BANK2[30]), TrimmedFrame(BANK1[20]), 

    sp__memcpy	PTR void  size(2) Largest target is 30
		 -> Execute@acknowledge_frame(BANK2[30]), 

    clear_buffer@buffer	PTR unsigned char  size(2) Largest target is 20
		 -> fullAckFrame(BANK1[20]), FrameCheckSum(BANK1[3]), CRCresult(BANK1[2]), TrimmedFrame(BANK1[20]), 
		 -> frame_buffer(BANK1[20]), 

    function_table	PTR FTN()void [6] size(2) Largest target is 1
		 -> Execute(), Decode(), Parse(), Destination_Check(), 
		 -> ReceivedFrameChecksum(), Idle(), 

    TMR0_SetInterruptHandler@InterruptHandler	PTR FTN()void  size(2) Largest target is 1
		 -> Timer0IntHandler(), TMR0_DefaultInterruptHandler(), 

    TMR0_InterruptHandler	PTR FTN()void  size(2) Largest target is 1
		 -> Timer0IntHandler(), Absolute function(), TMR0_DefaultInterruptHandler(), 

    send_string@message	PTR const unsigned char  size(2) Largest target is 20
		 -> STR_14(CODE[20]), STR_11(CODE[2]), fullAckFrame(BANK1[20]), 

    EUSART1_SetRxInterruptHandler@interruptHandler	PTR FTN()void  size(2) Largest target is 1
		 -> my_RX_ISR(), EUSART1_Receive_ISR(), 

    EUSART1_SetErrorHandler@interruptHandler	PTR FTN()void  size(2) Largest target is 1
		 -> EUSART1_DefaultErrorHandler(), 

    EUSART1_SetOverrunErrorHandler@interruptHandler	PTR FTN()void  size(2) Largest target is 1
		 -> EUSART1_DefaultOverrunErrorHandler(), 

    EUSART1_SetFramingErrorHandler@interruptHandler	PTR FTN()void  size(2) Largest target is 1
		 -> EUSART1_DefaultFramingErrorHandler(), 

    EUSART1_ErrorHandler	PTR FTN()void  size(2) Largest target is 1
		 -> Absolute function(), EUSART1_DefaultErrorHandler(), 

    EUSART1_OverrunErrorHandler	PTR FTN()void  size(2) Largest target is 1
		 -> Absolute function(), EUSART1_DefaultOverrunErrorHandler(), 

    EUSART1_FramingErrorHandler	PTR FTN()void  size(2) Largest target is 1
		 -> Absolute function(), EUSART1_DefaultFramingErrorHandler(), 

    EUSART1_RxDefaultInterruptHandler	PTR FTN()void  size(2) Largest target is 1
		 -> my_RX_ISR(), Absolute function(), EUSART1_Receive_ISR(), 


Critical Paths under _main in COMRAM

    _SYSTEM_Initialize->_TMR0_Initialize
    _TMR3_Initialize->_TMR3_SetInterruptHandler
    _TMR1_Initialize->_TMR1_SetInterruptHandler
    _TMR0_Initialize->_TMR0_SetInterruptHandler
    _EUSART1_Initialize->_EUSART1_SetErrorHandler
    _EUSART1_Initialize->_EUSART1_SetFramingErrorHandler
    _EUSART1_Initialize->_EUSART1_SetOverrunErrorHandler
    _EUSART1_Initialize->_EUSART1_SetRxInterruptHandler
    _ReceivedFrameChecksum->_strtol
    _strtol->___strtoxl
    ___strtoxl->_isalnum
    _toupper->_islower
    _isalnum->_isalpha
    _TrimFrame->_strlen
    _GetChecksumValue->_strlen
    _memcpy->_strlen
    _AD5593_ADC_read->_AD5593_get_conv_result
    _lock_config_reg->_i2c_driver_read_twobytes
    _AD5593_get_conv_result->_send_string
    _send_string->_strlen
    _i2c_driver_write_pointer_byte->_I2C1_MasterSendTxData
    _i2c_driver_read_2bytes->_I2C1_MasterGetRxData
    _AD5593_ADC_convert->_i2c_driver_write_twobytes
    _xtoa->_pad
    _stoa->_fputc
    _dtoa->_pad
    _pad->_fputs
    _fputs->_fputc
    _abs->___aomod
    _ctoa->_fputc
    _fputc->_putch
    _putch->_EUSART1_Write
    _atoi->___wmul
    _Decode->_get_ID
    _parse_frame_ID->___wmul
    _clear_buffer->_strlen
    _AD5593_init_w_EVREF->_set_ADC_range
    _set_VREF->_i2c_driver_read_twobytes
    _set_ADC_range->_i2c_driver_read_twobytes
    _set_ADC_BUFF->_i2c_driver_read_twobytes
    _ADC_ch_config->_i2c_driver_read_twobytes
    _i2c_driver_write_twobytes->_I2C1_MasterSendTxData
    _i2c_driver_read_twobytes->_I2C1_MasterGetRxData
    _I2C1_MasterGetRxData->_I2C1_MasterSendNack
    _AD5593_reset->_i2c_driver_write_twobytes_noack
    _i2c_driver_write_twobytes_noack->_I2C1_MasterSendTxData

Critical Paths under _INTERRUPT_InterruptManager in COMRAM

    _INTERRUPT_InterruptManager->_my_RX_ISR
    _my_RX_ISR->i2_clear_buffer
    i2_clear_buffer->i2_strlen
    _TMR3_ISR->_TMR3_WriteTimer
    _TMR3_Reload->_TMR3_WriteTimer
    _TMR1_ISR->_TMR1_WriteTimer
    _TMR1_Reload->_TMR1_WriteTimer

Critical Paths under _main in BANK0

    _main->_ReceivedFrameChecksum
    _ReceivedFrameChecksum->_ChecksumCalc
    _strtol->___strtoxl
    _Execute->_ACKframeChecksum
    _ACKframeChecksum->_ChecksumCalc
    _ChecksumCalc->_sprintf
    _sprintf->_vfprintf
    _vfprintf->_vfpfcnvrt
    _vfpfcnvrt->_dtoa
    _vfpfcnvrt->_xtoa

Critical Paths under _INTERRUPT_InterruptManager in BANK0

    None.

Critical Paths under _main in BANK1

    None.

Critical Paths under _INTERRUPT_InterruptManager in BANK1

    None.

Critical Paths under _main in BANK2

    _main->_Execute

Critical Paths under _INTERRUPT_InterruptManager in BANK2

    None.

Critical Paths under _main in BANK3

    None.

Critical Paths under _INTERRUPT_InterruptManager in BANK3

    None.

Critical Paths under _main in BANK4

    None.

Critical Paths under _INTERRUPT_InterruptManager in BANK4

    None.

Critical Paths under _main in BANK5

    None.

Critical Paths under _INTERRUPT_InterruptManager in BANK5

    None.

Critical Paths under _main in BANK6

    None.

Critical Paths under _INTERRUPT_InterruptManager in BANK6

    None.

Critical Paths under _main in BANK7

    None.

Critical Paths under _INTERRUPT_InterruptManager in BANK7

    None.

Critical Paths under _main in BANK8

    None.

Critical Paths under _INTERRUPT_InterruptManager in BANK8

    None.

Critical Paths under _main in BANK9

    None.

Critical Paths under _INTERRUPT_InterruptManager in BANK9

    None.

Critical Paths under _main in BANK10

    None.

Critical Paths under _INTERRUPT_InterruptManager in BANK10

    None.

Critical Paths under _main in BANK11

    None.

Critical Paths under _INTERRUPT_InterruptManager in BANK11

    None.

Critical Paths under _main in BANK12

    None.

Critical Paths under _INTERRUPT_InterruptManager in BANK12

    None.

Critical Paths under _main in BANK13

    None.

Critical Paths under _INTERRUPT_InterruptManager in BANK13

    None.

Critical Paths under _main in BANK14

    None.

Critical Paths under _INTERRUPT_InterruptManager in BANK14

    None.

Critical Paths under _main in BANK15

    None.

Critical Paths under _INTERRUPT_InterruptManager in BANK15

    None.

Call Graph Tables:

 ---------------------------------------------------------------------------------
 (Depth) Function   	        Calls       Base Space   Used Autos Params    Refs
 ---------------------------------------------------------------------------------
 (0) _main                                                 2     2      0  159934
                                            102 BANK0      2     2      0
                _AD5593_init_w_EVREF
                             _Decode *
                  _Destination_Check *
      _EUSART1_SetRxInterruptHandler
                            _Execute *
                               _Idle *
                         _Initialize
                              _Parse *
              _ReceivedFrameChecksum *
                  _SYSTEM_Initialize
           _TMR0_SetInterruptHandler
           _TMR1_SetInterruptHandler
           _TMR3_SetInterruptHandler
                    _i2c_driver_init
 ---------------------------------------------------------------------------------
 (1) _i2c_driver_init                                      0     0      0       0
 ---------------------------------------------------------------------------------
 (1) _SYSTEM_Initialize                                    0     0      0     990
                 _EUSART1_Initialize
               _INTERRUPT_Initialize
              _OSCILLATOR_Initialize
             _PIN_MANAGER_Initialize
                    _TMR0_Initialize
                    _TMR1_Initialize
                    _TMR3_Initialize
 ---------------------------------------------------------------------------------
 (2) _TMR3_Initialize                                      0     0      0     174
           _TMR3_SetInterruptHandler
 ---------------------------------------------------------------------------------
 (1) _TMR3_SetInterruptHandler                             2     0      2     174
                                             21 COMRAM     2     0      2
 ---------------------------------------------------------------------------------
 (2) _TMR1_Initialize                                      0     0      0     174
           _TMR1_SetInterruptHandler
 ---------------------------------------------------------------------------------
 (1) _TMR1_SetInterruptHandler                             2     0      2     174
                                             21 COMRAM     2     0      2
 ---------------------------------------------------------------------------------
 (2) _TMR0_Initialize                                      2     2      0     174
                                             23 COMRAM     2     2      0
           _TMR0_SetInterruptHandler
 ---------------------------------------------------------------------------------
 (1) _TMR0_SetInterruptHandler                             2     0      2     174
                                             21 COMRAM     2     0      2
 ---------------------------------------------------------------------------------
 (2) _PIN_MANAGER_Initialize                               0     0      0       0
 ---------------------------------------------------------------------------------
 (2) _OSCILLATOR_Initialize                                0     0      0       0
 ---------------------------------------------------------------------------------
 (2) _INTERRUPT_Initialize                                 0     0      0       0
 ---------------------------------------------------------------------------------
 (2) _EUSART1_Initialize                                   0     0      0     468
            _EUSART1_SetErrorHandler
     _EUSART1_SetFramingErrorHandler
     _EUSART1_SetOverrunErrorHandler
      _EUSART1_SetRxInterruptHandler
 ---------------------------------------------------------------------------------
 (3) _EUSART1_SetRxInterruptHandler                        2     0      2     174
                                             21 COMRAM     2     0      2
 ---------------------------------------------------------------------------------
 (3) _EUSART1_SetOverrunErrorHandler                       2     0      2      98
                                             21 COMRAM     2     0      2
 ---------------------------------------------------------------------------------
 (3) _EUSART1_SetFramingErrorHandler                       2     0      2      98
                                             21 COMRAM     2     0      2
 ---------------------------------------------------------------------------------
 (3) _EUSART1_SetErrorHandler                              2     0      2      98
                                             21 COMRAM     2     0      2
 ---------------------------------------------------------------------------------
 (1) _ReceivedFrameChecksum                                4     4      0   41171
                                             98 BANK0      4     4      0
                       _ChecksumCalc
                   _GetChecksumValue
                          _TrimFrame
                       _clear_buffer
                             _strtol
 ---------------------------------------------------------------------------------
 (2) _strtol                                               6     0      6    5750
                                             45 COMRAM     6     0      6
                          ___strtoxl
 ---------------------------------------------------------------------------------
 (3) ___strtoxl                                           29    22      7    5117
                                             34 COMRAM    11     4      7
                                              0 BANK0     18    18      0
                             ___lmul
                            _isalnum
                            _isalpha
                            _isdigit
                            _isspace
                            _toupper
 ---------------------------------------------------------------------------------
 (4) _toupper                                              4     2      2     565
                                             25 COMRAM     4     2      2
                            _islower
 ---------------------------------------------------------------------------------
 (5) _islower                                              4     2      2     191
                                             21 COMRAM     4     2      2
 ---------------------------------------------------------------------------------
 (4) _isalnum                                              8     6      2     667
                                             27 COMRAM     7     5      2
                            _isalpha
 ---------------------------------------------------------------------------------
 (4) _isalpha                                              6     4      2     371
                                             21 COMRAM     6     4      2
 ---------------------------------------------------------------------------------
 (4) ___lmul                                              12     4      8     456
                                             21 COMRAM    12     4      8
 ---------------------------------------------------------------------------------
 (2) _TrimFrame                                            6     6      0    1886
                                             25 COMRAM     6     6      0
                             _strlen
 ---------------------------------------------------------------------------------
 (2) _GetChecksumValue                                     6     6      0    1889
                                             25 COMRAM     6     6      0
                             _strlen
 ---------------------------------------------------------------------------------
 (1) _Parse                                                2     2      0      69
                                             21 COMRAM     2     2      0
 ---------------------------------------------------------------------------------
 (1) _Initialize                                           0     0      0       0
 ---------------------------------------------------------------------------------
 (1) _Idle                                                 0     0      0       0
 ---------------------------------------------------------------------------------
 (1) _Execute                                             73    73      0  100584
                                              0 BANK2     73    73      0
                   _ACKframeChecksum
                    _AD5593_ADC_read
                        _TMR0_Reload
                    _TMR0_StartTimer
                     _TMR0_StopTimer
                             _memcpy
                        _send_string
                            _sprintf
                             _strlen
 ---------------------------------------------------------------------------------
 (2) _memcpy                                              11     5      6    1288
                                             25 COMRAM    11     5      6
                             _strlen (ARG)
 ---------------------------------------------------------------------------------
 (2) _TMR0_StopTimer                                       0     0      0       0
 ---------------------------------------------------------------------------------
 (2) _TMR0_StartTimer                                      0     0      0       0
 ---------------------------------------------------------------------------------
 (2) _TMR0_Reload                                          0     0      0       0
 ---------------------------------------------------------------------------------
 (2) _AD5593_ADC_read                                      0     0      0    8097
                 _AD5593_ADC_convert
             _AD5593_get_conv_result
                    _lock_config_reg
 ---------------------------------------------------------------------------------
 (3) _lock_config_reg                                      3     3      0    3168
                                             31 COMRAM     3     3      0
           _i2c_driver_read_twobytes
          _i2c_driver_write_twobytes
 ---------------------------------------------------------------------------------
 (3) _AD5593_get_conv_result                               8     6      2    3303
                                             31 COMRAM     8     6      2
             _i2c_driver_read_2bytes
      _i2c_driver_write_pointer_byte
                        _send_string
 ---------------------------------------------------------------------------------
 (2) _send_string                                          6     4      2    2218
                                             25 COMRAM     6     4      2
                      _EUSART1_Write
                _EUSART1_is_tx_ready
                    _TMR1_StartTimer
                             _strlen
 ---------------------------------------------------------------------------------
 (3) _TMR1_StartTimer                                      0     0      0       0
 ---------------------------------------------------------------------------------
 (3) _EUSART1_is_tx_ready                                  1     1      0      37
                                             21 COMRAM     1     1      0
 ---------------------------------------------------------------------------------
 (4) _i2c_driver_write_pointer_byte                        2     1      1     183
                                             22 COMRAM     2     1      1
                  _I2C1_MasterIsNack
              _I2C1_MasterSendTxData
                   _I2C1_MasterStart
                    _I2C1_MasterStop
 ---------------------------------------------------------------------------------
 (4) _i2c_driver_read_2bytes                               6     4      2     310
                                             24 COMRAM     6     4      2
               _I2C1_MasterGetRxData
                  _I2C1_MasterIsNack
              _I2C1_MasterSendTxData
                   _I2C1_MasterStart
                    _I2C1_MasterStop
 ---------------------------------------------------------------------------------
 (3) _AD5593_ADC_convert                                   4     2      2    1626
                                             26 COMRAM     4     2      2
          _i2c_driver_write_twobytes
 ---------------------------------------------------------------------------------
 (2) _ACKframeChecksum                                     2     0      2   58795
                                             98 BANK0      2     0      2
                       _ChecksumCalc
                       _clear_buffer
                            _sprintf
 ---------------------------------------------------------------------------------
 (2) _ChecksumCalc                                         5     3      2   29193
                                             93 BANK0      5     3      2
                            _sprintf
                             _strlen
 ---------------------------------------------------------------------------------
 (3) _sprintf                                             27    15     12   27065
                                             68 BANK0     25    13     12
                           _vfprintf
 ---------------------------------------------------------------------------------
 (4) _vfprintf                                             8     2      6   24935
                                             60 BANK0      8     2      6
                          _vfpfcnvrt
 ---------------------------------------------------------------------------------
 (5) _vfpfcnvrt                                           27    21      6   24402
                                             35 BANK0     25    19      6
                               _atoi
                               _ctoa
                               _dtoa
                              _fputc
                            _isdigit
                               _stoa
                            _strncmp
                               _xtoa
 ---------------------------------------------------------------------------------
 (6) _xtoa                                                35    25     10    5113
                                              0 BANK0     35    25     10
                                _pad
 ---------------------------------------------------------------------------------
 (6) _strncmp                                             11     5      6     595
                                             21 COMRAM    11     5      6
 ---------------------------------------------------------------------------------
 (6) _stoa                                                22    18      4    4110
                                             32 COMRAM     5     1      4
                                              0 BANK0     17    17      0
                              _fputc
                             _strlen
 ---------------------------------------------------------------------------------
 (6) _dtoa                                                35    25     10    6667
                                              0 BANK0     35    25     10
                            ___aodiv
                            ___aomod
                                _abs
                                _pad
 ---------------------------------------------------------------------------------
 (7) _pad                                                 11     5      6    4367
                                             39 COMRAM    11     5      6
                              _fputc
                              _fputs
 ---------------------------------------------------------------------------------
 (8) _fputs                                                7     3      4    1959
                                             32 COMRAM     7     3      4
                              _fputc
 ---------------------------------------------------------------------------------
 (7) _abs                                                  4     2      2     183
                                             39 COMRAM     4     2      2
                            ___aomod (ARG)
 ---------------------------------------------------------------------------------
 (7) ___aomod                                             18     2     16     613
                                             21 COMRAM    18     2     16
 ---------------------------------------------------------------------------------
 (7) ___aodiv                                             26    10     16     625
                                             21 COMRAM    26    10     16
 ---------------------------------------------------------------------------------
 (6) _ctoa                                                 8     5      3    2020
                                             32 COMRAM     8     5      3
                              _fputc
 ---------------------------------------------------------------------------------
 (9) _fputc                                                9     5      4    1639
                                             23 COMRAM     9     5      4
                              _putch
 ---------------------------------------------------------------------------------
 (10) _putch                                               1     1      0      62
                                             22 COMRAM     1     1      0
                      _EUSART1_Write
 ---------------------------------------------------------------------------------
 (11) _EUSART1_Write                                       1     1      0      31
                                             21 COMRAM     1     1      0
 ---------------------------------------------------------------------------------
 (6) _atoi                                                 9     7      2    2111
                                             27 COMRAM     9     7      2
                             ___wmul
                            _isdigit
                            _isspace
 ---------------------------------------------------------------------------------
 (4) _isspace                                              5     3      2     349
                                             21 COMRAM     5     3      2
 ---------------------------------------------------------------------------------
 (4) _isdigit                                              4     2      2     458
                                             21 COMRAM     4     2      2
 ---------------------------------------------------------------------------------
 (1) _Destination_Check                                    2     2      0       0
                                             21 COMRAM     2     2      0
 ---------------------------------------------------------------------------------
 (1) _Decode                                             202   202      0    3237
                                             39 COMRAM     2     2      0
                       _clear_buffer
                             _get_ID
                     _parse_frame_ID
 ---------------------------------------------------------------------------------
 (2) _parse_frame_ID                                       2     0      2     852
                                             27 COMRAM     2     0      2
                             ___wmul
 ---------------------------------------------------------------------------------
 (7) ___wmul                                               6     2      4     852
                                             21 COMRAM     6     2      4
 ---------------------------------------------------------------------------------
 (2) _get_ID                                              18    16      2       0
                                             21 COMRAM    18    16      2
 ---------------------------------------------------------------------------------
 (2) _clear_buffer                                         4     2      2    2385
                                             25 COMRAM     4     2      2
                             _strlen
 ---------------------------------------------------------------------------------
 (3) _strlen                                               4     2      2    1750
                                             21 COMRAM     4     2      2
 ---------------------------------------------------------------------------------
 (1) _AD5593_init_w_EVREF                                  0     0      0   13187
                       _AD5593_reset
                      _ADC_ch_config
                       _set_ADC_BUFF
                      _set_ADC_range
                           _set_VREF
 ---------------------------------------------------------------------------------
 (2) _set_VREF                                             3     3      0    3168
                                             31 COMRAM     3     3      0
           _i2c_driver_read_twobytes
          _i2c_driver_write_twobytes
 ---------------------------------------------------------------------------------
 (2) _set_ADC_range                                        4     2      2    3379
                                             31 COMRAM     4     2      2
           _i2c_driver_read_twobytes
          _i2c_driver_write_twobytes
 ---------------------------------------------------------------------------------
 (2) _set_ADC_BUFF                                         3     3      0    3168
                                             31 COMRAM     3     3      0
           _i2c_driver_read_twobytes
          _i2c_driver_write_twobytes
 ---------------------------------------------------------------------------------
 (2) _ADC_ch_config                                        2     2      0    3137
                                             31 COMRAM     2     2      0
           _i2c_driver_read_twobytes
          _i2c_driver_write_twobytes
 ---------------------------------------------------------------------------------
 (4) _i2c_driver_write_twobytes                            4     1      3    1235
                                             22 COMRAM     4     1      3
                  _I2C1_MasterIsNack
              _I2C1_MasterSendTxData
                   _I2C1_MasterStart
                    _I2C1_MasterStop
 ---------------------------------------------------------------------------------
 (4) _i2c_driver_read_twobytes                             7     4      3    1902
                                             24 COMRAM     7     4      3
           _I2C1_MasterEnableRestart
               _I2C1_MasterGetRxData
                  _I2C1_MasterIsNack
              _I2C1_MasterSendTxData
                   _I2C1_MasterStart
                    _I2C1_MasterStop
 ---------------------------------------------------------------------------------
 (5) _I2C1_MasterStop                                      0     0      0       0
                      _I2C1_WaitIdle
 ---------------------------------------------------------------------------------
 (5) _I2C1_MasterGetRxData                                 2     2      0      96
                                             22 COMRAM     2     2      0
             _I2C1_MasterIsRxBufFull
                _I2C1_MasterSendNack
                 _I2C1_MasterStartRx
                  _I2C1_MasterStopRx
                      _I2C1_WaitIdle
 ---------------------------------------------------------------------------------
 (6) _I2C1_MasterStopRx                                    0     0      0       0
 ---------------------------------------------------------------------------------
 (6) _I2C1_MasterStartRx                                   0     0      0       0
 ---------------------------------------------------------------------------------
 (6) _I2C1_MasterSendNack                                  1     1      0      31
                                             21 COMRAM     1     1      0
                      _I2C1_WaitIdle
 ---------------------------------------------------------------------------------
 (6) _I2C1_MasterIsRxBufFull                               0     0      0       0
 ---------------------------------------------------------------------------------
 (5) _I2C1_MasterEnableRestart                             0     0      0       0
                      _I2C1_WaitIdle
 ---------------------------------------------------------------------------------
 (2) _AD5593_reset                                         0     0      0     335
    _i2c_driver_write_twobytes_noack
 ---------------------------------------------------------------------------------
 (3) _i2c_driver_write_twobytes_noack                      4     1      3     335
                                             22 COMRAM     4     1      3
                  _I2C1_MasterIsNack
              _I2C1_MasterSendTxData
                   _I2C1_MasterStart
 ---------------------------------------------------------------------------------
 (5) _I2C1_MasterStart                                     0     0      0       0
                      _I2C1_WaitIdle
 ---------------------------------------------------------------------------------
 (5) _I2C1_MasterSendTxData                                1     1      0      31
                                             21 COMRAM     1     1      0
                      _I2C1_WaitIdle
 ---------------------------------------------------------------------------------
 (5) _I2C1_MasterIsNack                                    0     0      0       0
                      _I2C1_WaitIdle
 ---------------------------------------------------------------------------------
 (6) _I2C1_WaitIdle                                        0     0      0       0
 ---------------------------------------------------------------------------------
 Estimated maximum stack depth 11
 ---------------------------------------------------------------------------------
 (Depth) Function   	        Calls       Base Space   Used Autos Params    Refs
 ---------------------------------------------------------------------------------
 (13) _INTERRUPT_InterruptManager                         10    10      0    1439
                                             11 COMRAM    10    10      0
                   Absolute function *
                _EUSART1_Receive_ISR *
                           _TMR0_ISR
                           _TMR1_ISR
                           _TMR3_ISR
                          _my_RX_ISR *
 ---------------------------------------------------------------------------------
 (14) _my_RX_ISR                                           3     3      0     479
                                              8 COMRAM     3     3      0
                       _EUSART1_Read
                    _TMR3_StartTimer
                        _fill_buffer
                     i2_clear_buffer
 ---------------------------------------------------------------------------------
 (15) i2_clear_buffer                                      4     2      2     330
                                              4 COMRAM     4     2      2
                           i2_strlen
 ---------------------------------------------------------------------------------
 (16) i2_strlen                                            4     2      2     165
                                              0 COMRAM     4     2      2
 ---------------------------------------------------------------------------------
 (15) _fill_buffer                                         1     1      0      22
                                              0 COMRAM     1     1      0
 ---------------------------------------------------------------------------------
 (15) _TMR3_StartTimer                                     0     0      0       0
 ---------------------------------------------------------------------------------
 (15) _EUSART1_Read                                        0     0      0       0
 ---------------------------------------------------------------------------------
 (14) _TMR3_ISR                                            0     0      0     480
                   Absolute function *
       _TMR3_DefaultInterruptHandler *
                    _TMR3_WriteTimer
                   _Timer3IntHandler *
 ---------------------------------------------------------------------------------
 (15) _Timer3IntHandler                                    0     0      0     240
                        _TMR3_Reload
                     _TMR3_StopTimer
 ---------------------------------------------------------------------------------
 (16) _TMR3_StopTimer                                      0     0      0       0
 ---------------------------------------------------------------------------------
 (16) _TMR3_Reload                                         0     0      0     240
                    _TMR3_WriteTimer
 ---------------------------------------------------------------------------------
 (17) _TMR3_WriteTimer                                     2     0      2     240
                                              0 COMRAM     2     0      2
 ---------------------------------------------------------------------------------
 (15) _TMR3_DefaultInterruptHandler                        0     0      0       0
 ---------------------------------------------------------------------------------
 (14) _TMR1_ISR                                            0     0      0     480
                   Absolute function *
       _TMR1_DefaultInterruptHandler *
                    _TMR1_WriteTimer
                   _Timer1IntHandler *
 ---------------------------------------------------------------------------------
 (15) _Timer1IntHandler                                    0     0      0     240
                        _TMR1_Reload
                     _TMR1_StopTimer
 ---------------------------------------------------------------------------------
 (16) _TMR1_StopTimer                                      0     0      0       0
 ---------------------------------------------------------------------------------
 (16) _TMR1_Reload                                         0     0      0     240
                    _TMR1_WriteTimer
 ---------------------------------------------------------------------------------
 (17) _TMR1_WriteTimer                                     2     0      2     240
                                              0 COMRAM     2     0      2
 ---------------------------------------------------------------------------------
 (15) _TMR1_DefaultInterruptHandler                        0     0      0       0
 ---------------------------------------------------------------------------------
 (14) _TMR0_ISR                                            0     0      0       0
                   Absolute function *
       _TMR0_DefaultInterruptHandler *
                   _Timer0IntHandler *
 ---------------------------------------------------------------------------------
 (15) _Timer0IntHandler                                    0     0      0       0
 ---------------------------------------------------------------------------------
 (15) _TMR0_DefaultInterruptHandler                        0     0      0       0
 ---------------------------------------------------------------------------------
 (14) _EUSART1_Receive_ISR                                 0     0      0       0
                   Absolute function *
        _EUSART1_DefaultErrorHandler *
 _EUSART1_DefaultFramingErrorHandler *
 _EUSART1_DefaultOverrunErrorHandler *
              _EUSART1_RxDataHandler
 ---------------------------------------------------------------------------------
 (15) _EUSART1_DefaultOverrunErrorHandler                  0     0      0       0
 ---------------------------------------------------------------------------------
 (15) _EUSART1_DefaultFramingErrorHandler                  0     0      0       0
 ---------------------------------------------------------------------------------
 (15) _EUSART1_DefaultErrorHandler                         0     0      0       0
              _EUSART1_RxDataHandler
 ---------------------------------------------------------------------------------
 (15) _EUSART1_RxDataHandler                               0     0      0       0
 ---------------------------------------------------------------------------------
 (15) Absolute function(Fake)                              0     0      0       0
 ---------------------------------------------------------------------------------
 Estimated maximum stack depth 17
 ---------------------------------------------------------------------------------

 Call Graph Graphs:

 _main (ROOT)
   _AD5593_init_w_EVREF
     _AD5593_reset
       _i2c_driver_write_twobytes_noack
         _I2C1_MasterIsNack
           _I2C1_WaitIdle
         _I2C1_MasterSendTxData
           _I2C1_WaitIdle
         _I2C1_MasterStart
           _I2C1_WaitIdle
     _ADC_ch_config
       _i2c_driver_read_twobytes
         _I2C1_MasterEnableRestart
           _I2C1_WaitIdle
         _I2C1_MasterGetRxData
           _I2C1_MasterIsRxBufFull
           _I2C1_MasterSendNack
             _I2C1_WaitIdle
           _I2C1_MasterStartRx
           _I2C1_MasterStopRx
           _I2C1_WaitIdle
         _I2C1_MasterIsNack
         _I2C1_MasterSendTxData
         _I2C1_MasterStart
         _I2C1_MasterStop
           _I2C1_WaitIdle
       _i2c_driver_write_twobytes
         _I2C1_MasterIsNack
         _I2C1_MasterSendTxData
         _I2C1_MasterStart
         _I2C1_MasterStop
     _set_ADC_BUFF
       _i2c_driver_read_twobytes
       _i2c_driver_write_twobytes
     _set_ADC_range
       _i2c_driver_read_twobytes
       _i2c_driver_write_twobytes
     _set_VREF
       _i2c_driver_read_twobytes
       _i2c_driver_write_twobytes
   _Decode *
     _clear_buffer
       _strlen
     _get_ID
     _parse_frame_ID
       ___wmul
   _Destination_Check *
   _EUSART1_SetRxInterruptHandler *
   _Execute *
     _ACKframeChecksum
       _ChecksumCalc
         _sprintf
           _vfprintf
             _vfpfcnvrt
               _atoi
                 ___wmul
                 _isdigit
                 _isspace
               _ctoa
                 _fputc
                   _putch
                     _EUSART1_Write
               _dtoa
                 ___aodiv
                 ___aomod
                 _abs
                   ___aomod (ARG)
                 _pad
                   _fputc
                   _fputs
                     _fputc
               _fputc
               _isdigit
               _stoa
                 _fputc
                 _strlen
               _strncmp
               _xtoa
                 _pad
         _strlen
       _clear_buffer
       _sprintf
     _AD5593_ADC_read
       _AD5593_ADC_convert
         _i2c_driver_write_twobytes
       _AD5593_get_conv_result
         _i2c_driver_read_2bytes
           _I2C1_MasterGetRxData
           _I2C1_MasterIsNack
           _I2C1_MasterSendTxData
           _I2C1_MasterStart
           _I2C1_MasterStop
         _i2c_driver_write_pointer_byte
           _I2C1_MasterIsNack
           _I2C1_MasterSendTxData
           _I2C1_MasterStart
           _I2C1_MasterStop
         _send_string
           _EUSART1_Write
           _EUSART1_is_tx_ready
           _TMR1_StartTimer
           _strlen
       _lock_config_reg
         _i2c_driver_read_twobytes
         _i2c_driver_write_twobytes
     _TMR0_Reload
     _TMR0_StartTimer
     _TMR0_StopTimer
     _memcpy
       _strlen (ARG)
     _send_string
     _sprintf
     _strlen
   _Idle *
   _Initialize *
   _Parse *
   _ReceivedFrameChecksum *
     _ChecksumCalc
     _GetChecksumValue
       _strlen
     _TrimFrame
       _strlen
     _clear_buffer
     _strtol
       ___strtoxl
         ___lmul
         _isalnum
           _isalpha
         _isalpha
         _isdigit
         _isspace
         _toupper
           _islower
   _SYSTEM_Initialize *
     _EUSART1_Initialize
       _EUSART1_SetErrorHandler
       _EUSART1_SetFramingErrorHandler
       _EUSART1_SetOverrunErrorHandler
       _EUSART1_SetRxInterruptHandler
     _INTERRUPT_Initialize
     _OSCILLATOR_Initialize
     _PIN_MANAGER_Initialize
     _TMR0_Initialize
       _TMR0_SetInterruptHandler
     _TMR1_Initialize
       _TMR1_SetInterruptHandler
     _TMR3_Initialize
       _TMR3_SetInterruptHandler
   _TMR0_SetInterruptHandler *
   _TMR1_SetInterruptHandler *
   _TMR3_SetInterruptHandler *
   _i2c_driver_init *

 _INTERRUPT_InterruptManager (ROOT)
   Absolute function(Fake) *
   _EUSART1_Receive_ISR *
     Absolute function(Fake) *
     _EUSART1_DefaultErrorHandler *
       _EUSART1_RxDataHandler
     _EUSART1_DefaultFramingErrorHandler *
     _EUSART1_DefaultOverrunErrorHandler *
     _EUSART1_RxDataHandler *
   _TMR0_ISR *
     Absolute function(Fake) *
     _TMR0_DefaultInterruptHandler *
     _Timer0IntHandler *
   _TMR1_ISR *
     Absolute function(Fake) *
     _TMR1_DefaultInterruptHandler *
     _TMR1_WriteTimer *
     _Timer1IntHandler *
       _TMR1_Reload
         _TMR1_WriteTimer
       _TMR1_StopTimer
   _TMR3_ISR *
     Absolute function(Fake) *
     _TMR3_DefaultInterruptHandler *
     _TMR3_WriteTimer *
     _Timer3IntHandler *
       _TMR3_Reload
         _TMR3_WriteTimer
       _TMR3_StopTimer
   _my_RX_ISR *
     _EUSART1_Read
     _TMR3_StartTimer
     _fill_buffer
     i2_clear_buffer
       i2_strlen

 Address spaces:
Name               Size   Autos  Total    Cost      Usage
BIGRAM             F37      0       0      52        0.0%
EEDATA             400      0       0       0        0.0%
BITBANK14          100      0       0      34        0.0%
BANK14             100      0       0      32        0.0%
BITBANK13          100      0       0      30        0.0%
BANK13             100      0       0      31        0.0%
BITBANK12          100      0       0      28        0.0%
BANK12             100      0       0      29        0.0%
BITBANK11          100      0       0      26        0.0%
BANK11             100      0       0      27        0.0%
BITBANK10          100      0       0      24        0.0%
BANK10             100      0       0      25        0.0%
BITBANK9           100      0       0      22        0.0%
BANK9              100      0       0      23        0.0%
BITBANK8           100      0       0      20        0.0%
BANK8              100      0       0      21        0.0%
BITBANK7           100      0       0      18        0.0%
BANK7              100      0       0      19        0.0%
BITBANK6           100      0       0      16        0.0%
BANK6              100      0       0      17        0.0%
BITBANK5           100      0       0      14        0.0%
BANK5              100      0       0      15        0.0%
BITBANK4           100      0       0      12        0.0%
BANK4              100      0       0      13        0.0%
BITBANK3           100      0       0      10        0.0%
BANK3              100      0       0      11        0.0%
BITBANK2           100      0       0       8        0.0%
BANK2              100     49      49       9       28.5%
BITBANK1           100      0       0       6        0.0%
BANK1              100      0      C0       7       75.0%
BITBANK0            A0      0       0       4        0.0%
BANK0               A0     68      6F       5       69.4%
BITCOMRAM           5E      0       0       0        0.0%
COMRAM              5E     33      49       1       77.7%
BITBANK15           38      0       0      35        0.0%
BANK15              38      0       0      36        0.0%
BITBIGSFRllllhl     24      0       0      51        0.0%
BITBIGSFRhlhhh      19      0       0      38        0.0%
BITBIGSFRlhhhl      13      0       0      41        0.0%
BITBIGSFRllllhh     10      0       0      49        0.0%
BITBIGSFRhh          D      0       0      37        0.0%
BITBIGSFRllllhh      9      0       0      50        0.0%
BITBIGSFRlhhll       9      0       0      43        0.0%
BITBIGSFRllllhh      8      0       0      48        0.0%
BITBIGSFRllhhl       4      0       0      46        0.0%
BITBIGSFRllhll       4      0       0      47        0.0%
BITBIGSFRlhhlhh      3      0       0      42        0.0%
BITBIGSFRllhhh       1      0       0      45        0.0%
BITBIGSFRhlhl        1      0       0      39        0.0%
BITBIGSFRlhl         1      0       0      44        0.0%
BITBIGSFRhll         1      0       0      40        0.0%
BIGSFR               0      0       0     200        0.0%
BITSFR_1             0      0       0     200        0.0%
SFR_1                0      0       0     200        0.0%
BITSFR               0      0       0     200        0.0%
SFR                  0      0       0     200        0.0%
STACK                0      0       0       2        0.0%
NULL                 0      0       0       0        0.0%
ABS                  0      0     1C1      33        0.0%
DATA                 0      0     1C1       3        0.0%
CODE                 0      0       0       0        0.0%


Microchip Technology PIC18 Macro Assembler V2.40 build 20220703182018 
Symbol Table                                                                                   Wed Apr 03 09:31:38 2024

                               i2clear_buffer@i 0007                                ?_AD5593_ADC_read 0001  
                      fill_buffer@received_char 0001                                              l23 4190  
                           ___wmul@multiplicand 0018                                 _timer0ReloadVal 0048  
                                  fp__my_RX_ISR 0000                              _AD5593_ADC_convert 39BC  
                                           l113 3F30                                             l114 3F32  
                                           l300 411A                                             l133 403A  
                                           l109 3730                                             l142 4160  
                                           l136 4048                                             l171 4142  
                                           l228 3BE8                                             l165 4138  
                                           l510 4032                                             l174 4124  
                                           l254 3FEA                                             l504 414C  
                                           l168 412E                                             l177 3016  
                                           l281 4198                                             l257 40BC  
                                           l187 3096                                             l515 2E4A  
                                           l523 382C                                             l284 4194  
                                           l701 4168                                             l189 3098  
                                           l293 4156                                             l541 2C26  
                                           l710 3DE0                                             l278 3D7E  
                                           l527 35BA                                             l704 40E4  
                                           l800 3A04                                             l713 41A4  
                                           l633 3A4C                                             l625 4072  
                                           l722 4086                                             l562 2902  
                                           l810 29D0                                             l571 3366  
                                           l716 41A0                                             l652 311C  
                                           l628 3A08                                             l661 3438  
                                           l725 409A                                             l709 3DD0  
                                           l645 309C                                             l565 3FCC  
                                           l910 3E62                                             l719 401C  
                                           l655 33D4                                             l583 319C  
                                           l559 1D32                                             l816 3EB6  
                                           l673 2E4E                                             l577 3288  
                                           l498 3B62                                             l586 39BA  
                                           l682 349E                                             l851 419C  
                                           l819 2D9C                                             l692 3786  
                                           l940 4106                                             l773 40AE  
                                           l686 34FC                                             l695 4178  
                                           l679 2EEC                                             l783 36D4  
                                           l792 3A94                                             l848 3E8C  
                                           l689 3732                                             l698 4170  
                                           l778 3676                                             l946 3FA8  
                                           l789 32F8                                             l797 3618  
                                           l957 33C0                                             l958 33D0  
                                           l878 4110                                 _timer1ReloadVal 01B4  
                                           _abs 3BEA                                             _pad 319E  
                                           _reg 003A                          __end_of_parse_frame_ID 3FCE  
                                           prod 000FF3                                             tosl 000FFD  
                                           wreg 000FE8                          ?_I2C1_MasterSendTxData 0001  
                                    _TXSTA1bits 000FAC                       ?_I2C1_MasterEnableRestart 0001  
                           ?_AD5593_ADC_convert 001B                                 ??_I2C1_WaitIdle 0016  
                        ChecksumCalc@dataString 00BD                                            ?_abs 0028  
                                          l1060 2346                                            l1073 24AA  
                               _timer3ReloadVal 01B0                                            l1700 1FEC  
                                          l1630 387E                                            l1623 38CE  
                                          l1811 25FE                                            l1707 2684  
                                          l1723 2026                                            l1660 31C0  
                                          l1709 268C                                            l1725 202E  
                                          l1814 3E38                                            l1822 3ADA  
                                          l1670 2F18                                            l1718 2742  
                                          l1910 179A                                            l1911 17E4  
                                          l1808 25F6                                            l1664 3216  
                                          l6000 2720                                            l1737 21BE  
                                          l1674 2F32                                            l6002 2724  
                                          l6010 2018                                            l1851 391E  
                                          l1931 192E                                            l1684 1DD0  
                                          l6020 2076                                            l6012 2056  
                                          l6004 1FEE                                            l1837 2B68  
                                          l1845 3B1E                                            l1757 153E  
                                          l1917 17EE                                            l6110 4076  
                                          l6102 41A2                                            l1678 2F86  
                                          l1686 1DD8                                            l6030 20B6  
                                          l6022 2086                                            l6014 2060  
                                          l6006 1FFC                                            l5230 401E  
                                          l1783 3C20                                            l1687 1E1E  
                                          l1855 282C                                            l1935 19E2  
                                          l6104 4088                                            l6112 4080  
                                          l6040 215C                                            l6032 20BC  
                                          l6024 2096                                            l6016 206A  
                                          l6008 1FFE                                            l6200 14CA  
                                          l6120 107E                                            l5232 401E  
                                          l7000 1CC4                                            l5160 3FD2  
                                          l1865 3DB0                                            l6114 4084  
                                          l6050 24AC                                            l1786 3C28  
                                          l6042 2176                                            l6034 20C2  
                                          l6026 20A2                                            l6018 2070  
                                          l6130 10B0                                            l6122 108A  
                                          l1954 3D10                                            l1962 3CD0  
                                          l5234 402E                                            l5250 37DC  
                                          l7010 1D1A                                            l7002 1CDE  
                                          l5170 3FE6                                            l5162 3FD6  
                                          l1779 37DA                                            l1971 3E0C  
                                          l6108 419E                                            l6060 2518  
                                          l6052 24C0                                            l6044 2190  
                                          l6028 20A6                                            l6036 2120  
                                          l6204 1502                                            l6140 112A  
                                          l6124 108E                                            l6116 104A  
                                          l6300 3074                                            l1948 355C  
                                          l5252 37E0                                            l5260 37FC  
                                          l7012 1D26                                            l7004 1CFC  
                                          l5164 3FDA                                            l5172 4060  
                                          l7100 2FCC                                            l1965 3CD8  
                                          l6062 2520                                            l6038 213E  
                                          l6046 219E                                            l6150 11C0  
                                          l6142 1132                                            l6134 10BC  
                                          l6126 109C                                            l6118 1070  
                                          l6310 386C                                            l6302 382E  
                                          l6230 3F1E                                            l5254 37E8  
                                          l5262 3828                                            l5270 355E  
                                          l7006 1D02                                            l5166 3FDE  
                                          l5158 3FCE                                            l5174 4070  
                                          l7102 2FDC                                            ?_pad 0028  
                                          l6240 4176                                            l6072 2596  
                                          l6064 2528                                            l6056 24C4  
                                          l6160 1262                                            l6144 1140  
                                          l6128 109E                                            l6136 10F2  
                                          l6208 1514                                            l6304 3840  
                                          l6232 3F2C                                            l5176 4144  
                                          l6400 3CA2                                            l5256 37F0  
                                          l5280 35A0                                            l5272 3562  
                                          l7008 1D0E                                            l7016 1D2E  
                                          l5168 3FE2                                            l6242 40DC  
                                          l6330 30A0                                            l6074 25C8  
                                          l6066 255E                                            l6058 24E2  
                                          l6090 2788                                            l6082 2744  
                                          l6170 12C2                                            l6154 11CE  
                                          l6146 1166                                            l6138 1104  
                                          l6306 3848                                            l6322 3A2A  
                                          l6314 3A08                                            l6226 3F0C  
                                          l6402 3CC4                                            l5282 35A6  
                                          l5274 3572                                            l6244 40E0  
                                          l6260 3DB4                                            l6252 4162  
                                          l6340 30DC                                            l6332 30A6  
                                          l6076 25DA                                            l6092 27A6  
                                          l6084 276E                                            l6180 13C2  
                                          l6172 1318                                            l6164 1276  
                                          l6148 11A0                                            l6156 120A  
                                          l6308 3850                                            l6316 3A0C  
                                          l6228 3F10                                            l6236 419A  
                                          l6500 2986                                            l6420 3556  
                                          l6412 34FE                                            l5284 35B6  
                                          l5276 3580                                            l4572 411C  
                                          l4900 3E7C                                            l6246 4006  
                                          l6238 4172                                            l6262 3DBC  
                                          l6254 4166                                            l6350 2E4E  
                                          l6430 3B40                                            l6094 27C4  
                                          l6190 1446                                            l6166 1286  
                                          l6158 1230                                            l6270 3788  
                                          l6326 3A48                                            l6318 3A12  
                                          l7310 29AA                                            l6414 3502  
                                          l6406 34FE                                            l6510 1540  
                                          l5278 3582                                            l4574 4130  
                                          l4830 418E                                            l4590 4112  
                                          l4910 3D6A                                            l4902 3E88  
                                          l6248 400A                                            l6256 416A  
                                          l6264 3DD4                                            l6352 2E52  
                                          l6344 30FA                                            l6336 30BE  
                                          l6328 309C                                            l6424 3B20  
                                          l5800 22DE                                            l6096 27D6  
                                          l6088 277A                                            l6192 147C  
                                          l6176 1348                                            l6168 12A4  
                                          l7312 10E4                                            l6272 3794  
                                          l6440 3328                                            l6432 32FA  
                                          l6504 2996                                            l6280 3CDA  
                                          l6416 3530                                            l6600 1866  
                                          l6520 159A                                            l6512 1556  
                                          l4576 4126                                            l4840 36EC  
                                          l4832 36D6                                            l4912 3D6C  
                                          l4904 3D4A                                            l4592 4108  
                                          l7080 2F88                                            l6258 416E  
                                          l6266 3DD8                                            l6370 2EB2  
                                          l6362 2E8E                                            l6354 2E58  
                                          l6426 3B2C                                            l5730 2AA0  
                                          l5802 22F0                                            l6098 2804  
                                          l6194 14A2                                            l7314 1412  
                                          l6186 13F2                                            l6178 1366  
                                          l6274 37B2                                            l6442 334C  
                                          l6434 3308                                            l6290 301C  
                                          l6418 3552                                            l6610 18E2  
                                          l6602 186A                                            l6530 15E8  
                                          l6522 15AC                                            l6514 155E  
                                          l7306 2BE2                                            l4578 413A  
                                          l4850 3710                                            l4842 36F0  
                                          l4834 36D8                                            l4914 3D6E  
                                          l4906 3D4C                                            l4594 40FE  
                                          l7090 2FB4                                            l7082 2F8C  
                                          l6460 3432                                            l6452 33F6  
                                          l6444 33D4                                            l6372 2EE8  
                                          l6364 2E92                                            l6348 3118  
                                          l6428 3B3C                                            l7316 2548  
                                          l5740 2B22                                            l5732 2AB2  
                                          l5804 22F6                                            l5820 237E  
                                          l5812 2348                                            l6196 14B0  
                                          l6188 1420                                            l6276 37D0  
                                          l6436 3314                                            l6292 301E  
                                          l6700 2D06                                            l6284 3DE2  
                                          l6620 195E                                            l6612 1900  
                                          l6540 163A                                            l6532 15FA  
                                          l6524 15C8                                            l6516 157A  
                                          l7308 3812                                            l4852 372E  
                                          l4844 36F4                                            l4836 36E4  
                                          l4916 3D7A                                            l4908 3D54  
                                          l7092 2FC0                                            l7084 2F90  
                                          l6446 33D8                                            l6366 2E9A  
                                          l6358 2E70                                            l5726 4036  
                                          l5734 2AC4                                            l5910 2F74  
                                          l5902 2F2A                                            l5806 2306  
                                          l5830 23E6                                            l5822 238C  
                                          l5814 234C                                            l5750 3AFE  
                                          l6198 14BA                                            l6438 3324  
                                          l6382 34C2                                            l6374 349E  
                                          l6294 302A                                            l6470 35E8  
                                          l6462 35BE                                            l6710 2D32  
                                          l6702 2D0C                                            l6390 3386  
                                          l6630 19A8                                            l6614 1910  
                                          l6606 1892                                            l6622 1966  
                                          l6550 1686                                            l6542 164E  
                                          l6534 161C                                            l6526 15D8  
                                          l6518 158C                                            l4846 36F8  
                                          l4838 36E8                                            l4870 3BA8  
                                          l7094 2FC2                                            l7086 2F9C  
                                          l6456 3414                                            l6448 33DE  
                                          l6800 32D0                                            l5752 38D0  
                                          l5728 415A                                            l5736 2ACE  
                                          l5904 2F3E                                            l5808 2326  
                                          l5832 23F4                                            l5840 245A  
                                          l5824 23AC                                            l5816 235A  
                                          l5744 3ADC                                            l5920 1D9A  
                                          l5912 1D34                                            l6480 39C0  
                                          l6384 34F8                                            l6376 34A2  
                                          l6296 303E                                            l6288 3018  
                                          l6472 35EE                                            l6464 35D0  
                                          l6720 2D5E                                            l6712 2D38  
                                          l6704 2D18                                            l6392 3396  
                                          l6632 19BA                                            l6624 1976  
                                          l6616 193E                                            l6608 18A2  
                                          l6560 16D8                                            l6552 1698  
                                          l6536 1624                                            l4848 3704  
                                          l4872 3BC0                                            l4880 3E3A  
                                          l7096 2FC4                                            l7088 2FA8  
                                          l6810 3A68                                            l6802 32E6  
                                          l5754 38DC                                            l5762 3F84  
                                          l5738 2AEC                                            l5906 2F52  
                                          l5770 21C4                                            l5842 246A  
                                          l5834 2422                                            l5826 23CA  
                                          l5818 237A                                            l5746 3AE8  
                                          l5850 31AC                                            l5930 1DF0  
                                          l5922 1DA8                                            l5914 1D54  
                                          l6482 39DC                                            l6378 34AA  
                                          l6298 3070                                            l6490 291C  
                                          l6474 35F0                                            l6466 35D4  
                                          l6730 2D8A                                            l6722 2D64  
                                          l6714 2D44                                            l6706 2D1E  
                                          l6650 4196                                            l6394 33A0  
                                          l6386 3368                                            l6634 19C2  
                                          l6626 1986                                            l6618 194E  
                                          l6570 1752                                            l6554 16AC  
                                          l6546 1664                                            l6538 1636  
                                          l4874 3BC2                                            l4890 3E5E  
                                          l4882 3E46                                            l7098 2FC8  
                                          l6812 3A6C                                            l6804 3A4E  
                                          l5756 38E0                                            l5764 3FA0  
                                          l5908 2F56                                            l5780 2224  
                                          l5772 21D2                                            l5844 248A  
                                          l5836 2442                                            l5828 23D2  
                                          l5748 3AFA                                            l5860 3202  
                                          l5852 31B8                                            l5940 1E26  
                                          l5932 1DF6                                            l5924 1DAA  
                                          l5916 1D6A                                            l6484 39F2  
                                          l6492 293E                                            l6476 3606  
                                          l6468 35D8                                            l6732 2D90  
                                          l6724 2D70                                            l6716 2D4A  
                                          l6708 2D2A                                            l6652 4192  
                                          l6740 38A4                                            l6660 3224  
                                          l6388 3378                                            l6396 3CA2  
                                          l6636 19D2                                            l6572 1758  
                                          l6564 16E8                                            l6556 16BE  
                                          l6548 1676                                            l6580 1780  
                                          l6628 1996                                            l6900 2BB0  
                                          l4876 3BE6                                            l4892 3E64  
                                          l4884 3E4E                                            l6814 3A82  
                                          l6806 3A60                                            l6830 3EA0  
                                          l5758 3912                                            l5870 3A96  
                                          l5790 226E                                            l5782 2228  
                                          l5774 21F2                                            l5838 2454  
                                          l5862 3BEA                                            l5854 31CC  
                                          l5950 1EC6                                            l5942 1E30  
                                          l5934 1E06                                            l5926 1DC4  
                                          l5918 1D7A                                            l6750 3988  
                                          l6478 39BC                                            l6494 2950  
                                          l6486 2904                                            l6726 2D76  
                                          l6718 2D56                                            l6654 414E  
                                          l6742 38B0                                            l6734 3880  
                                          l6670 311E                                            l6662 3240  
                                          l6582 1792                                            l6566 1718  
                                          l6558 16D0                                            l6574 1762  
                                          l6902 2BBA                                            l6910 2BCE  
                                          l4878 40B0                                            l4894 3E70  
                                          l4886 3E50                                            l6752 409C  
                                          l6808 3A64                                            l6760 3636  
                                          l6832 3EAC                                            l6824 3E8E  
                                          l4976 282E                                            l5872 3A9A  
                                          l5792 227C                                            l5784 2234  
                                          l5776 21F6                                            l5768 21C0  
                                          l5864 3C04                                            l5856 31E0  
                                          l5848 319E                                            l5960 1F98  
                                          l5944 1E36                                            l5952 1F2A  
                                          l5936 1E12                                            l5928 1DE0  
                                          l6496 2962                                            l6488 290E  
                                          l6728 2D82                                            l6656 4152  
                                          l6736 3894                                            l6744 38B4  
                                          l6680 3158                                            l6672 3122  
                                          l6664 3242                                            l6592 17FE  
                                          l6584 17AA                                            l6576 1766  
                                          l6568 1736                                            l6904 2BC4  
                                          l6912 2C00                                            l4896 3E78  
                                          l4888 3E52                                            l5890 376A  
                                          l5882 3732                                            l6770 367A  
                                          l6762 3646                                            l6754 361C  
                                          l6834 3EB2                                            l6826 3E92  
                                          l5866 3E0E                                            l5874 3AAE  
                                          l5794 228E                                            l5786 2252  
                                          l5778 2204                                            l5858 31E4  
                                          l5954 1F46                                            l5962 1FA6  
                                          l5946 1EB8                                            l5938 1E1A  
                                          l6746 3970                                            l6498 2974  
                                          l6738 38A0                                            l6682 318C  
                                          l6674 3138                                            l6666 3244  
                                          l6658 3218                                            l6594 182E  
                                          l6586 17BC                                            l6578 1778  
                                          l6914 2C08                                            l6930 19EA  
                                          l4898 3E7A                                            l5892 3778  
                                          l5884 3740                                            l6780 36AA  
                                          l6772 368C                                            l6764 364C  
                                          l6756 362E                                            l6828 3E9A  
                                          l5876 3AD0                                            l5796 22BC  
                                          l5788 225A                                            l5964 1FB6  
                                          l5956 1F64                                            l5948 1EC0  
                                          l5980 2636                                            l5972 2600  
                                          l6748 397C                                            l6692 2CE4  
                                          l6676 3154                                            l6668 3278  
                                          l6588 17D0                                            l6684 3D80  
                                          l6916 2C16                                            l6940 1A40  
                                          l6932 19FA                                            l6924 19E4  
                                          l5886 374E                                            l6782 36AC  
                                          l6774 3690                                            l6790 32A0  
                                          l6766 364E                                            l6758 3632  
                                          l5878 3AD4                                            l5894 2EEE  
                                          l5798 22DC                                            l5966 1FBC  
                                          l5958 1F7E                                            l5990 26B4  
                                          l5982 264A                                            l5974 2612  
                                          l6694 2CEA                                            l6678 3156  
                                          l6598 1844                                            l6918 2C22  
                                          l6950 1A68                                            l6942 1A44  
                                          l6934 19FC                                            l5888 375C  
                                          l6784 36C2                                            l6776 3694  
                                          l6792 32A4                                            l6768 3664  
                                          l6688 3FAA                                            l5896 2F00  
                                          l5968 1FCC                                            l5992 26BA  
                                          l5984 2652                                            l5976 261A  
                                          l6696 2CF2                                            l6880 2DEE  
                                          l6960 1ABA                                            l6952 1A78  
                                          l6944 1A56                                            l6936 1A0C  
                                          l6778 36A4                                            l6794 32B6  
                                          l6786 328A                                            l5898 2F0C  
                                          l5994 26D8                                            l5986 2662  
                                          l5978 262E                                            l6698 2CFE  
                                          l6882 2DFC                                            l6890 2B6A  
                                          l6970 1AF0                                            l6954 1A82  
                                          l6946 1A5A                                            l6962 1AC4  
                                          l6938 1A2E                                            l6796 32BC  
                                          l6788 329C                                            l5996 26E4  
                                          l5988 26A0                                            l6884 2E20  
                                          l6876 2D9E                                            l6892 2B72  
                                          l6980 1B78                                            l6972 1B0C  
                                          l6964 1AD4                                            l6956 1A8A  
                                          l6948 1A64                                            l6798 32CE  
                                          l5998 271A                                            l6886 2E3A  
                                          l6878 2DCA                                            l6894 2B7A  
                                          l6990 1C5E                                            l6982 1B7E  
                                          l6974 1B12                                            l6966 1AE4  
                                          l6958 1AA4                                            l6888 2E42  
                                          l6896 2B8A                                            l6984 1BB6  
                                          l6976 1B36                                            l6992 1C68  
                                          l6898 2B9A                                            l6994 1C78  
                                          l6986 1BEE                                            l6978 1B54  
                                          l6996 1C88                                            l6988 1C26  
                                          l6998 1CA2                                            STR_1 1023  
                                          STR_2 103B                                            STR_3 102C  
                                          STR_4 102C                                            STR_5 102C  
                                          STR_6 102C                                            STR_7 1044  
                                          STR_8 1041                                            STR_9 1044  
                                          _LATA 000F89                                            _LATB 000F8A  
                                          _LATC 000F8B                                            u4000 28B2  
                                          _LATD 000F8C                                            _LATE 000F8D  
                                          u4010 28CC                                            u4011 28C6  
                                          u4020 28CE                                            u5000 1E06  
                                          u5001 1E02                                            u5010 1F46  
                                          u5011 1F42                                            u5020 1F64  
                                          u5100 2680                                            u5021 1F60  
                                          u5101 267C                                            u5030 1F7E  
                                          u5110 26D8                                            u5031 1F7A  
                                          u5111 26D4                                            u5040 1F98  
                                          u5120 2706                                            u5200 2176  
                                          u6000 17BC                                            u4240 402E  
                                          u5041 1F94                                            u5201 2172  
                                          u6001 17B8                                            u4241 402A  
                                          u5050 1FA6                                            u5130 2742  
                                          u5210 2190                                            u6010 182E  
                                          u5051 1FA2                                            u5131 273E  
                                          u5211 218C                                            u6011 182A  
                                          u5060 1FB6                                            u5300 27D6  
                                          u5220 219E                                            u5140 1FFC  
                                          u6100 19A8                                            u6020 1866  
                                          u4260 3572                                            u5061 1FB2  
                                          u5301 27D2                                            u5221 219A  
                                          u5141 1FF8                                            u6101 19A4  
                                          u6021 1862                                            u4261 356E  
                                          u5230 24E2                                            u5310 2804  
                                          u5150 2018                                            u6110 19BA  
                                          u6030 188E                                            u5231 24DE  
                                          u5127 26FC                                            u5071 260A  
                                          u5311 2800                                            u5151 2014  
                                          u6111 19B6                                            u6031 188A  
                                          u5320 4098                                            u6200 32CE  
                                          u5240 2514                                            u4600 2AEC  
                                          u5080 262E                                            u5160 2086  
                                          u5400 12A4                                            u6040 18A2  
                                          u5321 4092                                            u6201 32CA  
                                          u5241 2510                                            u4601 2AE8  
                                          u5081 262A                                            u5161 2082  
                                          u5401 12A0                                            u6041 189E  
                                          u5250 25C8                                            u4610 2B22  
                                          u5090 2662                                            u5170 20FA  
                                          u5410 12C2                                            u6050 1900  
                                          u5251 25C4                                            u4611 2B1E  
                                          u5091 265E                                            u5411 12BE  
                                          u6051 18FC                                            u5260 25DA  
                                          u4700 22BC                                            u4620 3B1E  
                                          u5180 213E                                            u5420 1366  
                                          u5340 1070                                            u5500 37D0  
                                          u6140 3278                                            u6060 1910  
                                          u6300 1A40                                            u5261 25D6  
                                          u4701 22B8                                            u4621 3B1A  
                                          u5181 213A                                            u5421 1362  
                                          u5341 106C                                            u5501 37CC  
                                          u6141 3274                                            u6061 190C  
                                          u6301 1A3C                                            u5326 409A  
                                          u4630 3902                                            u4710 2306  
                                          u5270 276E                                            u5190 215C  
                                          u5430 1446                                            u5350 1104  
                                          u6150 318C                                            u5510 3D0A  
                                          u6070 192E                                            u6310 1A56  
                                          u5335 407E                                            u4711 2302  
                                          u5271 276A                                            u5191 2158  
                                          u5175 20E8                                            u5431 1442  
                                          u5351 1100                                            u6151 3188  
                                          u5511 3D04                                            u6071 192A  
                                          u6311 1A52                                            u5336 4080  
                                          u5600 30BA                                            u4640 3912  
                                          u4720 235A                                            u4800 3C04  
                                          u5280 27A6                                            u5440 147C  
                                          u5360 112A                                            u6160 38CE  
                                          u5520 3D0C                                            u6080 1976  
                                          u6320 1A78                                            u5601 30B6  
                                          u4641 390E                                            u4721 2356  
                                          u4801 3C00                                            u5281 27A2  
                                          u5441 1478                                            u5361 1126  
                                          u6161 38CA                                            u6081 1972  
                                          u6321 1A74                                            u5610 30D8  
                                          u6170 3646                                            u3930 283E  
                                          u4810 3E32                                            u4570 4048  
                                          u4650 21D2                                            u4730 238C  
                                          u5290 27C4                                            u5450 14A2  
                                          u5370 1166                                            u5530 3E06  
                                          u6090 1986                                            u6250 2E3A  
                                          u6330 1AD4                                            u5611 30D4  
                                          u6171 3642                                            u3931 2838  
                                          u4811 3E2C                                            u4571 4044  
                                          u4651 21CE                                            u4731 2388  
                                          u5291 27C0                                            u5451 149E  
                                          u5371 1162                                            u5531 3E00  
                                          u6091 1982                                            u6251 2E36  
                                          u6331 1AD0                                            u4900 3786  
                                          u5620 30F6                                            u6180 36A4  
                                          u3940 2840                                            u4820 3E34  
                                          u4580 2AB2                                            u4660 2204  
                                          u4740 23CA                                            u5380 120A  
                                          u5460 3F1E                                            u5540 3E08  
                                          u5700 3CC4                                            u6260 2B8A  
                                          u6340 1AE4                                            u4901 3782  
                                          u5621 30F2                                            u6181 36A0  
                                          u4637 38F8                                            u4581 2AAE  
                                          u4661 2200                                            u4741 23C6  
                                          u5381 1206                                            u5461 3F1A  
                                          u5701 3CC0                                            u6261 2B86  
                                          u6341 1AE0                                            u5630 3114  
                                          u6190 32B6                                            u3950 2866  
                                          u4830 3AAE                                            u4590 2AC4  
                                          u4910 2F00                                            u4750 23F4  
                                          u5390 1230                                            u5470 3F2C  
                                          u5550 303E                                            u5710 3530  
                                          u6270 2B9A                                            u6350 1C78  
                                          i2l31 009E                                            u5631 3110  
                                          u6191 32B2                                            u3951 2860  
                                          u4831 3AAA                                            u4591 2AC0  
                                          u4911 2EFC                                            u4671 222E  
                                          u4751 23F0                                            u5391 122C  
                                          u5471 3F28                                            u5551 303A  
                                          u5711 352C                                            u6271 2B96  
                                          u6351 1C74                                            i2l32 00E6  
                                          u5480 401A                                            u5640 2E6C  
                                          u3960 2868                                            u4840 3AD0  
                                          u4920 2F26                                            u4680 2252  
                                          u4760 2422                                            u5560 306C  
                                          u5720 3552                                            u6280 2BAC  
                                          u6360 1C88                                            i2l33 00C2  
                                          u5481 4014                                            u5641 2E68  
                                          u4841 3ACC                                            u4921 2F22  
                                          u4681 224E                                            u4761 241E  
                                          u5721 354E                                            u6281 2BA8  
                                          u6361 1C84                                            u4850 3740  
                                          u5490 3DD0                                            u5650 2E8A  
                                          u5730 3B62                                            u3970 288E  
                                          u4930 2F74                                            u4690 227C  
                                          u4770 246A                                            u5570 3096  
                                          u5810 157A                                            u6290 1A0C  
                                          u6530 2FDC                                            u4851 373C  
                                          u5491 3DCC                                            u5651 2E86  
                                          u5731 3B5E                                            u3971 2888  
                                          u4931 2F70                                            u4691 2278  
                                          u4771 2466                                            u5571 3092  
                                          u5811 1576                                            u6291 1A08  
                                          u6531 2FD8                                            i2l28 0056  
                                          u4860 374E                                            u5660 2EAE  
                                          u3980 2890                                            u4780 31AC  
                                          u4940 1D66                                            u5740 334C  
                                          u5580 3A26                                            u5900 1698  
                                          u5820 158C                                            u4861 374A  
                                          u5661 2EAA                                            u4781 31A8  
                                          u4941 1D60                                            u5741 3348  
                                          u5581 3A22                                            u5805 2928  
                                          u5901 1694                                            u5821 1588  
                                          i2l38 00E6                                            u4870 375C  
                                          u5486 401C                                            u5750 33F2  
                                          u3990 28B0                                            u4790 3202  
                                          u4950 1D68                                            u5670 34BE  
                                          u5590 3A44                                            u5910 16AC  
                                          u5830 15AC                                            u4871 3758  
                                          u5751 33EE                                            u3991 28AA  
                                          u4791 31FE                                            u5671 34BA  
                                          u5591 3A40                                            u5567 3062  
                                          u6607 2D84                                            u5911 16A8  
                                          u5831 15A8                                            u4880 376A  
                                          u5760 3410                                            u4960 1D7A  
                                          u5680 3386                                            u5920 16BE  
                                          u5840 15C4                                            u4881 3766  
                                          u5761 340C                                            u6617 3E94  
                                          u4961 1D76                                            u5681 3382  
                                          u5921 16BA                                            u5841 15C0  
                                          u4890 3778                                            u5770 342E  
                                          u4970 1DA8                                            u5690 33C0  
                                          u5930 16D0                                            u5850 15FA  
                                          u4891 3774                                            u5771 342A  
                                          u4971 1DA4                                            u5691 33BC  
                                          u5931 16CC                                            u5851 15F6  
                                          u4980 1DC4                                            u5780 35E8  
                                          u5940 1718                                            u5860 161C  
                                          u6548 2FFA                                            u4981 1DC0  
                                          u5781 35E4                                            u5941 1714  
                                          u5861 1618                                            u6549 300E  
                                          u4990 1DF0                                            u5950 1736  
                                          u5870 1636                                            u4991 1DEC  
                                          u6567 2CEC                                            u5951 1732  
                                          u5871 1632                                            u5960 1752  
                                          u5880 1660                                            u6577 2D00  
                                          u5961 174E                                            u5881 165C  
                                          u5794 39D2                                            u5970 1778  
                                          u5890 1676                                            u5795 39CE  
                                          u6587 2D2C                                            u5971 1774  
                                          u5891 1672                                            u5980 1792  
                                          u6597 2D58                                            u5981 178E  
                                          u5990 17AA                                            u5991 17A6  
                                          _TMR1 000FCE                                            _TMR3 000FB2  
                                          _WPUB 000F61                                            _Idle 401E  
                                 _EUSART1_Write 4034                              send_string@message 001A  
                                          abs@a 0028                                            _data 0038  
                                          _dbuf 0130                                            _atoi 24AC  
                                          _ctoa 2EEE                                   ChecksumCalc@i 00C0  
                                          _main 2F88                                            _dtoa 1D34  
                                 ?_EUSART1_Read 0001                                            _prec 0036  
                               _TMR0_StartTimer 4196                               ?_ACKframeChecksum 00C2  
                                          pad@i 002F                                            pad@p 002C  
                                          fsr1h 000FE2                                            fsr2h 000FDA  
                                          indf1 000FE7                                            indf2 000FDF  
                                          fsr1l 000FE1                                            pad@w 0031  
                                          fsr2l 000FD9                                            _stoa 2600  
                                          btemp 004A                                            _xtoa 1FEE  
                                          prodh 000FF4                                            prodl 000FF3  
                                          start 0112                                 __end_of__2xVREF 1003  
                            ??_ACKframeChecksum 0033                                 _TMR3_Initialize 3E3A  
                    ??_TMR1_SetInterruptHandler 0018                  fp__EUSART1_DefaultErrorHandler 0000  
                          ??_AD5593_ADC_convert 001D                                    ___param_bank 000000  
                 AD5593_get_conv_result@channel 0020                                 __end_of_Execute 1D34  
                     ?_i2c_driver_read_twobytes 0019                                           ??_abs 002A  
                                         ??_pad 002E                         __end_of_TMR0_Initialize 3D80  
                ??_TMR0_DefaultInterruptHandler 0001                                           ?_Idle 0001  
                 __end_of_OSCILLATOR_Initialize 40BE                           _eusart1RxStatusBuffer 0114  
                               __end_of___aodiv 2348                                           ?_atoi 001C  
                                         ?_ctoa 0021                                           ?_main 0001  
                                         ?_dtoa 0060                                 __end_of___aomod 24AC  
                                         STR_10 103E                                           STR_11 1047  
                                         STR_12 1032                                           STR_13 1019  
                                         STR_14 1005                                           STR_15 1037  
                                         STR_17 1037                                 _TMR1_StartTimer 419A  
                                         ?_stoa 0021                                           _T0CON 000FD5  
                                         ?_xtoa 0060                                           _T1CON 000FCD  
                                         _T3CON 000FB1                                           i2l130 3EE0  
                                         i2l126 3EB8                                           i2l303 41B6  
                                         i2l153 3F0A                                           i2l162 418C  
                                         i2l156 41B8                                           i2l501 4004  
                                         i2l149 2CE2                                           i2l159 4186  
                                         i2l297 3D48                                           i2l482 4180  
                                         i2l490 40E6                                           i2l492 40F0  
                                         i2l485 40F2                                           i2l469 29D2  
                                         i2l487 40FC                                           i2l479 2A9E  
                                         i2l913 41A8                                           i2l498 3BA6  
                                         i2l924 3F5A                                           i2l916 41AC  
                                         i2l862 3F82                                           i2l854 41B0  
                                         i2l927 40CA                                           i2l943 41B2  
                                         i2l865 40D8                                           i2l881 41B4  
                                         i2l937 3C64                                           i2l875 3CA0  
                                  vfpfcnvrt@fmt 0085                                           _TMR0H 000FD7  
                                         _TMR1H 000FCF                                           _TMR0L 000FD6  
                                         _TMR1L 000FCE                                           _TMR3H 000FB3  
                                         _TMR3L 000FB2                                           _TRISA 000F92  
                                         _TRISB 000F93                                           _TRISC 000F94  
                                         _TRISD 000F95                                           _TRISE 000F96  
                        ??_I2C1_MasterGetRxData 0017                            __end_of_clear_buffer 3B64  
                               ?_parse_frame_ID 001C                                           __VREF 1003  
                           ___lmul@multiplicand 001A                       ?_TMR0_SetInterruptHandler 0016  
                     ?_TMR3_SetInterruptHandler 0016                                           _Parse 355E  
                             ??_I2C1_MasterStop 0016                                __end_of_TMR0_ISR 3D4A  
                              __end_of_TMR1_ISR 3CA2                                __end_of_TMR3_ISR 3C66  
                ??_TMR3_DefaultInterruptHandler 0001                                           _flags 003C  
                                         _errno 0124                                           _fputc 2AA0  
                               __end_of_isalpha 3D12                                           _fputs 3ADC  
                               __end_of_isdigit 3E3A                                 __end_of_isalnum 355E  
                                         atoi@n 0023                                           pad@fp 0028  
                                         atoi@s 001C                                           _width 0034  
                                         ctoa@c 0023                                           _putch 4158  
                                         ctoa@l 0025                                           ctoa@w 0027  
                                         dtoa@d 0062                                           dtoa@i 0081  
                                         dtoa@n 0078                                           dtoa@p 0074  
                                         dtoa@s 0080                                           dtoa@w 0076  
                               __end_of_islower 3E0E                                 __end_of_isspace 3ADC  
                                ?_EUSART1_Write 0001                         __end_of_TMR1_Initialize 3E8E  
                                         pclath 000FFA                                           pclatu 000FFB  
                                         tablat 000FF5                                  ??_EUSART1_Read 0001  
                                         plusw1 000FE3                                           plusw2 000FDB  
                                         stoa@i 0069                                           stoa@l 006D  
                                         stoa@p 006F                                           stoa@s 0023  
                                         stoa@w 0067                                           ttemp5 004B  
                                         ttemp6 004E                                           ttemp7 0052  
                                         status 000FD8                                           wtemp8 004B  
                               __end_of_sprintf 3880                                           xtoa@c 0082  
                                         xtoa@d 0062                                           xtoa@i 0080  
                                         xtoa@n 0078                                           xtoa@p 0074  
                                         xtoa@w 0076                                 __end_of_strncmp 282E  
                               __end_of_toupper 3CDA           fp__EUSART1_DefaultFramingErrorHandler 0000  
    __end_of_EUSART1_DefaultFramingErrorHandler 41BA            ??_EUSART1_DefaultFramingErrorHandler 0001  
           ?_EUSART1_DefaultFramingErrorHandler 0001              _EUSART1_DefaultFramingErrorHandler 41B8  
                               _TMR1_WriteTimer 3F5C           __end_of_i2c_driver_write_pointer_byte 3A4E  
                 _i2c_driver_write_pointer_byte 3A06                                __end_ofi2_strlen 3970  
                                  __end_of_Idle 4034                                 __initialization 343A  
                    i2c_driver_read_2bytes@data 0019                                    __end_of_atoi 2600  
                                  __end_of_ctoa 2F88                      __end_of_EUSART1_Initialize 3732  
                                  __end_of_main 3016                                    __end_of_dtoa 1FEE  
                                  __end_of_stoa 2744                                    __end_of_xtoa 21C0  
                                    _Initialize 4144                     ?_INTERRUPT_InterruptManager 0001  
                             ?_Timer0IntHandler 0001                                          ??_Idle 0016  
                                        ??_atoi 001E                                          ??_ctoa 0024  
                                        ??_main 00C6                                          ??_dtoa 006A  
                      ??_AD5593_get_conv_result 0022                                          ??_stoa 0025  
                          i2clear_buffer@buffer 0005                              ??_Timer0IntHandler 0001  
                                        ??_xtoa 006A                                 _TMR3_StartTimer 41A6  
                                 __activetblptr 000003                           _TMR3_InterruptHandler 01AE  
                               _i2c_driver_init 4060                               ?_Timer1IntHandler 0001  
            i2c_driver_write_twobytes_noack@reg 0017                                          ?_Parse 0001  
                       __end_of_TMR0_StartTimer 419A                              ??_Timer1IntHandler 0003  
                           lock_config_reg@lock 0022                                          ?_fputc 0018  
                                        ?_fputs 0021                                          _ANSELA 000F38  
                                        ?_putch 0001                                          _ANSELB 000F39  
                                        _ANSELC 000F3A                                          _ANSELD 000F3B  
                                        _ANSELE 000F3C                                          _T1GCON 000FCC  
                                        _T3GCON 000FB4                         TMR1_WriteTimer@timerVal 0001  
                       __end_of_TMR3_Initialize 3E64                                          i2l5120 3D30  
                                        i2l5112 3D12                                          i2l5114 3D14  
                                        i2l5130 3C66                                          i2l5122 3C2A  
                                        i2l1851 396E                                          i2l5116 3D18  
                                        i2l5132 3C68                                          i2l5124 3C2C  
                                        i2l5140 2C38                                          i2l5118 3D1C  
                                        i2l4510 3F6C                                          i2l5134 3C74  
                                        i2l5126 3C38                                          i2l5150 2C8C  
                                        i2l5142 2C46                                          i2l4512 3F70  
                                        i2l5136 3C88                                          i2l4520 3F34  
                                        i2l5128 3C4C                                          i2l5152 2CA4  
                                        i2l5144 2C56                                          i2l4514 3F74  
                                        i2l4506 3F5C                                          i2l4522 3F42  
                                        i2l4530 3F52                                          i2l4610 40BE  
                                        i2l5154 2CC0                                          i2l5146 2C6E  
                                        i2l5138 2C28                                          i2l4508 3F6A  
                                        i2l4516 3F7A                                          i2l4604 41AE  
                                        i2l4532 3F56                                          i2l4524 3F44  
                                        i2l5156 2CDE                                          i2l5148 2C7C  
                                        i2l4518 3F7E                                          i2l4606 40CC  
                                        i2l4526 3F48                                          i2l4528 3F4C  
                                        i2l4608 41AA                                          i2l4580 3EE2  
                                        i2l7060 0032                                          i2l4582 3EF2  
                                        i2l7070 0080                                          i2l7062 0040  
                                        i2l4584 3EF4                                          i2l7072 00AC  
                                        i2l7064 004E                                          i2l4586 3F04  
                                        i2l4930 4000                                          i2l7074 00BA  
                                        i2l7066 0064                                          i2l4588 3F08  
                                        i2l4932 417A                                          i2l4940 40EC  
                                        i2l4860 3EDA                                          i2l7076 00D0  
                                        i2l7068 0072                                          i2l4934 40F4  
                                        i2l4862 3EDE                                          i2l4854 3EB8  
                                        i2l4926 41A6                                          i2l7318 2A80  
                                        i2l7078 00DE                                          i2l4936 40F8  
                                        i2l4856 3EC6                                          i2l4928 3FEE  
                                        i2l6640 3920                                          i2l4866 4182  
                                        i2l4938 40E8                                          i2l4858 3ECC  
                                        i2l6642 392C                                          i2l4868 4188  
                                        i2l6644 3930                                          i2l6820 3B80  
                                        i2l6646 3962                                          i2l6822 3B84  
                                        i2l6816 3B64                                          i2l6840 29E2  
                                        i2l6818 3B70                                          i2l6850 2A14  
                                        i2l6842 29EC                                          i2l6860 2A56  
                                        i2l6852 2A1C                                          i2l6844 29F8  
                                        i2l6836 29D4                                          i2l6862 2A5A  
                                        i2l6854 2A3A                                          i2l6846 29FC  
                                        i2l6870 2A6C                                          i2l6838 29D8  
                                        i2l6864 2A60                                          i2l6856 2A3E  
                                        i2l6848 2A0E                                          i2l6866 2A64  
                                        i2l6858 2A44                                    ?_send_string 001A  
                                        _RCREG1 000FAE                                          _RCSTA1 000FAB  
                                        _OSCCON 000FD3                                   vfpfcnvrt@done 008E  
                                        _SPBRG1 000FAF                                          _TXREG1 000FAD  
                                        _TXSTA1 000FAC                               ??_lock_config_reg 0020  
                                        _Decode 2B6A                               ?_I2C1_MasterStart 0001  
                                     ??_Execute 0033                                 _TMR3_WriteTimer 3F34  
                                        Parse@i 0017                   __end_of_ReceivedFrameChecksum 2E4C  
                                  _ChecksumCalc 32FA                               ?_Timer3IntHandler 0001  
                            ??_I2C1_MasterStart 0016            __end_of_TMR1_DefaultInterruptHandler 41B6  
                  _TMR1_DefaultInterruptHandler 41B4                                    ___strtoxl@cp 006F  
                                  vfprintf@cfmt 00A2                                    ?_TMR0_Reload 0001  
                                        ___lmul 3368                         __end_of_TMR1_StartTimer 419E  
                                  ?_TMR1_Reload 0001                                       ??___aodiv 0026  
                                     ??___aomod 0026                                          ___wmul 3F84  
                            ??_Timer3IntHandler 0003                                          _hardID 003D  
                                        _get_ID 282E                                    ?_TMR3_Reload 0001  
                      __end_of_GetChecksumValue 319E                        ?_EUSART1_SetErrorHandler 0016  
                                        _memcpy 3880                                ?_TMR0_Initialize 0001  
                              ___strtoxl@endptr 0025                                          clear_0 3472  
                                        clear_1 348C                      ?_i2c_driver_write_twobytes 0017  
                                        isa$std 000001                                          pad@buf 002A  
              ??_EUSART1_SetOverrunErrorHandler 0018                 ?_EUSART1_SetOverrunErrorHandler 0016  
                                        ctoa@fp 0021                                          dtoa@fp 0060  
                              ___strtoxl@prev_a 0060                                __end_of_set_VREF 3678  
                                        _strlen 38D0                                          _strtol 3D80  
                             GetChecksumValue@i 001F                                          fputc@c 0018  
                                        fputs@c 0025                                          fputs@i 0026  
                                        fputs@s 0021                                       ??_isalpha 0018  
                                     ??_isdigit 0018                                       ??_isalnum 001E  
                     AD5593_ADC_convert@channel 001B                                       ??_islower 0018  
                                  __mediumconst 0000                                       ??_isspace 0018  
                                        tblptrh 000FF7                                          tblptrl 000FF6  
                                        tblptru 000FF8                                          stoa@cp 006B  
                                        stoa@fp 0021                                __end_of_vfprintf 37DC  
                               ??_EUSART1_Write 0016        TMR3_SetInterruptHandler@InterruptHandler 0016  
      TMR1_SetInterruptHandler@InterruptHandler 0016        TMR0_SetInterruptHandler@InterruptHandler 0016  
                                     ??_sprintf 0033                                   ?_set_ADC_BUFF 0001  
                       __end_of_TMR1_WriteTimer 3F84                                          xtoa@fp 0060  
                               _eusart1RxBuffer 011C                                       ??_strncmp 001C  
                                     ??_toupper 001C                                ?_TMR1_Initialize 0001  
                                    TrimFrame@i 001F                               _SYSTEM_Initialize 3FCE  
                                    __accesstop 0060                         __end_of__initialization 3492  
                           my_RX_ISR@frame_char 000B                              ?_SYSTEM_Initialize 0001  
                                 ___rparam_used 000001                   __end_of_EUSART1_RxDataHandler 3F0C  
                                 __end_of__VREF 1005                                  __pcstackCOMRAM 0001  
                                 __end_of_Parse 35BC                                   ?_AD5593_reset 0001  
                                  __pidataBANK0 41BA                                    __pidataBANK1 404A  
                           ??_SYSTEM_Initialize 001A                         __end_of_TMR3_StartTimer 41AA  
              __end_of_I2C1_MasterEnableRestart 4172                i2c_driver_write_twobytes@devaddr 001A  
                                     ?_TMR0_ISR 0001                                       ?_TMR1_ISR 0001  
               fp__TMR1_DefaultInterruptHandler 0000                   ?_TMR1_DefaultInterruptHandler 0001  
                                     ?_TMR3_ISR 0001                                   __end_of_fputc 2B6A  
                                 __end_of_fputs 3B20                         __end_of_i2c_driver_init 4074  
                                   ?_Initialize 0001                                   __end_of_putch 4162  
             __end_of_i2c_driver_write_twobytes 311E                         ??_I2C1_MasterSendTxData 0016  
                          __end_of_EUSART1_Read 3EE2                    i2c_driver_read_twobytes@data 001A  
                   __end_of_EUSART1_Receive_ISR 2CE4                                         ??_Parse 0016  
                                ??_set_ADC_BUFF 0020                                       ?i2_strlen 0001  
                              ?_TMR0_StartTimer 0001                                         ??_fputc 001C  
                     __end_of_SYSTEM_Initialize 3FEC                                         ??_fputs 0025  
                       __end_of_TMR3_WriteTimer 3F5C                                         ??_putch 0017  
                                 _eusart1RxHead 0047                                   _eusart1RxTail 0046  
                                    __pbssBANK0 00C8                                      __pbssBANK1 0100  
               ??_EUSART1_SetRxInterruptHandler 0018                                ?_TMR3_Initialize 0001  
              __end_of_i2c_driver_read_twobytes 2EEE                                      __pnvCOMRAM 0048  
                                       ?_Decode 0001             i2c_driver_write_twobytes_noack@data 0018  
                                  _clear_buffer 3B20                 __end_of_EUSART1_SetErrorHandler 4144  
                                ??_AD5593_reset 001B                               __end_of_TrimFrame 328A  
              __end_of_TMR0_SetInterruptHandler 411C                                         ?___lmul 0016  
              __end_of_TMR3_SetInterruptHandler 4108                                         ?___wmul 0016  
                              ?_TMR1_StartTimer 0001                                      ??_TMR0_ISR 0001  
                                    ??_TMR1_ISR 0003                                      ??_TMR3_ISR 0003  
                                       ?_get_ID 0016                        ??_i2c_driver_read_2bytes 001B  
                               _I2C1_MasterStop 4162                        fp__ReceivedFrameChecksum 0000  
                  i2c_driver_write_twobytes@reg 0017                           ACKframeChecksum@frame 00C2  
                                       ?_memcpy 001A                                ??_parse_frame_ID 001E  
                                ___lmul@product 001E                     i2c_driver_read_twobytes@reg 0019  
                                       ?_strlen 0016          __end_of_EUSART1_SetFramingErrorHandler 413A  
                _EUSART1_SetFramingErrorHandler 4130                                         ?_strtol 002E  
                                 _ADC_ch_config 3A4E                            set_ADC_BUFF@activate 0022  
                  ?_EUSART1_DefaultErrorHandler 0001                               _I2C1_MasterIsNack 4006  
                                       _OSCCON2 000FD2                                         _OSCTUNE 000F9B  
                                       _SPBRGH1 000FB0                                         _SSP2ADD 000F6E  
                                       _SSP2BUF 000F6F                                      ??i2_strlen 0003  
                             __end_of___strtoxl 19E4                              ?_I2C1_MasterIsNack 0001  
                             _I2C1_MasterStopRx 419E                                ?_TMR1_WriteTimer 0001  
                         __end_of_I2C1_WaitIdle 3788                                         __2xVREF 1001  
                            ?_I2C1_MasterStopRx 0001                             ??_I2C1_MasterIsNack 0016  
                        _AD5593_get_conv_result 2904                                         _Execute 19E4  
                                     ?_set_VREF 0001                                _init_buffer_flag 00C8  
                                       __Hparam 0000                             ??_I2C1_MasterStopRx 0016  
                                       __Lparam 0000                                         ___aodiv 21C0  
                                       ___aomod 2348                             ChecksumCalc@xorTemp 00BF  
                              ?_TMR3_StartTimer 0001                                      _realAdress 012C  
                                     ?_vfprintf 009C                                _frame_ready_flag 0041  
                                  __psmallconst 1000                                      _curr_state 0042  
                              ?_i2c_driver_init 0001                                         __pcinit 343A  
                                       __ramtop 1000                             _EUSART1_is_tx_ready 3F0C  
                                ?_ADC_ch_config 0001                                         __ptext0 2F88  
                                       __ptext1 4060                                         __ptext2 3FCE  
                                       __ptext3 3E3A                                         __ptext4 40FE  
                                       __ptext5 3E64                                         __ptext6 4108  
                                       __ptext7 3D4A                                         __ptext8 4112  
                                       __ptext9 3BA8                        _I2C1_MasterEnableRestart 416A  
                                       _command 0040                                         _frameID 003E  
                                     _T0CONbits 000FD5                               _Destination_Check 37DC  
                ??_TMR1_DefaultInterruptHandler 0001                       __end_of_I2C1_MasterIsNack 401E  
                                     _T1CONbits 000FCD                           _OSCILLATOR_Initialize 40B0  
                                       _isalpha 3CDA                                         _isdigit 3E0E  
                                       _isalnum 34FE                                       _T3CONbits 000FB1  
                            ?_Destination_Check 0001                        ??_I2C1_MasterIsRxBufFull 0016  
                            _EUSART1_Initialize 36D6                                         _islower 3DE2  
                      ??_PIN_MANAGER_Initialize 0016                                         _isspace 3A96  
                     ?_TMR1_SetInterruptHandler 0016                               __end_of_my_RX_ISR 2AA0  
                     __end_of_I2C1_MasterStopRx 41A2                                         fp__Idle 0000  
                               _lock_config_reg 35BC                                   _set_ADC_range 328A  
             ReceivedFrameChecksum@hexCRCresult 00C4                   ??_EUSART1_DefaultErrorHandler 0001  
                                       atoi@neg 0021                                         _sprintf 382E  
                                       _strncmp 2744                                         _toupper 3CA2  
                          end_of_initialization 3492                                ?_TMR3_WriteTimer 0001  
                           ??_Destination_Check 0016                             ?_EUSART1_Initialize 0001  
                                     _CRCresult 0197                            ?_EUSART1_is_tx_ready 0001  
                                       memcpy@d 0021                                         memcpy@n 001E  
                                       memcpy@s 0023                                         fputc@fp 001A  
                    __end_of_I2C1_MasterStartRx 41A6                     _EUSART1_OverrunErrorHandler 01BA  
                                       fputs@fp 0023                                      ??_set_VREF 0020  
                       __end_of_I2C1_MasterStop 416A                        Execute@acknowledge_frame 0200  
         __end_of_EUSART1_SetRxInterruptHandler 4126                   _EUSART1_SetRxInterruptHandler 411C  
                      _i2c_driver_read_twobytes 2E4C                               __end_of_vfpfcnvrt 1540  
                                    fp__Execute 0000                                         postdec1 000FE5  
                                       postdec2 000FDD                                         postinc0 000FEE  
                                       postinc1 000FE6                                         postinc2 000FDE  
                          __end_of_set_ADC_BUFF 36D6                                vfpfcnvrt@convarg 0092  
                           _I2C1_MasterSendNack 4074                                      ??_vfprintf 0033  
                          ??_EUSART1_Initialize 0018                               ?_GetChecksumValue 0001  
                     __end_of_Destination_Check 382E                                         strlen@a 0018  
                                       strlen@s 0016                     ??_i2c_driver_write_twobytes 001A  
                                       strtol@s 002E                        _TMR0_SetInterruptHandler 4112  
                                     _PORTAbits 000F80                        _TMR3_SetInterruptHandler 40FE  
                            ??_GetChecksumValue 001A                             _AD5593_init_w_EVREF 3E8E  
                                  _frameAddress 012E               AD5593_get_conv_result@conv_result 0026  
                                ?_set_ADC_range 0020                             _broadcast_test_flag 00CA  
                                  strtol@endptr 0030                            __end_of_AD5593_reset 40B0  
                          ?_I2C1_MasterSendNack 0001                             EUSART1_Write@txData 0016  
                             ??_AD5593_ADC_read 0028                           ??_EUSART1_is_tx_ready 0016  
                            set_ADC_range@range 0020                            ?_AD5593_init_w_EVREF 0001  
                                  _Execute$3424 0247                                    _frame_buffer 0178  
                                  _EUSART1_Read 3EB8                                   ??_fill_buffer 0001  
                                __end_of_Decode 2C28                                  _TMR0_StopTimer 4192  
                         _ReceivedFrameChecksum 2D9E                                  i2_clear_buffer 3B64  
                  __end_of_INTERRUPT_Initialize 4192                                     _add_digit_1 012A  
                                   _add_digit_2 0128                                  __end_of___lmul 33D2  
                                  ??_Initialize 0016                                 ??_ADC_ch_config 0020  
                                   vfpfcnvrt@ap 0087                                     vfpfcnvrt@cp 009A  
                                   vfpfcnvrt@fp 0083                                  __end_of___wmul 3FAA  
                                __end_of_get_ID 2904                                _ACKframeChecksum 3970  
                       __end_of_lock_config_reg 361A                                  _TMR1_StopTimer 41AE  
                                __end_of_memcpy 38D0                          ?_OSCILLATOR_Initialize 0001  
         ReceivedFrameChecksum@hexFrameCheckSum 00C2                           GetChecksumValue@index 001E  
                 __end_of_I2C1_MasterSendTxData 40E6                                  __end_of_strlen 3920  
                                __end_of_strtol 3DB2                             start_initialization 343A  
                                   __end_of_abs 3C2A                                     __end_of_pad 3218  
                         ??_I2C1_MasterSendNack 0016   EUSART1_SetRxInterruptHandler@interruptHandler 0016  
                                   putch@txData 0017                          _i2c_driver_read_2bytes 349C  
                         __end_of_EUSART1_Write 404A                       _i2c_driver_write_twobytes 309A  
                                     i2strlen@a 0003                                       i2strlen@s 0001  
                                  _fullAckFrame 0164                           ??_AD5593_init_w_EVREF 0024  
                                _TMR3_StopTimer 41AA                          fp__EUSART1_Receive_ISR 0000  
                                 clear_buffer@i 001C                              __end_of_Initialize 414E  
                                      ??_Decode 0028                          __end_of_TMR0_StopTimer 4196  
                              ?_I2C1_MasterStop 0001                          __end_ofi2_clear_buffer 3BA8  
                                   ___strtoxl@a 006B                                     ___strtoxl@c 0071  
                                   ___strtoxl@s 0023                                     vfprintf@fmt 009E  
                                      ??___lmul 001E                                        ??___wmul 001A  
                         _EUSART1_RxDataHandler 3EE2                                        ??_get_ID 0018  
                               ___strtoxl@limit 0065                  ?_EUSART1_SetRxInterruptHandler 0016  
                           __end_of_fill_buffer 4006                                     _ADC_result0 01AC  
                        __end_of_TMR1_StopTimer 41B2                                     __pdataBANK0 00CE  
                                   __pdataBANK1 0199                                        ??_memcpy 0020  
                                     _TrimFrame 3218                                        ??_strlen 0018  
                                      ??_strtol 0034                                  _eusart1RxCount 0045  
                               ??_set_ADC_range 0022                   i2c_driver_read_2bytes@devaddr 001E  
                                   __pbssCOMRAM 0034               _EUSART1_RxDefaultInterruptHandler 01BE  
                                 __pcstackBANK0 0060                                   __pcstackBANK2 0200  
                              ___aodiv@dividend 0016                                set_VREF@activate 0022  
                       ?_AD5593_get_conv_result 0020                                _Timer0IntHandler 417A  
                        __end_of_TMR3_StopTimer 41AE                ??_EUSART1_SetFramingErrorHandler 0018  
               ?_EUSART1_SetFramingErrorHandler 0016                                    _isalnum$3075 0022  
                                     ___strtoxl 1540                           _TMR0_InterruptHandler 01B6  
                                     __pnvBANK1 01AE                                        ?_Execute 0001  
                              _Timer1IntHandler 40F2                AD5593_get_conv_result@ch_address 0025  
                               ?_TMR0_StopTimer 0001                          _I2C1_MasterIsRxBufFull 4088  
                        ?_ReceivedFrameChecksum 0001                          _PIN_MANAGER_Initialize 3BA8  
                               ?i2_clear_buffer 0005                                       _dtoa$2894 0072  
                       _EUSART1_is_tx_ready$688 0016                      ??_I2C1_MasterEnableRestart 0016  
                                     __pintcode 0008                __end_of_TMR1_SetInterruptHandler 4112  
                                      ?___aodiv 0016                                        ?___aomod 0016  
                                     __ptext100 3C2A                                       __ptext101 41B2  
                                     __ptext110 40CC                                       __ptext102 40E6  
                              ___aodiv@quotient 0028                                       __ptext111 3F5C  
                                     __ptext103 41AA                                       __ptext112 3D12  
                                     __ptext104 40BE                                       __ptext113 41B6  
                                     __ptext105 3F34                                       __ptext114 417A  
                                     __ptext106 3C66                                       __ptext115 4182  
                                     __ptext107 41B4                                       __ptext116 41B8  
                                     __ptext108 40F2                                       __ptext117 4188  
                                     __ptext109 41AE                                       __ptext118 3EE2  
                                     __ptext119 0000                                 ?_TMR1_StopTimer 0001  
                                    ?_TrimFrame 0001                    ??_INTERRUPT_InterruptManager 000C  
                ?_i2c_driver_write_pointer_byte 0017                                ?_lock_config_reg 0001  
                              _I2C1_MasterStart 4172                   i2c_driver_write_twobytes@data 0018  
       __end_of_i2c_driver_write_twobytes_noack 343A               ??_i2c_driver_write_twobytes_noack 001A  
              ?_i2c_driver_write_twobytes_noack 0017                 _i2c_driver_write_twobytes_noack 33D2  
                                   __smallconst 1000                                        _BAUDCON1 000FB8  
         fp__EUSART1_DefaultOverrunErrorHandler 0000      __end_of_EUSART1_DefaultOverrunErrorHandler 4188  
          ??_EUSART1_DefaultOverrunErrorHandler 0001             ?_EUSART1_DefaultOverrunErrorHandler 0001  
            _EUSART1_DefaultOverrunErrorHandler 4182                                        ?_isalpha 0016  
                                      ?_isdigit 0016                                        ?_isalnum 001C  
                              _Timer3IntHandler 40E6                            _EUSART1_ErrorHandler 01B8  
                                      ?_islower 0016                                        ?_isspace 0016  
                       _EUSART1_SetErrorHandler 413A                  __end_of_AD5593_get_conv_result 29D2  
                                      ?_sprintf 00A4                                       _read_flag 00CC  
                                  _set_ADC_BUFF 3678                                        ?_strncmp 0016  
                    ??_i2c_driver_read_twobytes 001C                                        ?_toupper 001A  
                     I2C1_MasterSendTxData@data 0016                                       _my_RX_ISR 29D2  
                          _INTERRUPT_Initialize 418E                                 ?_TMR3_StopTimer 0001  
                                 ??_send_string 001C                             ___strtoxl@conv_done 0064  
                                    ?___strtoxl 0023                               ??_TMR0_Initialize 0018  
                                ___wmul@product 001A                                     _destination 0043  
       EUSART1_SetErrorHandler@interruptHandler 0016                                        _LATCbits 000F8B  
                                      _LATDbits 000F8C                                        _PIE1bits 000F9D  
                                      _PIE2bits 000FA0                      __end_of_AD5593_ADC_convert 3A06  
                                 ?_ChecksumCalc 00BD                                     _fill_buffer 3FEC  
                                     fp__Decode 0000                    __end_of_I2C1_MasterGetRxData 3DE2  
                                      i2u410_48 3D36                                        i2u411_40 3C4C  
                                      i2u410_49 3D48                                        i2u411_41 3C48  
                                      i2u340_40 3F6A                                        i2u340_41 3F66  
                                      i2u413_40 3C88                                        i2u341_40 3F42  
                                      i2u412_48 3C52                                        i2u420_48 2CC6  
                    ??_TMR0_SetInterruptHandler 0018                                        i2u413_41 3C84  
                                      i2u341_41 3F3E                                        i2u412_49 3C64  
                                      i2u420_49 2CDA                                        i2u414_48 3C8E  
                                      i2u415_40 2C46                                        i2u414_49 3CA0  
                                      i2u415_41 2C42                                        i2u409_40 3D30  
                                      i2u417_40 2C7C                                        i2u416_48 2C5C  
                                      i2u409_41 3D2C                                        i2u417_41 2C78  
                                      i2u416_49 2C6E                                        _PIR1bits 000F9E  
                                      i2u347_40 3F04                                        i2u419_40 2CC0  
                                      i2u418_48 2C92                                        i2u347_41 3F00  
                                      i2u419_41 2CBC                                        i2u418_49 2CA4  
                                      _PIR2bits 000FA1                                        i2u612_40 3952  
                                      i2u612_47 3948                                        i2u613_40 3962  
                                      i2u621_40 3BA6                                        i2u613_41 395E  
                                      i2u621_41 3BA2                                        i2u390_40 3EDA  
                                      i2u622_40 2A0E                                        i2u390_41 3ED6  
                                      i2u622_41 2A0A                                        i2u623_40 2A3A  
                                      i2u623_41 2A36                                        i2u624_40 2A56  
                                      i2u624_41 2A52                      ??_TMR3_SetInterruptHandler 0018  
                                      i2u650_40 00BA                                        i2u650_41 00B6  
                                      i2u651_40 00D0                                        i2u643_40 0040  
                                      i2u651_41 00CC                                        i2u643_41 003C  
                                      i2u652_40 00DE                                        i2u644_40 004E  
                                      i2u652_41 00DA                                        i2u644_41 004A  
                                      i2u389_40 3EC6                                        i2u645_40 0064  
                                      i2u389_41 3EC2                                        i2u645_41 0060  
                                      i2u646_40 0072                                        i2u646_41 006E  
                                      i2u647_40 0080                                        i2u647_41 007C  
                                      i2u649_40 00AC                                        i2u648_48 0086  
                                      i2u649_41 00A8                                        i2u648_49 009A  
                                 ??_TMR0_Reload 0016                                 Execute@data_ch1 021E  
                               Execute@data_ch2 0228                                 Execute@data_ch3 0232  
                               Execute@data_ch4 023C                             ___strtoxl@is_signed 0029  
                        ?_EUSART1_RxDataHandler 0001                                        _RCONbits 000FD0  
                                 ??_TMR1_Reload 0003                                    _AD5593_reset 409C  
                                      _SSP2CON1 000F6C                                        _SSP2CON2 000F6B  
                                      _TMR0_ISR 3D12                                        _TMR1_ISR 3C66  
                                 ??_TMR3_Reload 0003                                        _TMR3_ISR 3C2A  
                                      _SSP2STAT 000F6D                              _I2C1_MasterStartRx 41A2  
                                     _vfpfcnvrt 104A                           I2C1_MasterGetRxData@b 0018  
                                _function_table 0199                                       _xtoa$2914 0072  
                             ??_TMR1_Initialize 0018                                 _AD5593_ADC_read 2CE4  
                             ___wmul@multiplier 0016                              clear_buffer@buffer 001A  
                           ?_I2C1_MasterStartRx 0001                                     _frame_index 0126  
                                      Execute@k 0246                                     _frame_state 0044  
                                  _isspace$2971 001A                                        i2_strlen 3920  
                                    vfpfcnvrt@c 008D                               ___lmul@multiplier 0016  
                                   _INTCON2bits 000FF1                                       copy_data0 344E  
                         ?_INTERRUPT_Initialize 0001                                      ?_my_RX_ISR 0001  
                      __end_of_ACKframeChecksum 39BC                                  ??_ChecksumCalc 0033  
                          ??_I2C1_MasterStartRx 0016                                        __Hrparam 0000  
                                  send_string@i 001E                             __end_of_send_string 309A  
                                     memcpy@tmp 0020                                      vfprintf@ap 00A0  
                                      __Lrparam 0000                                      vfprintf@fp 009C  
                                ___strtoxl@base 0027                                  ___strtoxl@sign 0069  
                                ___strtoxl@skip 006A                                      _ADC_result 018C  
                       ??_OSCILLATOR_Initialize 0016                               ??_TMR0_StartTimer 0016  
                                    ?_vfpfcnvrt 0083                                   _FrameCheckSum 0194  
                                   ??_TrimFrame 001A                                 ___aodiv@divisor 001E  
                             ??_TMR3_Initialize 0018                        _TMR1_SetInterruptHandler 4108  
                           __end_of_TMR0_Reload 4158                                 ___aodiv@counter 0026  
                           __end_of_TMR1_Reload 40DA                           _TMR1_InterruptHandler 01B2  
                     ??_EUSART1_SetErrorHandler 0018             __end_of_EUSART1_DefaultErrorHandler 418E  
                   _EUSART1_DefaultErrorHandler 4188                             __end_of_TMR3_Reload 40CC  
                                    sprintf@fmt 00A6                     __end_of_EUSART1_is_tx_ready 3F34  
                       ?_i2c_driver_read_2bytes 0019            i2c_driver_write_pointer_byte@devaddr 0018  
                                      __ptext10 40B0                                        __ptext11 418E  
                                      __ptext20 37DC                                        __ptext12 36D6  
                                      __ptext21 401E                                        __ptext13 411C  
                                    _T1GCONbits 000FCC                                        __ptext30 3218  
                                      __ptext22 2D9E                                        __ptext14 4126  
                                      __ptext31 311E                                        __ptext23 3D80  
                                      __ptext15 4130                                        __ptext40 3016  
                                      __ptext32 4144                                        __ptext24 1540  
                                      __ptext16 413A                                        __ptext41 419A  
                                      __ptext33 3880                                        __ptext25 3CA2  
                                      __ptext17 19E4                                        __ptext50 104A  
                                      __ptext42 3F0C                                        __ptext34 4192  
                                      __ptext26 3DE2                                        __ptext18 2B6A  
                                      __ptext51 1FEE                                        __ptext43 3A06  
                                      __ptext35 4196                                        __ptext27 34FE  
                                      __ptext19 355E                                        __ptext60 2EEE  
                                      __ptext52 2744                                        __ptext44 349C  
                                      __ptext36 414E                                        __ptext28 3CDA  
                                      __ptext61 2AA0                                        __ptext53 2600  
                                      __ptext45 39BC                                        __ptext37 2CE4  
                                      __ptext29 3368                                        __ptext70 3B20  
                                      __ptext62 4158                                        __ptext54 1D34  
                                      __ptext46 3970                                        __ptext38 35BC  
                                      __ptext71 38D0                                        __ptext63 4034  
                                      __ptext55 319E                                        __ptext47 32FA  
                                      __ptext39 2904                                        __ptext80 3DB2  
                                      __ptext72 3E8E                                        __ptext64 24AC  
                                      __ptext56 3ADC                                        __ptext48 382E  
                                      __ptext81 419E                                        __ptext73 361A  
                                      __ptext65 3A96                                        __ptext57 3BEA  
                                      __ptext49 3788                                        __ptext90 4006  
                                      __ptext82 41A2                                        __ptext74 328A  
                                      __ptext66 3E0E                                        __ptext58 2348  
                                      __ptext91 3732                                        __ptext83 4074  
                                      __ptext75 3678                                        __ptext67 3FAA  
                                      __ptext59 21C0                                        __ptext84 4088  
                                      __ptext76 3A4E                                        __ptext68 3F84  
                                      __ptext93 2C28                                        __ptext85 416A  
                                      __ptext77 309A                                        __ptext69 282E  
                                      __ptext94 29D2                                        __ptext86 409C  
                                      __ptext78 2E4C                                        __ptext95 3B64  
                                      __ptext87 33D2                                        __ptext79 4162  
                                      __ptext96 3920                                        __ptext88 4172  
                                      __ptext97 3FEC                                        __ptext89 40DA  
                                      __ptext98 41A6                                        __ptext99 3EB8  
                                      _get_flag 00CB                                    _SSP2CON1bits 000F6C  
                                  _SSP2CON2bits 000F6B                               ??_TMR1_StartTimer 0016  
                                    _T3GCONbits 000FB4                         TMR3_WriteTimer@timerVal 0001  
                          fp__Destination_Check 0000                                   _I2C1_WaitIdle 3732  
                                   ??___strtoxl 002A            i2c_driver_write_pointer_byte@pointer 0017  
                              _prev_destination 00CE                             fp__Timer0IntHandler 0000  
          __end_of_TMR0_DefaultInterruptHandler 41B8                    _TMR0_DefaultInterruptHandler 41B6  
                                      _set_VREF 361A                                   ?_clear_buffer 001A  
                        I2C1_MasterSendNack@ack 0016                                        fp__Parse 0000  
                                     stoa@F1157 01A5  EUSART1_SetOverrunErrorHandler@interruptHandler 0016  
                                      isa$xinst 000000                         __end_of_AD5593_ADC_read 2D9E  
                           fp__Timer1IntHandler 0000                                        int$flags 004A  
                                    strtol@base 0032                                        _vfprintf 3788  
                      __end_of_Timer0IntHandler 4182              __end_of_INTERRUPT_InterruptManager 0112  
                    _INTERRUPT_InterruptManager 0008                               ??_TMR1_WriteTimer 0003  
          __end_of_TMR3_DefaultInterruptHandler 41B4                    _TMR3_DefaultInterruptHandler 41B2  
                   _EUSART1_FramingErrorHandler 01BC                             _EUSART1_Receive_ISR 2C28  
                                  _SSP2STATbits 000F6D                           __end_of_ADC_ch_config 3A96  
                              ___aomod@dividend 0016                     __end_of_I2C1_MasterSendNack 4088  
                __end_of_i2c_driver_read_2bytes 34FE                                  _vfpfcnvrt$2934 0090  
                                    _INTCONbits 000FF2                        __end_of_Timer1IntHandler 40FE  
                                      memcpy@d1 001A                                        memcpy@s1 001C  
                          _I2C1_MasterGetRxData 3DB2                           _I2C1_MasterSendTxData 40DA  
                   __end_of_AD5593_init_w_EVREF 3EB8                                        isalpha@c 0016  
                                      isdigit@c 0016                          ??_INTERRUPT_Initialize 0016  
                                      isalnum@c 001C                             fp__Timer3IntHandler 0000  
                                ?_I2C1_WaitIdle 0001                                     ??_my_RX_ISR 0009  
                             ??_TMR3_StartTimer 0001                                        intlevel2 0000  
                                     sprintf@ap 00B0                                ??_TMR0_StopTimer 0016  
                                   _send_string 3016                            ?_EUSART1_Receive_ISR 0001  
                              ??i2_clear_buffer 0007                               ??_i2c_driver_init 0016  
                               _TrimmedAckFrame 0100                                        islower@c 0016  
                       ?_I2C1_MasterIsRxBufFull 0001                                        isspace@c 0016  
                       ??_ReceivedFrameChecksum 0034                         ?_PIN_MANAGER_Initialize 0001  
                      __end_of_I2C1_MasterStart 417A                                  ??_clear_buffer 001C  
        __end_of_EUSART1_SetOverrunErrorHandler 4130                  _EUSART1_SetOverrunErrorHandler 4126  
                                    _RCSTA1bits 000FAB                        __end_of_Timer3IntHandler 40F2  
                                     strncmp@_l 0016                                       strncmp@_r 0018  
                              ??_TMR1_StopTimer 0001                 fp__TMR0_DefaultInterruptHandler 0000  
                 ?_TMR0_DefaultInterruptHandler 0001                                     _TMR0_Reload 414E  
                                   _TMR1_Reload 40CC                                     _timer0_flag 00C9  
EUSART1_SetFramingErrorHandler@interruptHandler 0016                                     _TMR3_Reload 40BE  
                               ___aomod@divisor 001E                                     ??_vfpfcnvrt 0089  
                                      stoa@nuls 0060                                 ___aomod@counter 0026  
                             ??_TMR3_WriteTimer 0003                                   _command_index 003F  
               i2c_driver_read_twobytes@devaddr 001F                              _eusart1RxLastError 00CD  
                                      sprintf@f 00B2                                        sprintf@s 00A4  
               fp__TMR3_DefaultInterruptHandler 0000                   ?_TMR3_DefaultInterruptHandler 0001  
                          __end_of_ChecksumCalc 3368                                 _TMR0_Initialize 3D4A  
                              ??_TMR3_StopTimer 0001                                        strncmp@l 001D  
                                      strncmp@n 001A                                        strncmp@r 001F  
                                      toupper@c 001A                           __end_of_set_ADC_range 32FA  
                         ?_I2C1_MasterGetRxData 0001                                  _parse_frame_ID 3FAA  
                              _GetChecksumValue 311E                                  TrimFrame@index 001E  
                                  ___aodiv@sign 0027                  __end_of_I2C1_MasterIsRxBufFull 409C  
                         ??_EUSART1_Receive_ISR 0001                  __end_of_PIN_MANAGER_Initialize 3BEA  
               ??_i2c_driver_write_pointer_byte 0018          i2c_driver_write_twobytes_noack@devaddr 001A  
                       ??_EUSART1_RxDataHandler 0001                         I2C1_MasterGetRxData@ack 0017  
                                  ?_fill_buffer 0001                                    _TrimmedFrame 0150  
                                  ___aomod@sign 0027                                 _TMR1_Initialize 3E64  
